epoca,w1_0,w1_1,w1_2,w1_3,w1_4,w1_5,w1_6,w1_7,w1_8,w1_9,w1_10,w1_11,w1_12,w1_13,w1_14,w2_0,w2_1,w2_2,w2_3,w2_4,w2_5,w2_6,w2_7,w2_8,w2_9,b1_0,b1_1,b1_2,b1_3,b1_4,b2_0,b2_1
1.000000,0.082156,0.022264,0.085914,0.047986,0.033685,0.060485,0.049092,0.099988,0.063985,-0.010929,0.073364,0.064616,0.087922,0.021045,-0.010131,-0.047900,0.109401,-0.031872,0.066811,-0.030025,0.039821,0.044413,0.059753,0.064508,0.065725,0.000263,0.000659,0.001681,0.001113,-0.000275,-0.030660,0.000735
2.000000,0.088206,0.028658,0.088090,0.044512,0.019817,0.066535,0.055529,0.102182,0.060666,-0.024504,0.079703,0.071194,0.090227,0.017698,-0.023773,-0.084371,0.131576,-0.061461,0.083522,-0.068141,0.062710,0.017003,0.074343,0.062467,0.058352,-0.000579,0.000821,0.002154,0.001783,-0.000642,-0.042554,-0.006347
3.000000,0.093718,0.036805,0.089576,0.044664,0.004598,0.072010,0.063669,0.103673,0.060937,-0.039410,0.085616,0.079600,0.091965,0.018035,-0.038756,-0.112130,0.150425,-0.084903,0.098827,-0.096379,0.081575,-0.001493,0.085102,0.073783,0.041961,-0.002538,0.000319,0.001526,0.002106,-0.000991,-0.042248,-0.018273
4.000000,0.097971,0.044719,0.090297,0.047270,-0.012558,0.076203,0.071544,0.104390,0.063627,-0.056215,0.090364,0.087851,0.093037,0.020866,-0.055705,-0.133830,0.166817,-0.104299,0.113282,-0.117982,0.097659,-0.015084,0.094126,0.095046,0.018088,-0.005496,-0.000930,-0.000033,0.002140,-0.000984,-0.033923,-0.033469
5.000000,0.100966,0.051458,0.090415,0.051378,-0.029521,0.079118,0.078229,0.104494,0.067791,-0.072802,0.093928,0.095004,0.093583,0.025232,-0.072549,-0.151267,0.181258,-0.120657,0.126798,-0.135089,0.111676,-0.026074,0.102517,0.122902,-0.011074,-0.009301,-0.002926,-0.002364,0.001899,-0.000082,-0.020231,-0.051063
6.000000,0.102963,0.056785,0.090150,0.056278,-0.043870,0.081017,0.083494,0.104208,0.072724,-0.086784,0.096556,0.100815,0.093810,0.030420,-0.086925,-0.165771,0.194138,-0.134699,0.139278,-0.149185,0.124108,-0.035770,0.110777,0.154120,-0.042967,-0.013814,-0.005612,-0.005338,0.001374,0.002163,-0.002967,-0.070489
7.000000,0.104271,0.060821,0.089716,0.061458,-0.054746,0.082212,0.087463,0.103741,0.077918,-0.097310,0.098545,0.105399,0.093918,0.035915,-0.097993,-0.178335,0.205828,-0.147057,0.150785,-0.161327,0.135357,-0.044890,0.119106,0.186609,-0.075843,-0.018924,-0.008910,-0.008854,0.000542,0.005920,0.016616,-0.091290
8.000000,0.105158,0.063817,0.089278,0.066555,-0.062520,0.082969,0.090387,0.103258,0.083016,-0.104745,0.100154,0.108995,0.094064,0.041356,-0.106118,-0.189669,0.216670,-0.158253,0.161496,-0.172239,0.145767,-0.053793,0.127552,0.219432,-0.108923,-0.024546,-0.012743,-0.012839,-0.000618,0.011175,0.037664,-0.113072
9.000000,0.105816,0.066028,0.088941,0.071331,-0.067991,0.083480,0.092521,0.102865,0.087780,-0.109861,0.101570,0.111854,0.094348,0.046503,-0.112079,-0.200254,0.226947,-0.168680,0.171619,-0.182401,0.155616,-0.062631,0.136098,0.252288,-0.141978,-0.030621,-0.017052,-0.017239,-0.002125,0.017858,0.059606,-0.135514
10.000000,0.106372,0.067675,0.088761,0.075645,-0.071949,0.083872,0.094084,0.102613,0.092073,-0.113423,0.102916,0.114190,0.094821,0.051215,-0.116644,-0.210404,0.236878,-0.178621,0.181342,-0.192121,0.165113,-0.071454,0.144708,0.285136,-0.174999,-0.037110,-0.021790,-0.022021,-0.003989,0.025904,0.082071,-0.158368
11.000000,0.106899,0.068933,0.088749,0.079433,-0.075017,0.084216,0.095247,0.102515,0.095831,-0.116028,0.104261,0.116172,0.095491,0.055428,-0.120419,-0.220321,0.246621,-0.188268,0.190815,-0.201593,0.174406,-0.080264,0.153345,0.318013,-0.208042,-0.043987,-0.026925,-0.027163,-0.006214,0.035265,0.104821,-0.181454
12.000000,0.107433,0.069928,0.088894,0.082685,-0.077625,0.084546,0.096136,0.102557,0.099045,-0.118079,0.105639,0.117925,0.096345,0.059130,-0.123815,-0.230129,0.256282,-0.197747,0.200144,-0.210936,0.183597,-0.089048,0.161980,0.350970,-0.241164,-0.051235,-0.032434,-0.032651,-0.008799,0.045912,0.127707,-0.204646
13.000000,0.107988,0.070754,0.089168,0.085429,-0.080027,0.084875,0.096842,0.102711,0.101743,-0.119811,0.107061,0.119538,0.097352,0.062349,-0.127074,-0.239904,0.265931,-0.207137,0.209406,-0.220219,0.192750,-0.097794,0.170595,0.384050,-0.274412,-0.058845,-0.038302,-0.038478,-0.011738,0.057830,0.150638,-0.227863
14.000000,0.108567,0.071472,0.089543,0.087713,-0.082359,0.085205,0.097424,0.102947,0.103975,-0.121338,0.108530,0.121071,0.098484,0.065133,-0.130317,-0.249691,0.275613,-0.216490,0.218650,-0.229485,0.201906,-0.106496,0.179184,0.417284,-0.307819,-0.066811,-0.044518,-0.044638,-0.015024,0.071011,0.173555,-0.251048
15.000000,0.109167,0.072124,0.089991,0.089600,-0.084686,0.085533,0.097924,0.103238,0.105801,-0.122706,0.110041,0.122564,0.099711,0.067543,-0.133597,-0.259521,0.285356,-0.225840,0.227909,-0.238762,0.211091,-0.115153,0.187744,0.450696,-0.341410,-0.075130,-0.051075,-0.051129,-0.018649,0.085453,0.196419,-0.274165
16.000000,0.109786,0.072738,0.090492,0.091154,-0.087037,0.085854,0.098366,0.103560,0.107285,-0.123928,0.111590,0.124042,0.101011,0.069643,-0.136933,-0.269414,0.295180,-0.235210,0.237206,-0.248068,0.220323,-0.123771,0.196281,0.484304,-0.375206,-0.083798,-0.057967,-0.057948,-0.022603,0.101156,0.219203,-0.297188
17.000000,0.110420,0.073332,0.091028,0.092439,-0.089428,0.086163,0.098768,0.103896,0.108490,-0.125001,0.113172,0.125522,0.102366,0.071494,-0.140330,-0.279385,0.305098,-0.244619,0.246556,-0.257417,0.229612,-0.132361,0.204803,0.518124,-0.409224,-0.092813,-0.065190,-0.065092,-0.026879,0.118119,0.241883,-0.320096
18.000000,0.111068,0.073917,0.091588,0.093513,-0.091869,0.086457,0.099137,0.104234,0.109471,-0.125920,0.114784,0.127012,0.103763,0.073153,-0.143785,-0.289446,0.315120,-0.254080,0.255972,-0.266820,0.238969,-0.140933,0.213320,0.552170,-0.443479,-0.102172,-0.072739,-0.072559,-0.031468,0.136339,0.264438,-0.342872
19.000000,0.111729,0.074498,0.092164,0.094424,-0.094368,0.086733,0.099480,0.104565,0.110279,-0.126676,0.116423,0.128516,0.105193,0.074669,-0.147297,-0.299607,0.325253,-0.263602,0.265460,-0.276286,0.248400,-0.149500,0.221840,0.586452,-0.477985,-0.111874,-0.080611,-0.080346,-0.036362,0.155813,0.286851,-0.365502
20.000000,0.112400,0.075079,0.092753,0.095215,-0.096931,0.086989,0.099797,0.104882,0.110952,-0.127262,0.118085,0.130037,0.106649,0.076082,-0.150863,-0.309875,0.335502,-0.273194,0.275027,-0.285822,0.257909,-0.158070,0.230371,0.620979,-0.512750,-0.121914,-0.088801,-0.088448,-0.041554,0.176533,0.309105,-0.387972
21.000000,0.113081,0.075662,0.093350,0.095919,-0.099566,0.087223,0.100091,0.105182,0.111523,-0.127673,0.119767,0.131575,0.108127,0.077424,-0.154478,-0.320254,0.345871,-0.282862,0.284676,-0.295432,0.267500,-0.166653,0.238921,0.655756,-0.547783,-0.132289,-0.097306,-0.096864,-0.047037,0.198491,0.331185,-0.410270
22.000000,0.113772,0.076249,0.093953,0.096560,-0.102277,0.087432,0.100360,0.105461,0.112016,-0.127904,0.121468,0.133127,0.109623,0.078718,-0.158139,-0.330748,0.356362,-0.292610,0.294411,-0.305121,0.277175,-0.175255,0.247495,0.690784,-0.583087,-0.142996,-0.106121,-0.105587,-0.052804,0.221671,0.353076,-0.432384
23.000000,0.114472,0.076839,0.094562,0.097158,-0.105067,0.087616,0.100603,0.105717,0.112449,-0.127950,0.123185,0.134693,0.111134,0.079981,-0.161842,-0.341359,0.366975,-0.302440,0.304233,-0.314892,0.286936,-0.183882,0.256098,0.726063,-0.618662,-0.154028,-0.115241,-0.114613,-0.058849,0.246057,0.374764,-0.454300
24.000000,0.115180,0.077432,0.095174,0.097726,-0.107938,0.087772,0.100821,0.105948,0.112834,-0.127810,0.124913,0.136270,0.112656,0.081225,-0.165583,-0.352089,0.377711,-0.312353,0.314143,-0.324745,0.296784,-0.192539,0.264731,0.761586,-0.654504,-0.165380,-0.124660,-0.123936,-0.065165,0.271624,0.396234,-0.476007
25.000000,0.115896,0.078029,0.095790,0.098273,-0.110891,0.087901,0.101012,0.106153,0.113180,-0.127484,0.126651,0.137855,0.114186,0.082458,-0.169356,-0.362936,0.388569,-0.322351,0.324140,-0.334680,0.306718,-0.201226,0.273397,0.797345,-0.690605,-0.177046,-0.134371,-0.133550,-0.071745,0.298346,0.417473,-0.497490
26.000000,0.116617,0.078627,0.096408,0.098804,-0.113923,0.088000,0.101175,0.106331,0.113493,-0.126976,0.128396,0.139446,0.115723,0.083684,-0.173157,-0.373898,0.399547,-0.332431,0.334223,-0.344698,0.316736,-0.209945,0.282098,0.833327,-0.726953,-0.189017,-0.144366,-0.143447,-0.078581,0.326188,0.438468,-0.518739
27.000000,0.117344,0.079227,0.097027,0.099322,-0.117031,0.088071,0.101311,0.106481,0.113776,-0.126290,0.130143,0.141040,0.117262,0.084904,-0.176980,-0.384972,0.410641,-0.342592,0.344390,-0.354794,0.326837,-0.218696,0.290831,0.869515,-0.763532,-0.201284,-0.154639,-0.153619,-0.085666,0.355112,0.459206,-0.539740
28.000000,0.118074,0.079827,0.097646,0.099831,-0.120208,0.088112,0.101418,0.106604,0.114030,-0.125434,0.131889,0.142632,0.118800,0.086120,-0.180820,-0.396154,0.421847,-0.352829,0.354636,-0.364966,0.337017,-0.227476,0.299596,0.905889,-0.800323,-0.213839,-0.165179,-0.164057,-0.092991,0.385072,0.479675,-0.560481
29.000000,0.118806,0.080426,0.098263,0.100329,-0.123447,0.088124,0.101496,0.106698,0.114259,-0.124419,0.133630,0.144220,0.120335,0.087328,-0.184669,-0.407437,0.433159,-0.363138,0.364959,-0.375209,0.347272,-0.236284,0.308391,0.942428,-0.837304,-0.226670,-0.175976,-0.174751,-0.100548,0.416020,0.499865,-0.580952
30.000000,0.119537,0.081022,0.098876,0.100817,-0.126739,0.088108,0.101547,0.106764,0.114461,-0.123259,0.135362,0.145800,0.121862,0.088529,-0.188522,-0.418814,0.444569,-0.373513,0.375351,-0.385517,0.357595,-0.245115,0.317211,0.979106,-0.874451,-0.239765,-0.187020,-0.185690,-0.108327,0.447900,0.519765,-0.601142
31.000000,0.120266,0.081613,0.099484,0.101293,-0.130075,0.088064,0.101570,0.106802,0.114638,-0.121969,0.137080,0.147367,0.123377,0.089719,-0.192370,-0.430276,0.456070,-0.383946,0.385805,-0.395882,0.367980,-0.253963,0.326052,1.015899,-0.911735,-0.253111,-0.198299,-0.196863,-0.116319,0.480653,0.539367,-0.621041
32.000000,0.120989,0.082198,0.100084,0.101757,-0.133442,0.087994,0.101566,0.106815,0.114791,-0.120567,0.138781,0.148917,0.124877,0.090895,-0.196206,-0.441812,0.467652,-0.394429,0.396314,-0.406296,0.378419,-0.262824,0.334908,1.052778,-0.949131,-0.266695,-0.209801,-0.208258,-0.124512,0.514217,0.558664,-0.640640
33.000000,0.121704,0.082774,0.100675,0.102207,-0.136831,0.087899,0.101538,0.106802,0.114920,-0.119071,0.140460,0.150448,0.126357,0.092056,-0.200023,-0.453413,0.479304,-0.404952,0.406869,-0.416751,0.388903,-0.271690,0.343772,1.089716,-0.986607,-0.280502,-0.221512,-0.219861,-0.132896,0.548526,0.577648,-0.659934
34.000000,0.122409,0.083339,0.101254,0.102641,-0.140228,0.087783,0.101486,0.106765,0.115026,-0.117503,0.142112,0.151954,0.127815,0.093197,-0.203809,-0.465066,0.491014,-0.415506,0.417459,-0.427235,0.399421,-0.280553,0.352638,1.126685,-1.024136,-0.294517,-0.233419,-0.231660,-0.141459,0.583513,0.596316,-0.678915
35.000000,0.123100,0.083891,0.101818,0.103058,-0.143622,0.087648,0.101413,0.106707,0.115112,-0.115883,0.143733,0.153431,0.129246,0.094315,-0.207558,-0.476759,0.502770,-0.426079,0.428074,-0.437738,0.409965,-0.289405,0.361497,1.163656,-1.061686,-0.308724,-0.245508,-0.243639,-0.150189,0.619108,0.614663,-0.697579
36.000000,0.123775,0.084427,0.102367,0.103456,-0.147003,0.087497,0.101321,0.106630,0.115177,-0.114232,0.145319,0.154876,0.130646,0.095409,-0.211258,-0.488479,0.514559,-0.436661,0.438703,-0.448250,0.420522,-0.298238,0.370341,1.200603,-1.099230,-0.323106,-0.257764,-0.255784,-0.159073,0.655243,0.632686,-0.715922
37.000000,0.124431,0.084947,0.102897,0.103833,-0.150360,0.087334,0.101214,0.106538,0.115225,-0.112570,0.146866,0.156285,0.132012,0.096474,-0.214901,-0.500213,0.526369,-0.447240,0.449334,-0.458758,0.431081,-0.307043,0.379162,1.237498,-1.136737,-0.337645,-0.270171,-0.268080,-0.168100,0.691848,0.650384,-0.733942
38.000000,0.125067,0.085448,0.103406,0.104189,-0.153683,0.087162,0.101094,0.106432,0.115257,-0.110919,0.148369,0.157654,0.133340,0.097509,-0.218476,-0.511948,0.538186,-0.457805,0.459958,-0.469253,0.441633,-0.315812,0.387952,1.274313,-1.174179,-0.352326,-0.282713,-0.280512,-0.177256,0.728854,0.667756,-0.751635
39.000000,0.125679,0.085928,0.103894,0.104522,-0.156964,0.086987,0.100966,0.106317,0.115276,-0.109296,0.149825,0.158980,0.134627,0.098511,-0.221972,-0.523671,0.549997,-0.468345,0.470562,-0.479723,0.452164,-0.324537,0.396701,1.311024,-1.211528,-0.367130,-0.295376,-0.293063,-0.186529,0.766194,0.684801,-0.769001
40.000000,0.126266,0.086386,0.104359,0.104831,-0.160194,0.086811,0.100832,0.106196,0.115285,-0.107721,0.151232,0.160261,0.135871,0.099478,-0.225379,-0.535369,0.561789,-0.478850,0.481135,-0.490157,0.462666,-0.333209,0.405403,1.347605,-1.248756,-0.382038,-0.308143,-0.305719,-0.195904,0.803804,0.701519,-0.786039
41.000000,0.126827,0.086820,0.104798,0.105116,-0.163366,0.086641,0.100697,0.106074,0.115285,-0.106209,0.152585,0.161493,0.137069,0.100408,-0.228686,-0.547032,0.573551,-0.489309,0.491669,-0.500547,0.473128,-0.341821,0.414050,1.384030,-1.285836,-0.397035,-0.320999,-0.318463,-0.205370,0.841619,0.717910,-0.802748
42.000000,0.127358,0.087230,0.105212,0.105375,-0.166474,0.086480,0.100565,0.105953,0.115281,-0.104777,0.153882,0.162674,0.138218,0.101300,-0.231885,-0.558648,0.585272,-0.499713,0.502152,-0.510882,0.483540,-0.350368,0.422635,1.420276,-1.322742,-0.412101,-0.333928,-0.331280,-0.214913,0.879580,0.733976,-0.819129
43.000000,0.127860,0.087615,0.105599,0.105609,-0.169511,0.086333,0.100439,0.105838,0.115275,-0.103439,0.155122,0.163802,0.139317,0.102151,-0.234965,-0.570207,0.596939,-0.510055,0.512577,-0.521155,0.493894,-0.358842,0.431151,1.456318,-1.359448,-0.427220,-0.346913,-0.344155,-0.224520,0.917630,0.749718,-0.835181
44.000000,0.128331,0.087974,0.105959,0.105818,-0.172472,0.086203,0.100324,0.105732,0.115270,-0.102208,0.156301,0.164876,0.140364,0.102962,-0.237918,-0.581699,0.608545,-0.520325,0.522935,-0.531357,0.504182,-0.367240,0.439595,1.492133,-1.395929,-0.442374,-0.359941,-0.357072,-0.234180,0.955713,0.765135,-0.850906
45.000000,0.128770,0.088306,0.106291,0.106001,-0.175352,0.086096,0.100223,0.105640,0.115269,-0.101094,0.157419,0.165894,0.141358,0.103731,-0.240736,-0.593116,0.620080,-0.530518,0.533218,-0.541483,0.514396,-0.375555,0.447960,1.527699,-1.432161,-0.457548,-0.372997,-0.370018,-0.243879,0.993779,0.780231,-0.866305
46.000000,0.129176,0.088612,0.106594,0.106158,-0.178146,0.086015,0.100139,0.105564,0.115275,-0.100108,0.158474,0.166855,0.142298,0.104458,-0.243412,-0.604451,0.631535,-0.540627,0.543422,-0.551525,0.524531,-0.383785,0.456242,1.562993,-1.468119,-0.472726,-0.386066,-0.382977,-0.253606,1.031780,0.795007,-0.881378
47.000000,0.129550,0.088891,0.106869,0.106291,-0.180849,0.085963,0.100075,0.105508,0.115290,-0.099259,0.159466,0.167759,0.143184,0.105143,-0.245942,-0.615696,0.642903,-0.550647,0.553539,-0.561479,0.534580,-0.391925,0.464438,1.597995,-1.503783,-0.487891,-0.399134,-0.395937,-0.263350,1.069671,0.809465,-0.896127
48.000000,0.129891,0.089142,0.107116,0.106398,-0.183457,0.085944,0.100036,0.105474,0.115316,-0.098552,0.160394,0.168605,0.144015,0.105785,-0.248320,-0.626847,0.654179,-0.560574,0.563564,-0.571341,0.544539,-0.399975,0.472546,1.632685,-1.539129,-0.503030,-0.412190,-0.408885,-0.273100,1.107409,0.823606,-0.910555
49.000000,0.130198,0.089367,0.107335,0.106482,-0.185966,0.085960,0.100022,0.105465,0.115356,-0.097995,0.161258,0.169394,0.144791,0.106385,-0.250545,-0.637896,0.665356,-0.570402,0.573494,-0.581105,0.554403,-0.407931,0.480562,1.667043,-1.574139,-0.518129,-0.425220,-0.421808,-0.282846,1.144958,0.837434,-0.924664
50.000000,0.130472,0.089565,0.107525,0.106541,-0.188372,0.086013,0.100036,0.105483,0.115412,-0.097592,0.162059,0.170126,0.145513,0.106943,-0.252613,-0.648841,0.676430,-0.580130,0.583324,-0.590769,0.564169,-0.415791,0.488485,1.701053,-1.608792,-0.533175,-0.438212,-0.434695,-0.292579,1.182281,0.850952,-0.938455
51.000000,0.130713,0.089738,0.107689,0.106578,-0.190673,0.086106,0.100080,0.105531,0.115484,-0.097345,0.162798,0.170801,0.146181,0.107461,-0.254524,-0.659677,0.687396,-0.589753,0.593052,-0.600331,0.573833,-0.423556,0.496313,1.734697,-1.643073,-0.548156,-0.451157,-0.447534,-0.302288,1.219347,0.864161,-0.951933
52.000000,0.130922,0.089884,0.107825,0.106592,-0.192866,0.086240,0.100156,0.105609,0.115576,-0.097256,0.163475,0.171421,0.146796,0.107938,-0.256279,-0.670401,0.698251,-0.599271,0.602675,-0.609788,0.583393,-0.431224,0.504047,1.767960,-1.676964,-0.563060,-0.464043,-0.460317,-0.311967,1.256126,0.877066,-0.965100
53.000000,0.131099,0.090006,0.107935,0.106585,-0.194949,0.086416,0.100264,0.105718,0.115686,-0.097328,0.164091,0.171986,0.147360,0.108376,-0.257877,-0.681010,0.708991,-0.608681,0.612191,-0.619138,0.592847,-0.438795,0.511684,1.800830,-1.710451,-0.577878,-0.476862,-0.473033,-0.321606,1.292592,0.889671,-0.977960
54.000000,0.131245,0.090103,0.108019,0.106558,-0.196920,0.086633,0.100406,0.105859,0.115817,-0.097560,0.164648,0.172498,0.147873,0.108776,-0.259321,-0.691502,0.719614,-0.617982,0.621598,-0.628380,0.602193,-0.446269,0.519224,1.833293,-1.743523,-0.592599,-0.489604,-0.485674,-0.331200,1.328720,0.901979,-0.990517
55.000000,0.131361,0.090177,0.108079,0.106511,-0.198780,0.086893,0.100580,0.106033,0.115968,-0.097952,0.165148,0.172958,0.148337,0.109138,-0.260612,-0.701875,0.730117,-0.627173,0.630895,-0.637513,0.611431,-0.453645,0.526668,1.865339,-1.776166,-0.607215,-0.502263,-0.498233,-0.340740,1.364489,0.913996,-1.002775
56.000000,0.131447,0.090228,0.108115,0.106445,-0.200527,0.087195,0.100789,0.106239,0.116141,-0.098503,0.165592,0.173369,0.148753,0.109465,-0.261753,-0.712128,0.740500,-0.636253,0.640081,-0.646536,0.620558,-0.460924,0.534015,1.896960,-1.808372,-0.621719,-0.514830,-0.510701,-0.350221,1.399881,0.925724,-1.014740
57.000000,0.131506,0.090258,0.108129,0.106362,-0.202162,0.087539,0.101030,0.106478,0.116334,-0.099210,0.165982,0.173731,0.149123,0.109758,-0.262747,-0.722260,0.750761,-0.645222,0.649154,-0.655449,0.629574,-0.468107,0.541265,1.928146,-1.840132,-0.636102,-0.527299,-0.523073,-0.359638,1.434879,0.937170,-1.026416
58.000000,0.131537,0.090267,0.108120,0.106262,-0.203686,0.087922,0.101303,0.106747,0.116548,-0.100072,0.166321,0.174046,0.149450,0.110017,-0.263596,-0.732270,0.760899,-0.654079,0.658116,-0.664251,0.638479,-0.475194,0.548420,1.958892,-1.871440,-0.650359,-0.539665,-0.535343,-0.368986,1.469468,0.948339,-1.037808
59.000000,0.131543,0.090257,0.108092,0.106146,-0.205101,0.088345,0.101608,0.107048,0.116781,-0.101083,0.166610,0.174318,0.149734,0.110246,-0.264306,-0.742157,0.770913,-0.662824,0.666965,-0.672942,0.647273,-0.482185,0.555479,1.989193,-1.902291,-0.664483,-0.551922,-0.547505,-0.378260,1.503636,0.959236,-1.048922
60.000000,0.131525,0.090228,0.108044,0.106016,-0.206408,0.088805,0.101943,0.107377,0.117034,-0.102241,0.166853,0.174547,0.149978,0.110444,-0.264880,-0.751922,0.780802,-0.671458,0.675701,-0.681523,0.655955,-0.489082,0.562443,2.019045,-1.932681,-0.678471,-0.564065,-0.559555,-0.387455,1.537371,0.969866,-1.059763
61.000000,0.131483,0.090183,0.107977,0.105872,-0.207609,0.089300,0.102306,0.107735,0.117306,-0.103540,0.167052,0.174736,0.150185,0.110614,-0.265324,-0.761563,0.790567,-0.679980,0.684325,-0.689994,0.664526,-0.495884,0.569313,2.048446,-1.962608,-0.692316,-0.576091,-0.571489,-0.396570,1.570666,0.980236,-1.070337
62.000000,0.131420,0.090121,0.107894,0.105716,-0.208708,0.089829,0.102697,0.108119,0.117594,-0.104974,0.167209,0.174887,0.150355,0.110758,-0.265643,-0.771082,0.800208,-0.688392,0.692837,-0.698355,0.672986,-0.502594,0.576090,2.077395,-1.992070,-0.706017,-0.587996,-0.583304,-0.405599,1.603512,0.990351,-1.080651
63.000000,0.131336,0.090045,0.107795,0.105549,-0.209707,0.090389,0.103113,0.108527,0.117899,-0.106536,0.167327,0.175003,0.150492,0.110877,-0.265845,-0.780478,0.809724,-0.696694,0.701238,-0.706606,0.681335,-0.509212,0.582773,2.105891,-2.021066,-0.719568,-0.599777,-0.594995,-0.414542,1.635903,1.000217,-1.090710
64.000000,0.131234,0.089955,0.107682,0.105371,-0.210609,0.090977,0.103552,0.108958,0.118219,-0.108220,0.167409,0.175086,0.150599,0.110973,-0.265935,-0.789752,0.819117,-0.704885,0.709527,-0.714749,0.689575,-0.515739,0.589365,2.133935,-2.049599,-0.732969,-0.611431,-0.606562,-0.423395,1.667836,1.009840,-1.100521
65.000000,0.131115,0.089852,0.107555,0.105184,-0.211418,0.091591,0.104012,0.109409,0.118552,-0.110016,0.167457,0.175139,0.150676,0.111048,-0.265921,-0.798904,0.828385,-0.712968,0.717706,-0.722784,0.697704,-0.522175,0.595866,2.161529,-2.077669,-0.746216,-0.622956,-0.618001,-0.432156,1.699307,1.019226,-1.110089
66.000000,0.130979,0.089739,0.107417,0.104989,-0.212139,0.092228,0.104490,0.109879,0.118897,-0.111916,0.167475,0.175163,0.150727,0.111103,-0.265812,-0.807936,0.837532,-0.720943,0.725776,-0.730711,0.705725,-0.528522,0.602277,2.188676,-2.105280,-0.759308,-0.634351,-0.629310,-0.440824,1.730314,1.028382,-1.119421
67.000000,0.130829,0.089615,0.107267,0.104786,-0.212774,0.092885,0.104986,0.110365,0.119253,-0.113909,0.167465,0.175162,0.150754,0.111140,-0.265615,-0.816848,0.846556,-0.728811,0.733736,-0.738533,0.713638,-0.534781,0.608599,2.215378,-2.132434,-0.772242,-0.645613,-0.640489,-0.449397,1.760856,1.037312,-1.128523
68.000000,0.130666,0.089483,0.107108,0.104578,-0.213329,0.093559,0.105495,0.110865,0.119617,-0.115987,0.167430,0.175137,0.150759,0.111162,-0.265340,-0.825641,0.855459,-0.736572,0.741589,-0.746248,0.721444,-0.540954,0.614833,2.241639,-2.159136,-0.785020,-0.656743,-0.651537,-0.457875,1.790933,1.046024,-1.137400
69.000000,0.130492,0.089342,0.106941,0.104364,-0.213807,0.094249,0.106017,0.111376,0.119989,-0.118139,0.167372,0.175092,0.150744,0.111169,-0.264994,-0.834316,0.864242,-0.744229,0.749335,-0.753860,0.729145,-0.547040,0.620981,2.267465,-2.185390,-0.797639,-0.667739,-0.662452,-0.466256,1.820546,1.054523,-1.146060
70.000000,0.130307,0.089195,0.106766,0.104145,-0.214213,0.094950,0.106549,0.111897,0.120367,-0.120354,0.167295,0.175028,0.150712,0.111163,-0.264586,-0.842874,0.872907,-0.751781,0.756976,-0.761368,0.736740,-0.553041,0.627042,2.292859,-2.211201,-0.810099,-0.678601,-0.673234,-0.474539,1.849696,1.062815,-1.154508
71.000000,0.130113,0.089043,0.106585,0.103923,-0.214551,0.095661,0.107088,0.112425,0.120750,-0.122622,0.167200,0.174948,0.150665,0.111146,-0.264126,-0.851317,0.881453,-0.759231,0.764512,-0.768775,0.744232,-0.558959,0.633019,2.317826,-2.236574,-0.822400,-0.689328,-0.683882,-0.482725,1.878386,1.070905,-1.162750
72.000000,0.129911,0.088886,0.106399,0.103698,-0.214827,0.096378,0.107633,0.112959,0.121135,-0.124933,0.167090,0.174853,0.150604,0.111119,-0.263622,-0.859645,0.889883,-0.766579,0.771945,-0.776080,0.751621,-0.564794,0.638912,2.342373,-2.261517,-0.834543,-0.699921,-0.694398,-0.490813,1.906619,1.078801,-1.170792
73.000000,0.129703,0.088725,0.106209,0.103472,-0.215043,0.097100,0.108182,0.113496,0.121523,-0.127275,0.166967,0.174745,0.150532,0.111083,-0.263081,-0.867860,0.898198,-0.773827,0.779276,-0.783286,0.758909,-0.570547,0.644723,2.366506,-2.286034,-0.846528,-0.710380,-0.704781,-0.498802,1.934398,1.086506,-1.178640
74.000000,0.129490,0.088562,0.106016,0.103244,-0.215205,0.097824,0.108732,0.114035,0.121910,-0.129641,0.166834,0.174627,0.150451,0.111041,-0.262512,-0.875964,0.906400,-0.780976,0.786507,-0.790393,0.766098,-0.576221,0.650453,2.390230,-2.310132,-0.858355,-0.720705,-0.715031,-0.506694,1.961729,1.094026,-1.186298
75.000000,0.129273,0.088397,0.105820,0.103016,-0.215316,0.098548,0.109282,0.114574,0.122297,-0.132019,0.166692,0.174501,0.150361,0.110992,-0.261923,-0.883957,0.914489,-0.788027,0.793638,-0.797404,0.773187,-0.581816,0.656103,2.413551,-2.333817,-0.870026,-0.730896,-0.725149,-0.514488,1.988614,1.101368,-1.193773
76.000000,0.129052,0.088231,0.105624,0.102789,-0.215381,0.099270,0.109831,0.115111,0.122682,-0.134402,0.166544,0.174366,0.150265,0.110939,-0.261319,-0.891841,0.922467,-0.794982,0.800671,-0.804319,0.780179,-0.587333,0.661674,2.436477,-2.357098,-0.881542,-0.740956,-0.735136,-0.522185,2.015060,1.108535,-1.201070
77.000000,0.128829,0.088065,0.105426,0.102562,-0.215403,0.099989,0.110377,0.115645,0.123065,-0.136782,0.166390,0.174226,0.150164,0.110882,-0.260709,-0.899618,0.930336,-0.801842,0.807608,-0.811139,0.787076,-0.592773,0.667168,2.459014,-2.379979,-0.892903,-0.750884,-0.744993,-0.529786,2.041072,1.115533,-1.208195
78.000000,0.128605,0.087900,0.105229,0.102337,-0.215387,0.100702,0.110919,0.116175,0.123443,-0.139150,0.166232,0.174082,0.150058,0.110822,-0.260096,-0.907290,0.938097,-0.808609,0.814450,-0.817866,0.793878,-0.598139,0.672585,2.481169,-2.402469,-0.904111,-0.760681,-0.754720,-0.537290,2.066655,1.122368,-1.215151
79.000000,0.128381,0.087736,0.105033,0.102114,-0.215334,0.101408,0.111455,0.116699,0.123817,-0.141501,0.166072,0.173934,0.149950,0.110760,-0.259488,-0.914856,0.945752,-0.815283,0.821198,-0.824502,0.800586,-0.603430,0.677928,2.502948,-2.424574,-0.915167,-0.770350,-0.764320,-0.544698,2.091815,1.129043,-1.221945
80.000000,0.128157,0.087574,0.104839,0.101894,-0.215249,0.102107,0.111984,0.117217,0.124186,-0.143827,0.165911,0.173784,0.149841,0.110696,-0.258887,-0.922321,0.953302,-0.821867,0.827854,-0.831048,0.807203,-0.608648,0.683197,2.524359,-2.446301,-0.926074,-0.779890,-0.773792,-0.552012,2.116559,1.135564,-1.228580
81.000000,0.127934,0.087414,0.104647,0.101677,-0.215135,0.102796,0.112507,0.117727,0.124550,-0.146124,0.165749,0.173632,0.149730,0.110632,-0.258299,-0.929683,0.960749,-0.828361,0.834418,-0.837505,0.813730,-0.613795,0.688393,2.545407,-2.467659,-0.936832,-0.789303,-0.783139,-0.559233,2.140892,1.141935,-1.235062
82.000000,0.127713,0.087258,0.104457,0.101463,-0.214995,0.103475,0.113021,0.118230,0.124906,-0.148388,0.165588,0.173480,0.149619,0.110568,-0.257727,-0.936947,0.968095,-0.834767,0.840894,-0.843874,0.820168,-0.618871,0.693518,2.566101,-2.488652,-0.947444,-0.798591,-0.792361,-0.566360,2.164822,1.148160,-1.241396
83.000000,0.127495,0.087104,0.104271,0.101253,-0.214831,0.104144,0.113526,0.118723,0.125257,-0.150614,0.165428,0.173327,0.149509,0.110503,-0.257173,-0.944112,0.975340,-0.841087,0.847281,-0.850157,0.826518,-0.623878,0.698572,2.586447,-2.509290,-0.957911,-0.807756,-0.801460,-0.573395,2.188353,1.154245,-1.247585
84.000000,0.127279,0.086955,0.104088,0.101046,-0.214645,0.104802,0.114022,0.119208,0.125600,-0.152800,0.165270,0.173175,0.149399,0.110440,-0.256641,-0.951180,0.982487,-0.847321,0.853582,-0.856356,0.832782,-0.628816,0.703557,2.606452,-2.529579,-0.968234,-0.816797,-0.810439,-0.580340,2.211495,1.160192,-1.253635
85.000000,0.127066,0.086809,0.103909,0.100845,-0.214441,0.105447,0.114509,0.119682,0.125935,-0.154942,0.165114,0.173025,0.149291,0.110377,-0.256132,-0.958153,0.989537,-0.853472,0.859797,-0.862471,0.838962,-0.633688,0.708475,2.626122,-2.549525,-0.978417,-0.825719,-0.819297,-0.587194,2.234252,1.166007,-1.259548
86.000000,0.126858,0.086668,0.103735,0.100647,-0.214220,0.106080,0.114985,0.120147,0.126264,-0.157038,0.164962,0.172876,0.149184,0.110315,-0.255647,-0.965032,0.996492,-0.859540,0.865929,-0.868504,0.845058,-0.638494,0.713326,2.645464,-2.569137,-0.988461,-0.834520,-0.828037,-0.593960,2.256631,1.171693,-1.265330
87.000000,0.126653,0.086532,0.103564,0.100455,-0.213984,0.106701,0.115452,0.120602,0.126584,-0.159088,0.164812,0.172728,0.149080,0.110255,-0.255189,-0.971819,1.003353,-0.865526,0.871977,-0.874456,0.851071,-0.643235,0.718111,2.664486,-2.588420,-0.998367,-0.843205,-0.836661,-0.600639,2.278641,1.177255,-1.270985
88.000000,0.126453,0.086400,0.103399,0.100267,-0.213735,0.107309,0.115907,0.121047,0.126897,-0.161090,0.164666,0.172583,0.148977,0.110196,-0.254756,-0.978515,1.010122,-0.871433,0.877945,-0.880328,0.857004,-0.647912,0.722831,2.683193,-2.607382,-1.008139,-0.851773,-0.845170,-0.607231,2.300286,1.182695,-1.276515
89.000000,0.126258,0.086274,0.103239,0.100084,-0.213474,0.107905,0.116353,0.121481,0.127202,-0.163043,0.164523,0.172440,0.148878,0.110138,-0.254350,-0.985122,1.016799,-0.877261,0.883833,-0.886123,0.862858,-0.652527,0.727488,2.701592,-2.626030,-1.017777,-0.860227,-0.853565,-0.613738,2.321574,1.188018,-1.281926
90.000000,0.126067,0.086153,0.103083,0.099906,-0.213204,0.108487,0.116788,0.121905,0.127499,-0.164948,0.164384,0.172299,0.148780,0.110082,-0.253972,-0.991641,1.023388,-0.883012,0.889642,-0.891840,0.868633,-0.657080,0.732083,2.719690,-2.644370,-1.027285,-0.868569,-0.861849,-0.620160,2.342512,1.193226,-1.287219
91.000000,0.125882,0.086037,0.102933,0.099734,-0.212926,0.109057,0.117213,0.122318,0.127788,-0.166803,0.164249,0.172160,0.148685,0.110028,-0.253620,-0.998074,1.029888,-0.888686,0.895373,-0.897482,0.874332,-0.661572,0.736616,2.737493,-2.662408,-1.036663,-0.876800,-0.870022,-0.626500,2.363107,1.198324,-1.292400
92.000000,0.125702,0.085926,0.102788,0.099567,-0.212640,0.109615,0.117627,0.122722,0.128069,-0.168610,0.164118,0.172024,0.148592,0.109975,-0.253294,-1.004421,1.036302,-0.894286,0.901029,-0.903049,0.879955,-0.666005,0.741088,2.755007,-2.680151,-1.045914,-0.884922,-0.878088,-0.632759,2.383364,1.203315,-1.297472
93.000000,0.125527,0.085821,0.102649,0.099405,-0.212349,0.110159,0.118031,0.123115,0.128343,-0.170369,0.163990,0.171891,0.148502,0.109924,-0.252994,-1.010685,1.042631,-0.899812,0.906610,-0.908544,0.885503,-0.670379,0.745502,2.772238,-2.697606,-1.055040,-0.892936,-0.886047,-0.638936,2.403292,1.208202,-1.302437
94.000000,0.125358,0.085721,0.102514,0.099248,-0.212053,0.110692,0.118426,0.123498,0.128610,-0.172081,0.163866,0.171760,0.148415,0.109875,-0.252720,-1.016866,1.048876,-0.905265,0.912117,-0.913966,0.890979,-0.674696,0.749857,2.789193,-2.714779,-1.064044,-0.900844,-0.893901,-0.645035,2.422895,1.212988,-1.307298
95.000000,0.125194,0.085627,0.102386,0.099097,-0.211753,0.111212,0.118810,0.123872,0.128869,-0.173747,0.163745,0.171631,0.148329,0.109827,-0.252470,-1.022967,1.055038,-0.910647,0.917552,-0.919317,0.896382,-0.678955,0.754155,2.805877,-2.731675,-1.072926,-0.908649,-0.901652,-0.651056,2.442181,1.217676,-1.312060
96.000000,0.125036,0.085538,0.102263,0.098950,-0.211451,0.111721,0.119185,0.124236,0.129121,-0.175367,0.163628,0.171505,0.148247,0.109781,-0.252244,-1.028988,1.061120,-0.915959,0.922915,-0.924598,0.901715,-0.683160,0.758396,2.822296,-2.748301,-1.081690,-0.916351,-0.909301,-0.657000,2.461156,1.222269,-1.316725
97.000000,0.124883,0.085455,0.102145,0.098810,-0.211147,0.112218,0.119550,0.124591,0.129366,-0.176944,0.163514,0.171381,0.148166,0.109736,-0.252040,-1.034930,1.067122,-0.921202,0.928209,-0.929811,0.906978,-0.687309,0.762582,2.838457,-2.764663,-1.090337,-0.923953,-0.916850,-0.662868,2.479826,1.226770,-1.321295
98.000000,0.124737,0.085377,0.102033,0.098674,-0.210841,0.112703,0.119906,0.124937,0.129604,-0.178477,0.163404,0.171259,0.148087,0.109692,-0.251858,-1.040795,1.073046,-0.926378,0.933434,-0.934957,0.912173,-0.691405,0.766713,2.854363,-2.780767,-1.098868,-0.931455,-0.924301,-0.668662,2.498197,1.231181,-1.325775
99.000000,0.124596,0.085305,0.101926,0.098543,-0.210536,0.113178,0.120254,0.125274,0.129836,-0.179968,0.163296,0.171139,0.148011,0.109650,-0.251697,-1.046585,1.078893,-0.931486,0.938591,-0.940036,0.917300,-0.695447,0.770790,2.870022,-2.796618,-1.107287,-0.938860,-0.931656,-0.674383,2.516276,1.235505,-1.330165
100.000000,0.124460,0.085238,0.101825,0.098418,-0.210231,0.113642,0.120593,0.125603,0.130061,-0.181419,0.163192,0.171022,0.147936,0.109609,-0.251555,-1.052300,1.084664,-0.936529,0.943681,-0.945050,0.922361,-0.699438,0.774815,2.885438,-2.812221,-1.115595,-0.946169,-0.938916,-0.680032,2.534069,1.239745,-1.334469
101.000000,0.124330,0.085177,0.101729,0.098298,-0.209927,0.114095,0.120923,0.125923,0.130280,-0.182830,0.163090,0.170906,0.147864,0.109569,-0.251432,-1.057942,1.090360,-0.941508,0.948706,-0.950000,0.927357,-0.703378,0.778788,2.900617,-2.827583,-1.123793,-0.953385,-0.946082,-0.685610,2.551581,1.243903,-1.338689
102.000000,0.124206,0.085120,0.101639,0.098182,-0.209624,0.114539,0.121245,0.126235,0.130493,-0.184204,0.162991,0.170792,0.147793,0.109530,-0.251327,-1.063512,1.095984,-0.946423,0.953667,-0.954887,0.932290,-0.707267,0.782711,2.915564,-2.842708,-1.131885,-0.960507,-0.953156,-0.691119,2.568818,1.247981,-1.342829
103.000000,0.124088,0.085069,0.101553,0.098072,-0.209324,0.114972,0.121559,0.126539,0.130700,-0.185541,0.162894,0.170680,0.147723,0.109492,-0.251238,-1.069011,1.101536,-0.951276,0.958565,-0.959712,0.937159,-0.711106,0.786583,2.930284,-2.857601,-1.139871,-0.967539,-0.960140,-0.696559,2.585786,1.251982,-1.346889
104.000000,0.123975,0.085023,0.101473,0.097966,-0.209026,0.115396,0.121866,0.126836,0.130901,-0.186842,0.162800,0.170570,0.147656,0.109455,-0.251164,-1.074440,1.107017,-0.956067,0.963400,-0.964477,0.941967,-0.714897,0.790406,2.944781,-2.872269,-1.147753,-0.974481,-0.967036,-0.701932,2.602490,1.255908,-1.350873
105.000000,0.123867,0.084982,0.101398,0.097865,-0.208731,0.115811,0.122165,0.127126,0.131097,-0.188110,0.162708,0.170461,0.147589,0.109419,-0.251106,-1.079801,1.112428,-0.960798,0.968174,-0.969181,0.946714,-0.718641,0.794180,2.959061,-2.886715,-1.155534,-0.981336,-0.973844,-0.707238,2.618937,1.259761,-1.354782
106.000000,0.123764,0.084946,0.101328,0.097769,-0.208440,0.116217,0.122457,0.127409,0.131288,-0.189344,0.162618,0.170354,0.147525,0.109383,-0.251061,-1.085095,1.117772,-0.965470,0.972888,-0.973826,0.951401,-0.722337,0.797907,2.973129,-2.900944,-1.163215,-0.988104,-0.980566,-0.712480,2.635130,1.263543,-1.358619
107.000000,0.123667,0.084915,0.101263,0.097677,-0.208152,0.116614,0.122743,0.127684,0.131474,-0.190546,0.162531,0.170248,0.147461,0.109349,-0.251029,-1.090322,1.123048,-0.970084,0.977544,-0.978414,0.956030,-0.725987,0.801587,2.986988,-2.914962,-1.170798,-0.994787,-0.987205,-0.717657,2.651076,1.267256,-1.362385
108.000000,0.123575,0.084888,0.101202,0.097590,-0.207869,0.117003,0.123021,0.127954,0.131654,-0.191718,0.162445,0.170144,0.147398,0.109315,-0.251009,-1.095485,1.128258,-0.974641,0.982141,-0.982944,0.960601,-0.729592,0.805221,3.000644,-2.928772,-1.178284,-1.001387,-0.993760,-0.722772,2.666780,1.270902,-1.366083
109.000000,0.123489,0.084866,0.101146,0.097508,-0.207590,0.117384,0.123294,0.128216,0.131830,-0.192860,0.162361,0.170041,0.147337,0.109281,-0.251000,-1.100583,1.133404,-0.979141,0.986681,-0.987419,0.965115,-0.733152,0.808810,3.014100,-2.942379,-1.185676,-1.007905,-1.000235,-0.727824,2.682247,1.274483,-1.369715
110.000000,0.123407,0.084849,0.101095,0.097429,-0.207316,0.117756,0.123560,0.128473,0.132001,-0.193974,0.162279,0.169939,0.147277,0.109248,-0.251001,-1.105619,1.138485,-0.983586,0.991165,-0.991839,0.969574,-0.736668,0.812355,3.027362,-2.955789,-1.192974,-1.014343,-1.006629,-0.732816,2.697481,1.278000,-1.373282
111.000000,0.123330,0.084836,0.101049,0.097355,-0.207046,0.118122,0.123819,0.128724,0.132168,-0.195060,0.162198,0.169839,0.147218,0.109216,-0.251013,-1.110593,1.143504,-0.987977,0.995594,-0.996205,0.973978,-0.740141,0.815856,3.040433,-2.969004,-1.200181,-1.020701,-1.012945,-0.737748,2.712488,1.281456,-1.376786
112.000000,0.123258,0.084828,0.101007,0.097285,-0.206782,0.118480,0.124074,0.128969,0.132331,-0.196119,0.162119,0.169739,0.147159,0.109184,-0.251033,-1.115507,1.148462,-0.992314,0.999968,-1.000517,0.978328,-0.743572,0.819314,3.053317,-2.982029,-1.207299,-1.026982,-1.019184,-0.742621,2.727272,1.284852,-1.380229
113.000000,0.123191,0.084823,0.100969,0.097219,-0.206523,0.118830,0.124322,0.129209,0.132490,-0.197153,0.162042,0.169641,0.147102,0.109153,-0.251061,-1.120360,1.153359,-0.996599,1.004290,-1.004778,0.982625,-0.746961,0.822730,3.066018,-2.994868,-1.214328,-1.033186,-1.025347,-0.747437,2.741838,1.288189,-1.383612
114.000000,0.123128,0.084823,0.100936,0.097157,-0.206270,0.119174,0.124565,0.129443,0.132644,-0.198163,0.161966,0.169543,0.147045,0.109122,-0.251097,-1.125156,1.158197,-1.000832,1.008559,-1.008987,0.986870,-0.750309,0.826105,3.078540,-3.007525,-1.221270,-1.039315,-1.031435,-0.752195,2.756190,1.291470,-1.386937
115.000000,0.123070,0.084827,0.100906,0.097099,-0.206022,0.119511,0.124803,0.129672,0.132795,-0.199148,0.161891,0.169447,0.146989,0.109091,-0.251140,-1.129893,1.162976,-1.005014,1.012777,-1.013146,0.991064,-0.753617,0.829439,3.090888,-3.020004,-1.228127,-1.045370,-1.037450,-0.756898,2.770333,1.294695,-1.390206
116.000000,0.123016,0.084834,0.100881,0.097045,-0.205780,0.119842,0.125036,0.129896,0.132942,-0.200111,0.161818,0.169352,0.146934,0.109061,-0.251189,-1.134574,1.167698,-1.009146,1.016944,-1.017255,0.995208,-0.756885,0.832733,3.103063,-3.032309,-1.234901,-1.051353,-1.043393,-0.761546,2.784271,1.297867,-1.393420
117.000000,0.122967,0.084846,0.100860,0.096994,-0.205544,0.120166,0.125264,0.130116,0.133086,-0.201051,0.161746,0.169257,0.146880,0.109031,-0.251245,-1.139199,1.172363,-1.013230,1.021062,-1.021315,0.999302,-0.760115,0.835987,3.115071,-3.044443,-1.241593,-1.057265,-1.049266,-0.766140,2.798008,1.300986,-1.396581
118.000000,0.122922,0.084861,0.100842,0.096947,-0.205314,0.120484,0.125487,0.130330,0.133226,-0.201970,0.161675,0.169163,0.146826,0.109001,-0.251306,-1.143770,1.176973,-1.017265,1.025131,-1.025328,1.003348,-0.763306,0.839203,3.126915,-3.056411,-1.248204,-1.063107,-1.055069,-0.770681,2.811549,1.304054,-1.399689
119.000000,0.122881,0.084880,0.100828,0.096903,-0.205090,0.120797,0.125706,0.130541,0.133362,-0.202868,0.161605,0.169071,0.146773,0.108972,-0.251372,-1.148287,1.181529,-1.021253,1.029152,-1.029293,1.007346,-0.766460,0.842381,3.138598,-3.068214,-1.254735,-1.068879,-1.060804,-0.775169,2.824897,1.307072,-1.402747
120.000000,0.122844,0.084902,0.100818,0.096863,-0.204873,0.121103,0.125920,0.130747,0.133496,-0.203746,0.161536,0.168979,0.146720,0.108943,-0.251443,-1.152750,1.186031,-1.025194,1.033125,-1.033212,1.011298,-0.769576,0.845522,3.150123,-3.079858,-1.261189,-1.074585,-1.066471,-0.779607,2.838056,1.310041,-1.405755
121.000000,0.122811,0.084928,0.100811,0.096826,-0.204661,0.121404,0.126130,0.130948,0.133626,-0.204605,0.161468,0.168887,0.146668,0.108914,-0.251519,-1.157162,1.190480,-1.029089,1.037053,-1.037086,1.015203,-0.772657,0.848626,3.161494,-3.091344,-1.267566,-1.080224,-1.072073,-0.783994,2.851031,1.312964,-1.408715
122.000000,0.122782,0.084956,0.100808,0.096792,-0.204456,0.121700,0.126336,0.131146,0.133754,-0.205445,0.161401,0.168797,0.146617,0.108885,-0.251598,-1.161523,1.194877,-1.032940,1.040935,-1.040915,1.019063,-0.775701,0.851694,3.172713,-3.102677,-1.273868,-1.085797,-1.077610,-0.788331,2.863825,1.315840,-1.411628
123.000000,0.122756,0.084988,0.100808,0.096761,-0.204256,0.121991,0.126538,0.131340,0.133879,-0.206267,0.161335,0.168708,0.146566,0.108857,-0.251680,-1.165834,1.199224,-1.036746,1.044772,-1.044700,1.022879,-0.778711,0.854726,3.183784,-3.113860,-1.280096,-1.091307,-1.083083,-0.792620,2.876441,1.318671,-1.414496
124.000000,0.122734,0.085023,0.100811,0.096734,-0.204063,0.122276,0.126736,0.131530,0.134000,-0.207072,0.161270,0.168619,0.146516,0.108829,-0.251766,-1.170095,1.203521,-1.040509,1.048565,-1.048442,1.026651,-0.781686,0.857724,3.194711,-3.124895,-1.286252,-1.096753,-1.088494,-0.796861,2.888884,1.321459,-1.417318
125.000000,0.122716,0.085062,0.100817,0.096709,-0.203877,0.122557,0.126930,0.131716,0.134120,-0.207859,0.161206,0.168531,0.146466,0.108801,-0.251855,-1.174308,1.207768,-1.044229,1.052314,-1.052141,1.030380,-0.784628,0.860687,3.205495,-3.135785,-1.292336,-1.102137,-1.093843,-0.801054,2.901156,1.324203,-1.420097
126.000000,0.122701,0.085102,0.100827,0.096687,-0.203696,0.122832,0.127121,0.131898,0.134236,-0.208630,0.161143,0.168443,0.146416,0.108773,-0.251947,-1.178473,1.211968,-1.047907,1.056022,-1.055798,1.034066,-0.787536,0.863616,3.216139,-3.146534,-1.298350,-1.107461,-1.099132,-0.805202,2.913262,1.326906,-1.422834
127.000000,0.122689,0.085146,0.100839,0.096668,-0.203522,0.123103,0.127308,0.132078,0.134350,-0.209386,0.161081,0.168357,0.146368,0.108746,-0.252041,-1.182592,1.216120,-1.051543,1.059687,-1.059415,1.037711,-0.790411,0.866513,3.226648,-3.157145,-1.304296,-1.112724,-1.104361,-0.809303,2.925204,1.329569,-1.425529
128.000000,0.122681,0.085193,0.100854,0.096651,-0.203354,0.123370,0.127492,0.132254,0.134462,-0.210126,0.161019,0.168271,0.146319,0.108719,-0.252138,-1.186664,1.220225,-1.055139,1.063311,-1.062991,1.041315,-0.793254,0.869377,3.237022,-3.167620,-1.310173,-1.117929,-1.109532,-0.813361,2.936985,1.332191,-1.428183
129.000000,0.122675,0.085242,0.100872,0.096638,-0.203191,0.123632,0.127672,0.132426,0.134571,-0.210851,0.160959,0.168185,0.146271,0.108692,-0.252236,-1.190691,1.224284,-1.058695,1.066895,-1.066527,1.044879,-0.796065,0.872209,3.247265,-3.177961,-1.315984,-1.123076,-1.114645,-0.817374,2.948610,1.334775,-1.430799
130.000000,0.122673,0.085293,0.100893,0.096626,-0.203035,0.123890,0.127849,0.132596,0.134678,-0.211561,0.160899,0.168101,0.146224,0.108665,-0.252336,-1.194673,1.228298,-1.062212,1.070439,-1.070025,1.048404,-0.798845,0.875009,3.257380,-3.188172,-1.321730,-1.128166,-1.119702,-0.821343,2.960080,1.337321,-1.433375
131.000000,0.122674,0.085347,0.100916,0.096617,-0.202885,0.124144,0.128023,0.132762,0.134783,-0.212258,0.160840,0.168017,0.146177,0.108638,-0.252438,-1.198611,1.232268,-1.065691,1.073944,-1.073484,1.051890,-0.801595,0.877778,3.267368,-3.198255,-1.327412,-1.133200,-1.124704,-0.825270,2.971400,1.339830,-1.435914
132.000000,0.122677,0.085403,0.100942,0.096611,-0.202741,0.124394,0.128194,0.132926,0.134886,-0.212940,0.160782,0.167934,0.146131,0.108612,-0.252541,-1.202507,1.236194,-1.069131,1.077411,-1.076905,1.055337,-0.804314,0.880517,3.277233,-3.208213,-1.333030,-1.138179,-1.129651,-0.829155,2.982571,1.342303,-1.438416
133.000000,0.122683,0.085462,0.100970,0.096607,-0.202603,0.124640,0.128363,0.133087,0.134986,-0.213610,0.160724,0.167851,0.146085,0.108586,-0.252646,-1.206360,1.240078,-1.072534,1.080840,-1.080289,1.058747,-0.807004,0.883227,3.286977,-3.218047,-1.338586,-1.143104,-1.134544,-0.832999,2.993598,1.344740,-1.440883
134.000000,0.122692,0.085522,0.101000,0.096605,-0.202470,0.124882,0.128528,0.133244,0.135085,-0.214267,0.160668,0.167770,0.146039,0.108560,-0.252752,-1.210171,1.243919,-1.075900,1.084232,-1.083637,1.062120,-0.809665,0.885906,3.296602,-3.227761,-1.344082,-1.147976,-1.139384,-0.836803,3.004482,1.347143,-1.443314
135.000000,0.122704,0.085585,0.101033,0.096605,-0.202344,0.125120,0.128691,0.133400,0.135182,-0.214911,0.160612,0.167688,0.145994,0.108534,-0.252859,-1.213942,1.247719,-1.079230,1.087587,-1.086949,1.065457,-0.812297,0.888557,3.306110,-3.237357,-1.349517,-1.152795,-1.144173,-0.840567,3.015227,1.349513,-1.445711
136.000000,0.122718,0.085650,0.101068,0.096607,-0.202222,0.125355,0.128850,0.133552,0.135277,-0.215543,0.160557,0.167608,0.145949,0.108509,-0.252967,-1.217672,1.251478,-1.082525,1.090907,-1.090225,1.068758,-0.814901,0.891179,3.315504,-3.246836,-1.354893,-1.157563,-1.148910,-0.844291,3.025834,1.351850,-1.448074
137.000000,0.122734,0.085716,0.101105,0.096611,-0.202107,0.125586,0.129008,0.133702,0.135370,-0.216164,0.160502,0.167528,0.145905,0.108483,-0.253075,-1.221363,1.255197,-1.085784,1.094191,-1.093467,1.072024,-0.817477,0.893774,3.324785,-3.256202,-1.360211,-1.162281,-1.153597,-0.847977,3.036308,1.354154,-1.450405
138.000000,0.122753,0.085785,0.101143,0.096617,-0.201996,0.125814,0.129163,0.133850,0.135461,-0.216773,0.160449,0.167449,0.145861,0.108458,-0.253185,-1.225014,1.258876,-1.089010,1.097440,-1.096674,1.075255,-0.820026,0.896341,3.333957,-3.265456,-1.365473,-1.166949,-1.158235,-0.851625,3.046650,1.356427,-1.452703
139.000000,0.122774,0.085855,0.101184,0.096625,-0.201892,0.126039,0.129315,0.133995,0.135551,-0.217371,0.160396,0.167371,0.145818,0.108433,-0.253295,-1.228627,1.262517,-1.092201,1.100655,-1.099848,1.078453,-0.822548,0.898880,3.343021,-3.274601,-1.370678,-1.171568,-1.162825,-0.855235,3.056862,1.358669,-1.454971
140.000000,0.122797,0.085927,0.101227,0.096635,-0.201792,0.126260,0.129465,0.134138,0.135639,-0.217958,0.160344,0.167293,0.145775,0.108409,-0.253405,-1.232203,1.266120,-1.095360,1.103837,-1.102989,1.081617,-0.825044,0.901394,3.351978,-3.283638,-1.375828,-1.176139,-1.167366,-0.858809,3.066949,1.360881,-1.457207
141.000000,0.122822,0.086000,0.101271,0.096647,-0.201698,0.126478,0.129613,0.134279,0.135725,-0.218535,0.160292,0.167216,0.145733,0.108385,-0.253517,-1.235741,1.269685,-1.098485,1.106985,-1.106098,1.084748,-0.827514,0.903881,3.360832,-3.292570,-1.380924,-1.180662,-1.171861,-0.862347,3.076910,1.363064,-1.459414
142.000000,0.122850,0.086075,0.101318,0.096660,-0.201608,0.126693,0.129758,0.134418,0.135810,-0.219101,0.160241,0.167140,0.145691,0.108360,-0.253628,-1.239243,1.273213,-1.101579,1.110101,-1.109174,1.087847,-0.829958,0.906342,3.369583,-3.301398,-1.385966,-1.185139,-1.176309,-0.865849,3.086750,1.365218,-1.461592
143.000000,0.122879,0.086152,0.101366,0.096675,-0.201524,0.126905,0.129902,0.134554,0.135893,-0.219658,0.160191,0.167065,0.145650,0.108337,-0.253740,-1.242709,1.276705,-1.104641,1.113185,-1.112219,1.090914,-0.832378,0.908778,3.378235,-3.310125,-1.390956,-1.189570,-1.180712,-0.869316,3.096470,1.367344,-1.463741
144.000000,0.122910,0.086230,0.101415,0.096691,-0.201444,0.127115,0.130043,0.134688,0.135975,-0.220204,0.160142,0.166990,0.145609,0.108313,-0.253852,-1.246140,1.280161,-1.107671,1.116238,-1.115233,1.093950,-0.834772,0.911189,3.386788,-3.318752,-1.395894,-1.193957,-1.185070,-0.872748,3.106073,1.369442,-1.465862
145.000000,0.122943,0.086309,0.101466,0.096709,-0.201369,0.127321,0.130182,0.134821,0.136055,-0.220742,0.160093,0.166916,0.145569,0.108290,-0.253964,-1.249536,1.283582,-1.110671,1.119260,-1.118217,1.096955,-0.837143,0.913575,3.395244,-3.327281,-1.400782,-1.198298,-1.189384,-0.876147,3.115560,1.371513,-1.467955
146.000000,0.122977,0.086390,0.101519,0.096729,-0.201299,0.127524,0.130319,0.134951,0.136135,-0.221270,0.160046,0.166842,0.145529,0.108267,-0.254077,-1.252898,1.286968,-1.113641,1.122251,-1.121171,1.099930,-0.839489,0.915937,3.403606,-3.335714,-1.405620,-1.202597,-1.193655,-0.879512,3.124934,1.373558,-1.470022
147.000000,0.123014,0.086472,0.101572,0.096750,-0.201233,0.127725,0.130454,0.135080,0.136212,-0.221790,0.159998,0.166769,0.145489,0.108244,-0.254190,-1.256226,1.290320,-1.116581,1.125212,-1.124095,1.102875,-0.841812,0.918276,3.411874,-3.344052,-1.410408,-1.206852,-1.197884,-0.882845,3.134197,1.375577,-1.472062
148.000000,0.123052,0.086555,0.101628,0.096772,-0.201172,0.127924,0.130588,0.135206,0.136289,-0.222300,0.159952,0.166697,0.145450,0.108222,-0.254302,-1.259521,1.293639,-1.119492,1.128143,-1.126990,1.105790,-0.844111,0.920591,3.420051,-3.352298,-1.415148,-1.211065,-1.202070,-0.886145,3.143352,1.377571,-1.474077
149.000000,0.123091,0.086639,0.101684,0.096795,-0.201115,0.128119,0.130719,0.135331,0.136364,-0.222803,0.159906,0.166626,0.145412,0.108199,-0.254415,-1.262783,1.296925,-1.122375,1.131046,-1.129856,1.108677,-0.846388,0.922883,3.428139,-3.360453,-1.419841,-1.215236,-1.206215,-0.889413,3.152399,1.379540,-1.476066
150.000000,0.123132,0.086724,0.101742,0.096820,-0.201063,0.128312,0.130849,0.135454,0.136438,-0.223297,0.159861,0.166555,0.145374,0.108177,-0.254528,-1.266014,1.300179,-1.125229,1.133920,-1.132695,1.111535,-0.848643,0.925153,3.436138,-3.368518,-1.424487,-1.219367,-1.210319,-0.892650,3.161340,1.381485,-1.478031
151.000000,0.123175,0.086810,0.101801,0.096846,-0.201014,0.128503,0.130977,0.135576,0.136511,-0.223783,0.159817,0.166485,0.145336,0.108156,-0.254641,-1.269212,1.303400,-1.128055,1.136766,-1.135505,1.114366,-0.850875,0.927400,3.444050,-3.376496,-1.429087,-1.223457,-1.214384,-0.895856,3.170179,1.383405,-1.479971
152.000000,0.123218,0.086897,0.101861,0.096873,-0.200970,0.128691,0.131103,0.135695,0.136583,-0.224261,0.159773,0.166416,0.145299,0.108134,-0.254754,-1.272380,1.306591,-1.130854,1.139584,-1.138289,1.117168,-0.853086,0.929625,3.451877,-3.384388,-1.433641,-1.227508,-1.218409,-0.899032,3.178916,1.385303,-1.481888
153.000000,0.123263,0.086986,0.101922,0.096901,-0.200929,0.128877,0.131228,0.135813,0.136654,-0.224732,0.159730,0.166348,0.145263,0.108113,-0.254867,-1.275517,1.309750,-1.133625,1.142375,-1.141046,1.119944,-0.855275,0.931829,3.459621,-3.392194,-1.438151,-1.231519,-1.222395,-0.902178,3.187554,1.387178,-1.483781
154.000000,0.123310,0.087075,0.101984,0.096931,-0.200893,0.129061,0.131351,0.135930,0.136723,-0.225195,0.159688,0.166280,0.145227,0.108093,-0.254980,-1.278624,1.312879,-1.136371,1.145139,-1.143776,1.122693,-0.857444,0.934011,3.467282,-3.399918,-1.442617,-1.235492,-1.226343,-0.905294,3.196094,1.389030,-1.485652
155.000000,0.123357,0.087164,0.102047,0.096961,-0.200860,0.129242,0.131472,0.136045,0.136792,-0.225651,0.159646,0.166213,0.145192,0.108072,-0.255093,-1.281701,1.315977,-1.139090,1.147877,-1.146480,1.125416,-0.859591,0.936173,3.474863,-3.407559,-1.447039,-1.239428,-1.230254,-0.908381,3.204538,1.390860,-1.487501
156.000000,0.123406,0.087255,0.102111,0.096992,-0.200831,0.129422,0.131592,0.136159,0.136859,-0.226100,0.159605,0.166146,0.145157,0.108052,-0.255205,-1.284749,1.319047,-1.141783,1.150589,-1.149159,1.128113,-0.861718,0.938314,3.482364,-3.415120,-1.451420,-1.243326,-1.234127,-0.911440,3.212887,1.392669,-1.489327
157.000000,0.123456,0.087346,0.102176,0.097024,-0.200805,0.129599,0.131710,0.136271,0.136926,-0.226542,0.159565,0.166080,0.145122,0.108032,-0.255318,-1.287769,1.322087,-1.144451,1.153275,-1.151812,1.130784,-0.863825,0.940434,3.489788,-3.422603,-1.455758,-1.247187,-1.237965,-0.914471,3.221144,1.394457,-1.491133
158.000000,0.123507,0.087438,0.102242,0.097057,-0.200783,0.129774,0.131827,0.136381,0.136991,-0.226977,0.159526,0.166015,0.145088,0.108013,-0.255430,-1.290760,1.325099,-1.147094,1.155936,-1.154441,1.133431,-0.865913,0.942535,3.497134,-3.430007,-1.460055,-1.251013,-1.241766,-0.917474,3.229310,1.396224,-1.492917
159.000000,0.123559,0.087531,0.102309,0.097091,-0.200764,0.129947,0.131943,0.136491,0.137056,-0.227406,0.159487,0.165951,0.145055,0.107994,-0.255543,-1.293723,1.328082,-1.149712,1.158572,-1.157045,1.136052,-0.867980,0.944616,3.504405,-3.437335,-1.464311,-1.254802,-1.245532,-0.920449,3.237386,1.397971,-1.494680
160.000000,0.123612,0.087624,0.102376,0.097126,-0.200748,0.130118,0.132057,0.136599,0.137120,-0.227828,0.159449,0.165888,0.145022,0.107975,-0.255655,-1.296658,1.331038,-1.152307,1.161183,-1.159625,1.138650,-0.870029,0.946678,3.511602,-3.444588,-1.468528,-1.258557,-1.249263,-0.923398,3.245374,1.399698,-1.496424
161.000000,0.123665,0.087718,0.102444,0.097162,-0.200735,0.130287,0.132170,0.136705,0.137182,-0.228244,0.159412,0.165825,0.144989,0.107956,-0.255767,-1.299567,1.333966,-1.154877,1.163771,-1.162182,1.141223,-0.872058,0.948720,3.518726,-3.451768,-1.472705,-1.262277,-1.252960,-0.926320,3.253276,1.401406,-1.498147
162.000000,0.123720,0.087812,0.102513,0.097198,-0.200726,0.130454,0.132281,0.136811,0.137244,-0.228654,0.159375,0.165763,0.144958,0.107938,-0.255879,-1.302449,1.336868,-1.157424,1.166334,-1.164715,1.143773,-0.874069,0.950744,3.525778,-3.458874,-1.476843,-1.265964,-1.256623,-0.929216,3.261093,1.403094,-1.499852
163.000000,0.123776,0.087907,0.102582,0.097235,-0.200720,0.130619,0.132391,0.136915,0.137306,-0.229058,0.159339,0.165701,0.144926,0.107920,-0.255991,-1.305305,1.339743,-1.159948,1.168875,-1.167225,1.146300,-0.876062,0.952749,3.532760,-3.465910,-1.480943,-1.269616,-1.260253,-0.932087,3.268826,1.404764,-1.501537
164.000000,0.123832,0.088002,0.102653,0.097273,-0.200716,0.130783,0.132500,0.137018,0.137366,-0.229457,0.159303,0.165640,0.144895,0.107902,-0.256102,-1.308135,1.342592,-1.162449,1.171392,-1.169712,1.148803,-0.878037,0.954736,3.539673,-3.472875,-1.485005,-1.273236,-1.263851,-0.934932,3.276477,1.406415,-1.503203
165.000000,0.123889,0.088098,0.102723,0.097312,-0.200715,0.130945,0.132608,0.137119,0.137425,-0.229849,0.159269,0.165580,0.144865,0.107885,-0.256214,-1.310939,1.345415,-1.164927,1.173887,-1.172177,1.151285,-0.879994,0.956705,3.546517,-3.479771,-1.489031,-1.276824,-1.267416,-0.937752,3.284047,1.408048,-1.504851
166.000000,0.123947,0.088194,0.102794,0.097351,-0.200717,0.131105,0.132714,0.137220,0.137484,-0.230236,0.159235,0.165521,0.144835,0.107868,-0.256325,-1.313718,1.348213,-1.167384,1.176360,-1.174620,1.153743,-0.881933,0.958657,3.553294,-3.486599,-1.493020,-1.280379,-1.270949,-0.940548,3.291538,1.409663,-1.506481
167.000000,0.124005,0.088290,0.102866,0.097391,-0.200722,0.131263,0.132820,0.137319,0.137542,-0.230618,0.159201,0.165462,0.144806,0.107852,-0.256436,-1.316473,1.350986,-1.169818,1.178810,-1.177042,1.156181,-0.883855,0.960591,3.560006,-3.493360,-1.496973,-1.283903,-1.274451,-0.943319,3.298951,1.411261,-1.508093
168.000000,0.124065,0.088387,0.102938,0.097431,-0.200729,0.131420,0.132924,0.137418,0.137599,-0.230994,0.159169,0.165404,0.144777,0.107835,-0.256547,-1.319203,1.353734,-1.172231,1.181239,-1.179442,1.158596,-0.885760,0.962508,3.566652,-3.500056,-1.500890,-1.287396,-1.277922,-0.946066,3.306287,1.412842,-1.509688
169.000000,0.124124,0.088484,0.103011,0.097472,-0.200739,0.131575,0.133027,0.137515,0.137656,-0.231366,0.159137,0.165347,0.144749,0.107819,-0.256658,-1.321910,1.356458,-1.174623,1.183646,-1.181821,1.160990,-0.887648,0.964407,3.573234,-3.506687,-1.504773,-1.290858,-1.281363,-0.948790,3.313548,1.414405,-1.511266
170.000000,0.124185,0.088581,0.103084,0.097513,-0.200751,0.131728,0.133129,0.137611,0.137712,-0.231732,0.159105,0.165291,0.144721,0.107804,-0.256768,-1.324592,1.359158,-1.176995,1.186032,-1.184179,1.163364,-0.889520,0.966291,3.579754,-3.513255,-1.508621,-1.294290,-1.284774,-0.951491,3.320734,1.415953,-1.512827
171.000000,0.124246,0.088679,0.103157,0.097555,-0.200766,0.131880,0.133230,0.137706,0.137767,-0.232093,0.159074,0.165235,0.144694,0.107788,-0.256879,-1.327252,1.361835,-1.179345,1.188398,-1.186517,1.165717,-0.891375,0.968157,3.586211,-3.519759,-1.512435,-1.297692,-1.288155,-0.954168,3.327848,1.417484,-1.514371
172.000000,0.124307,0.088777,0.103231,0.097597,-0.200782,0.132030,0.133329,0.137800,0.137822,-0.232450,0.159044,0.165180,0.144667,0.107774,-0.256989,-1.329888,1.364488,-1.181676,1.190743,-1.188834,1.168049,-0.893215,0.970008,3.592608,-3.526202,-1.516216,-1.301065,-1.291507,-0.956823,3.334889,1.418999,-1.515900
173.000000,0.124369,0.088874,0.103305,0.097640,-0.200801,0.132179,0.133428,0.137893,0.137875,-0.232801,0.159015,0.165125,0.144640,0.107759,-0.257099,-1.332502,1.367119,-1.183986,1.193068,-1.191132,1.170361,-0.895038,0.971843,3.598945,-3.532585,-1.519965,-1.304409,-1.294830,-0.959456,3.341860,1.420499,-1.517412
174.000000,0.124432,0.088973,0.103380,0.097683,-0.200822,0.132326,0.133526,0.137986,0.137929,-0.233148,0.158986,0.165071,0.144615,0.107745,-0.257209,-1.335093,1.369727,-1.186277,1.195373,-1.193410,1.172654,-0.896846,0.973662,3.605223,-3.538908,-1.523680,-1.307724,-1.298125,-0.962067,3.348761,1.421983,-1.518909
175.000000,0.124495,0.089071,0.103455,0.097727,-0.200846,0.132472,0.133623,0.138077,0.137981,-0.233491,0.158958,0.165018,0.144589,0.107731,-0.257318,-1.337663,1.372312,-1.188548,1.197659,-1.195669,1.174927,-0.898639,0.975465,3.611442,-3.545172,-1.527364,-1.311012,-1.301393,-0.964657,3.355594,1.423452,-1.520391
176.000000,0.124558,0.089169,0.103530,0.097771,-0.200871,0.132616,0.133719,0.138167,0.138033,-0.233829,0.158930,0.164966,0.144565,0.107717,-0.257428,-1.340210,1.374876,-1.190800,1.199925,-1.197909,1.177181,-0.900416,0.977253,3.617605,-3.551378,-1.531016,-1.314272,-1.304633,-0.967225,3.362360,1.424907,-1.521857
177.000000,0.124621,0.089268,0.103605,0.097815,-0.200898,0.132760,0.133814,0.138257,0.138085,-0.234163,0.158904,0.164914,0.144540,0.107704,-0.257537,-1.342737,1.377419,-1.193033,1.202173,-1.200131,1.179416,-0.902179,0.979026,3.623711,-3.557527,-1.534637,-1.317504,-1.307845,-0.969772,3.369059,1.426346,-1.523309
178.000000,0.124686,0.089366,0.103681,0.097860,-0.200927,0.132901,0.133908,0.138345,0.138136,-0.234493,0.158877,0.164863,0.144517,0.107691,-0.257646,-1.345242,1.379940,-1.195248,1.204401,-1.202333,1.181632,-0.903926,0.980784,3.629762,-3.563620,-1.538228,-1.320710,-1.311031,-0.972298,3.375693,1.427772,-1.524746
179.000000,0.124750,0.089465,0.103756,0.097905,-0.200958,0.133042,0.134001,0.138433,0.138186,-0.234818,0.158852,0.164812,0.144493,0.107678,-0.257756,-1.347726,1.382440,-1.197445,1.206611,-1.204518,1.183830,-0.905660,0.982528,3.635758,-3.569658,-1.541788,-1.323889,-1.314191,-0.974804,3.382263,1.429183,-1.526169
180.000000,0.124815,0.089564,0.103832,0.097951,-0.200990,0.133181,0.134094,0.138520,0.138236,-0.235140,0.158827,0.164763,0.144471,0.107666,-0.257864,-1.350190,1.384919,-1.199623,1.208803,-1.206684,1.186010,-0.907379,0.984257,3.641700,-3.575642,-1.545319,-1.327042,-1.317325,-0.977289,3.388770,1.430581,-1.527578
181.000000,0.124880,0.089662,0.103908,0.097996,-0.201024,0.133318,0.134185,0.138606,0.138285,-0.235457,0.158802,0.164714,0.144448,0.107654,-0.257973,-1.352634,1.387378,-1.201783,1.210977,-1.208833,1.188172,-0.909083,0.985972,3.647590,-3.581572,-1.548820,-1.330170,-1.320433,-0.979755,3.395215,1.431964,-1.528973
182.000000,0.124945,0.089761,0.103985,0.098042,-0.201060,0.133455,0.134276,0.138691,0.138334,-0.235771,0.158778,0.164665,0.144427,0.107642,-0.258082,-1.355058,1.389817,-1.203926,1.213133,-1.210964,1.190317,-0.910774,0.987673,3.653427,-3.587449,-1.552293,-1.333271,-1.323515,-0.982201,3.401598,1.433335,-1.530354
183.000000,0.125010,0.089860,0.104061,0.098088,-0.201097,0.133590,0.134365,0.138775,0.138382,-0.236081,0.158755,0.164617,0.144405,0.107631,-0.258190,-1.357462,1.392236,-1.206052,1.215271,-1.213078,1.192444,-0.912452,0.989360,3.659213,-3.593274,-1.555736,-1.336348,-1.326573,-0.984628,3.407921,1.434692,-1.531722
184.000000,0.125076,0.089959,0.104137,0.098135,-0.201136,0.133724,0.134454,0.138859,0.138430,-0.236387,0.158733,0.164570,0.144384,0.107620,-0.258298,-1.359847,1.394636,-1.208161,1.217393,-1.215175,1.194553,-0.914115,0.991033,3.664948,-3.599048,-1.559152,-1.339400,-1.329607,-0.987036,3.414185,1.436036,-1.533077
185.000000,0.125142,0.090057,0.104214,0.098181,-0.201177,0.133857,0.134543,0.138942,0.138477,-0.236690,0.158711,0.164524,0.144364,0.107610,-0.258406,-1.362213,1.397016,-1.210252,1.219497,-1.217256,1.196646,-0.915765,0.992693,3.670633,-3.604772,-1.562540,-1.342428,-1.332616,-0.989424,3.420391,1.437368,-1.534419
186.000000,0.125208,0.090156,0.104291,0.098228,-0.201218,0.133989,0.134630,0.139024,0.138524,-0.236989,0.158689,0.164478,0.144344,0.107599,-0.258514,-1.364559,1.399377,-1.212327,1.221584,-1.219320,1.198722,-0.917403,0.994340,3.676269,-3.610446,-1.565901,-1.345431,-1.335601,-0.991795,3.426539,1.438687,-1.535748
187.000000,0.125274,0.090254,0.104367,0.098275,-0.201262,0.134119,0.134717,0.139105,0.138570,-0.237284,0.158668,0.164432,0.144325,0.107589,-0.258622,-1.366888,1.401720,-1.214386,1.223655,-1.221367,1.200782,-0.919027,0.995973,3.681857,-3.616071,-1.569234,-1.348411,-1.338563,-0.994147,3.432630,1.439994,-1.537065
188.000000,0.125341,0.090353,0.104444,0.098323,-0.201306,0.134249,0.134803,0.139186,0.138616,-0.237576,0.158648,0.164388,0.144306,0.107580,-0.258730,-1.369198,1.404043,-1.216428,1.225710,-1.223398,1.202825,-0.920638,0.997594,3.687397,-3.621648,-1.572541,-1.351367,-1.341501,-0.996480,3.438665,1.441288,-1.538370
189.000000,0.125408,0.090451,0.104521,0.098370,-0.201352,0.134377,0.134888,0.139266,0.138662,-0.237865,0.158628,0.164344,0.144287,0.107570,-0.258837,-1.371489,1.406349,-1.218455,1.227748,-1.225414,1.204853,-0.922236,0.999202,3.692890,-3.627177,-1.575822,-1.354300,-1.344416,-0.998796,3.444645,1.442571,-1.539662
190.000000,0.125474,0.090549,0.104598,0.098417,-0.201399,0.134504,0.134972,0.139345,0.138707,-0.238150,0.158609,0.164300,0.144269,0.107561,-0.258944,-1.373763,1.408637,-1.220465,1.229771,-1.227414,1.206865,-0.923823,1.000797,3.698337,-3.632659,-1.579077,-1.357211,-1.347309,-1.001095,3.450572,1.443842,-1.540942
191.000000,0.125541,0.090647,0.104675,0.098465,-0.201447,0.134630,0.135056,0.139424,0.138751,-0.238433,0.158591,0.164258,0.144252,0.107552,-0.259052,-1.376019,1.410906,-1.222461,1.231778,-1.229398,1.208861,-0.925396,1.002380,3.703737,-3.638095,-1.582306,-1.360099,-1.350179,-1.003375,3.456445,1.445101,-1.542211
192.000000,0.125608,0.090745,0.104751,0.098513,-0.201496,0.134756,0.135139,0.139502,0.138796,-0.238712,0.158573,0.164215,0.144235,0.107544,-0.259159,-1.378258,1.413158,-1.224440,1.233770,-1.231367,1.210841,-0.926958,1.003950,3.709093,-3.643486,-1.585510,-1.362964,-1.353028,-1.005639,3.462265,1.446349,-1.543468
193.000000,0.125675,0.090843,0.104828,0.098561,-0.201546,0.134880,0.135222,0.139579,0.138839,-0.238988,0.158555,0.164174,0.144218,0.107536,-0.259266,-1.380480,1.415393,-1.226405,1.235746,-1.233321,1.212807,-0.928508,1.005509,3.714405,-3.648831,-1.588689,-1.365808,-1.355854,-1.007886,3.468033,1.447585,-1.544714
194.000000,0.125742,0.090941,0.104905,0.098609,-0.201597,0.135003,0.135303,0.139656,0.138883,-0.239261,0.158538,0.164133,0.144202,0.107528,-0.259372,-1.382685,1.417611,-1.228355,1.237707,-1.235260,1.214757,-0.930046,1.007056,3.719673,-3.654133,-1.591844,-1.368630,-1.358659,-1.010116,3.473751,1.448811,-1.545948
195.000000,0.125809,0.091038,0.104982,0.098657,-0.201650,0.135125,0.135385,0.139732,0.138926,-0.239531,0.158522,0.164093,0.144186,0.107521,-0.259479,-1.384873,1.419812,-1.230290,1.239653,-1.237185,1.216693,-0.931572,1.008590,3.724897,-3.659391,-1.594974,-1.371431,-1.361443,-1.012330,3.479418,1.450026,-1.547172
196.000000,0.125877,0.091135,0.105058,0.098705,-0.201703,0.135246,0.135465,0.139807,0.138969,-0.239798,0.158506,0.164053,0.144171,0.107513,-0.259585,-1.387044,1.421996,-1.232210,1.241585,-1.239095,1.218614,-0.933087,1.010114,3.730079,-3.664606,-1.598080,-1.374211,-1.364206,-1.014527,3.485036,1.451230,-1.548385
197.000000,0.125944,0.091232,0.105135,0.098753,-0.201757,0.135366,0.135545,0.139882,0.139011,-0.240062,0.158491,0.164014,0.144156,0.107507,-0.259692,-1.389200,1.424164,-1.234116,1.243502,-1.240990,1.220520,-0.934590,1.011625,3.735219,-3.669778,-1.601163,-1.376970,-1.366948,-1.016708,3.490605,1.452424,-1.549587
198.000000,0.126011,0.091329,0.105211,0.098802,-0.201813,0.135485,0.135624,0.139956,0.139053,-0.240323,0.158476,0.163975,0.144142,0.107500,-0.259798,-1.391339,1.426316,-1.236008,1.245405,-1.242872,1.222413,-0.936082,1.013126,3.740318,-3.674909,-1.604223,-1.379708,-1.369670,-1.018873,3.496125,1.453607,-1.550778
199.000000,0.126078,0.091426,0.105288,0.098850,-0.201869,0.135603,0.135703,0.140030,0.139094,-0.240582,0.158462,0.163937,0.144128,0.107494,-0.259904,-1.393462,1.428451,-1.237886,1.247293,-1.244740,1.224291,-0.937563,1.014615,3.745375,-3.679998,-1.607259,-1.382426,-1.372372,-1.021023,3.501599,1.454780,-1.551959
200.000000,0.126145,0.091522,0.105364,0.098898,-0.201925,0.135721,0.135781,0.140103,0.139135,-0.240838,0.158448,0.163900,0.144114,0.107488,-0.260010,-1.395570,1.430571,-1.239750,1.249168,-1.246593,1.226156,-0.939033,1.016093,3.750393,-3.685047,-1.610273,-1.385124,-1.375054,-1.023157,3.507025,1.455943,-1.553130
201.000000,0.126213,0.091619,0.105440,0.098947,-0.201983,0.135837,0.135858,0.140176,0.139176,-0.241091,0.158435,0.163863,0.144101,0.107482,-0.260116,-1.397662,1.432675,-1.241601,1.251029,-1.248434,1.228007,-0.940492,1.017560,3.755371,-3.690056,-1.613264,-1.387802,-1.377716,-1.025276,3.512406,1.457095,-1.554291
202.000000,0.126280,0.091715,0.105516,0.098995,-0.202041,0.135952,0.135935,0.140248,0.139217,-0.241342,0.158422,0.163826,0.144089,0.107477,-0.260222,-1.399739,1.434764,-1.243438,1.252876,-1.250261,1.229844,-0.941941,1.019017,3.760310,-3.695025,-1.616234,-1.390461,-1.380359,-1.027380,3.517741,1.458239,-1.555442
203.000000,0.126347,0.091810,0.105593,0.099044,-0.202100,0.136067,0.136011,0.140319,0.139257,-0.241590,0.158410,0.163791,0.144076,0.107471,-0.260327,-1.401800,1.436838,-1.245261,1.254710,-1.252074,1.231668,-0.943379,1.020463,3.765210,-3.699955,-1.619181,-1.393101,-1.382983,-1.029468,3.523031,1.459372,-1.556584
204.000000,0.126414,0.091906,0.105668,0.099092,-0.202160,0.136181,0.136087,0.140390,0.139297,-0.241835,0.158399,0.163755,0.144065,0.107467,-0.260433,-1.403847,1.438896,-1.247072,1.256531,-1.253875,1.233479,-0.944806,1.021898,3.770072,-3.704846,-1.622107,-1.395721,-1.385588,-1.031542,3.528277,1.460496,-1.557715
205.000000,0.126481,0.092001,0.105744,0.099141,-0.202221,0.136294,0.136162,0.140461,0.139337,-0.242078,0.158387,0.163721,0.144053,0.107462,-0.260538,-1.405879,1.440940,-1.248869,1.258339,-1.255663,1.235276,-0.946224,1.023324,3.774896,-3.709700,-1.625011,-1.398323,-1.388174,-1.033602,3.533479,1.461611,-1.558837
206.000000,0.126548,0.092096,0.105820,0.099189,-0.202282,0.136406,0.136237,0.140530,0.139376,-0.242319,0.158377,0.163687,0.144042,0.107458,-0.260643,-1.407897,1.442969,-1.250654,1.260133,-1.257438,1.237061,-0.947631,1.024738,3.779683,-3.714516,-1.627895,-1.400907,-1.390741,-1.035647,3.538639,1.462717,-1.559950
207.000000,0.126615,0.092191,0.105895,0.099238,-0.202343,0.136517,0.136311,0.140600,0.139415,-0.242557,0.158366,0.163653,0.144031,0.107454,-0.260748,-1.409900,1.444984,-1.252426,1.261915,-1.259200,1.238834,-0.949028,1.026143,3.784434,-3.719295,-1.630758,-1.403471,-1.393291,-1.037678,3.543756,1.463813,-1.561054
208.000000,0.126682,0.092286,0.105971,0.099286,-0.202405,0.136628,0.136385,0.140669,0.139453,-0.242793,0.158357,0.163620,0.144021,0.107450,-0.260853,-1.411890,1.446984,-1.254186,1.263685,-1.260950,1.240593,-0.950415,1.027538,3.789148,-3.724037,-1.633600,-1.406018,-1.395823,-1.039695,3.548831,1.464901,-1.562148
209.000000,0.126748,0.092380,0.106046,0.099335,-0.202468,0.136737,0.136458,0.140737,0.139492,-0.243027,0.158347,0.163587,0.144011,0.107447,-0.260958,-1.413865,1.448970,-1.255933,1.265442,-1.262688,1.242341,-0.951793,1.028923,3.793827,-3.728744,-1.636422,-1.408547,-1.398337,-1.041698,3.553865,1.465979,-1.563234
210.000000,0.126815,0.092474,0.106121,0.099383,-0.202532,0.136846,0.136531,0.140805,0.139530,-0.243259,0.158338,0.163555,0.144002,0.107444,-0.261063,-1.415826,1.450942,-1.257668,1.267186,-1.264414,1.244076,-0.953161,1.030298,3.798471,-3.733415,-1.639224,-1.411059,-1.400833,-1.043687,3.558858,1.467049,-1.564311
211.000000,0.126882,0.092568,0.106195,0.099432,-0.202595,0.136954,0.136603,0.140873,0.139568,-0.243488,0.158330,0.163524,0.143993,0.107441,-0.261168,-1.417774,1.452901,-1.259391,1.268919,-1.266127,1.245799,-0.954519,1.031664,3.803079,-3.738051,-1.642006,-1.413552,-1.403312,-1.045663,3.563812,1.468111,-1.565379
212.000000,0.126948,0.092661,0.106270,0.099480,-0.202660,0.137062,0.136674,0.140940,0.139605,-0.243715,0.158322,0.163493,0.143984,0.107438,-0.261272,-1.419708,1.454846,-1.261102,1.270639,-1.267829,1.247510,-0.955868,1.033020,3.807654,-3.742652,-1.644769,-1.416029,-1.405774,-1.047626,3.568725,1.469164,-1.566439
213.000000,0.127014,0.092754,0.106345,0.099528,-0.202724,0.137168,0.136746,0.141006,0.139642,-0.243940,0.158315,0.163462,0.143976,0.107436,-0.261376,-1.421629,1.456777,-1.262802,1.272348,-1.269519,1.249209,-0.957208,1.034367,3.812195,-3.747219,-1.647512,-1.418489,-1.408219,-1.049575,3.573600,1.470208,-1.567490
214.000000,0.127080,0.092847,0.106419,0.099577,-0.202789,0.137274,0.136816,0.141072,0.139679,-0.244163,0.158308,0.163432,0.143968,0.107434,-0.261481,-1.423537,1.458695,-1.264489,1.274045,-1.271198,1.250897,-0.958538,1.035705,3.816702,-3.751753,-1.650237,-1.420931,-1.410647,-1.051511,3.578436,1.471245,-1.568533
215.000000,0.127147,0.092939,0.106493,0.099625,-0.202855,0.137379,0.136887,0.141138,0.139716,-0.244383,0.158301,0.163403,0.143960,0.107432,-0.261585,-1.425431,1.460601,-1.266166,1.275730,-1.272865,1.252573,-0.959860,1.037033,3.821177,-3.756253,-1.652942,-1.423358,-1.413059,-1.053434,3.583234,1.472273,-1.569568
216.000000,0.127212,0.093032,0.106567,0.099673,-0.202921,0.137483,0.136956,0.141203,0.139753,-0.244602,0.158295,0.163374,0.143953,0.107430,-0.261689,-1.427313,1.462493,-1.267831,1.277404,-1.274521,1.254238,-0.961172,1.038353,3.825618,-3.760720,-1.655630,-1.425767,-1.415454,-1.055345,3.587995,1.473293,-1.570594
217.000000,0.127278,0.093123,0.106640,0.099721,-0.202987,0.137587,0.137026,0.141268,0.139789,-0.244819,0.158289,0.163345,0.143946,0.107429,-0.261793,-1.429182,1.464372,-1.269484,1.279067,-1.276165,1.255891,-0.962476,1.039663,3.830028,-3.765155,-1.658298,-1.428161,-1.417833,-1.057243,3.592718,1.474306,-1.571613
218.000000,0.127344,0.093215,0.106714,0.099769,-0.203054,0.137690,0.137095,0.141332,0.139825,-0.245033,0.158284,0.163317,0.143940,0.107428,-0.261897,-1.431039,1.466239,-1.271127,1.280718,-1.277799,1.257534,-0.963770,1.040965,3.834406,-3.769558,-1.660949,-1.430538,-1.420197,-1.059128,3.597406,1.475310,-1.572623
219.000000,0.127409,0.093306,0.106787,0.099817,-0.203121,0.137792,0.137163,0.141396,0.139861,-0.245246,0.158279,0.163290,0.143934,0.107427,-0.262000,-1.432883,1.468093,-1.272759,1.282359,-1.279422,1.259165,-0.965057,1.042258,3.838753,-3.773929,-1.663581,-1.432900,-1.422545,-1.061002,3.602057,1.476307,-1.573626
220.000000,0.127475,0.093397,0.106860,0.099865,-0.203188,0.137894,0.137231,0.141460,0.139896,-0.245457,0.158274,0.163262,0.143928,0.107426,-0.262104,-1.434715,1.469935,-1.274380,1.283988,-1.281034,1.260786,-0.966334,1.043542,3.843068,-3.778269,-1.666196,-1.435246,-1.424877,-1.062863,3.606672,1.477297,-1.574622
221.000000,0.127540,0.093488,0.106933,0.099913,-0.203256,0.137995,0.137299,0.141523,0.139931,-0.245666,0.158270,0.163236,0.143922,0.107426,-0.262208,-1.436535,1.471764,-1.275990,1.285607,-1.282635,1.262396,-0.967603,1.044818,3.847353,-3.782578,-1.668793,-1.437577,-1.427193,-1.064712,3.611252,1.478279,-1.575609
222.000000,0.127605,0.093578,0.107006,0.099960,-0.203324,0.138095,0.137366,0.141585,0.139966,-0.245873,0.158267,0.163210,0.143917,0.107426,-0.262311,-1.438343,1.473582,-1.277590,1.287215,-1.284226,1.263995,-0.968864,1.046085,3.851608,-3.786856,-1.671374,-1.439892,-1.429495,-1.066549,3.615798,1.479253,-1.576590
223.000000,0.127670,0.093668,0.107078,0.100008,-0.203392,0.138195,0.137433,0.141648,0.140001,-0.246079,0.158263,0.163184,0.143913,0.107426,-0.262414,-1.440139,1.475387,-1.279179,1.288813,-1.285807,1.265584,-0.970117,1.047344,3.855833,-3.791105,-1.673936,-1.442192,-1.431781,-1.068374,3.620310,1.480221,-1.577563
224.000000,0.127734,0.093758,0.107150,0.100055,-0.203460,0.138294,0.137499,0.141710,0.140036,-0.246282,0.158260,0.163158,0.143908,0.107426,-0.262517,-1.441923,1.477181,-1.280758,1.290400,-1.287377,1.267163,-0.971361,1.048595,3.860029,-3.795323,-1.676483,-1.444477,-1.434053,-1.070188,3.624787,1.481181,-1.578528
225.000000,0.127799,0.093847,0.107222,0.100103,-0.203529,0.138392,0.137565,0.141771,0.140070,-0.246484,0.158258,0.163134,0.143904,0.107427,-0.262620,-1.443696,1.478963,-1.282326,1.291977,-1.288937,1.268731,-0.972597,1.049838,3.864195,-3.799512,-1.679012,-1.446748,-1.436310,-1.071991,3.629232,1.482134,-1.579487
226.000000,0.127863,0.093936,0.107294,0.100150,-0.203597,0.138490,0.137630,0.141832,0.140104,-0.246684,0.158256,0.163109,0.143900,0.107428,-0.262723,-1.445457,1.480734,-1.283885,1.293544,-1.290487,1.270289,-0.973826,1.051072,3.868333,-3.803673,-1.681525,-1.449003,-1.438553,-1.073782,3.633643,1.483080,-1.580438
227.000000,0.127927,0.094025,0.107365,0.100197,-0.203666,0.138587,0.137696,0.141893,0.140138,-0.246883,0.158254,0.163085,0.143897,0.107429,-0.262826,-1.447207,1.482493,-1.285434,1.295101,-1.292028,1.271838,-0.975046,1.052299,3.872442,-3.807804,-1.684021,-1.451245,-1.440781,-1.075561,3.638022,1.484019,-1.581383
228.000000,0.127991,0.094113,0.107437,0.100245,-0.203735,0.138684,0.137760,0.141954,0.140172,-0.247079,0.158253,0.163062,0.143894,0.107430,-0.262929,-1.448946,1.484241,-1.286973,1.296648,-1.293558,1.273376,-0.976259,1.053518,3.876523,-3.811907,-1.686501,-1.453472,-1.442995,-1.077330,3.642369,1.484952,-1.582320
229.000000,0.128055,0.094202,0.107508,0.100291,-0.203805,0.138780,0.137825,0.142014,0.140205,-0.247275,0.158252,0.163039,0.143891,0.107431,-0.263031,-1.450674,1.485978,-1.288502,1.298185,-1.295079,1.274905,-0.977464,1.054729,3.880577,-3.815983,-1.688966,-1.455685,-1.445195,-1.079088,3.646684,1.485877,-1.583251
230.000000,0.128119,0.094289,0.107579,0.100338,-0.203874,0.138875,0.137889,0.142074,0.140239,-0.247468,0.158251,0.163016,0.143889,0.107433,-0.263134,-1.452391,1.487704,-1.290021,1.299712,-1.296590,1.276423,-0.978661,1.055932,3.884603,-3.820030,-1.691414,-1.457884,-1.447381,-1.080834,3.650967,1.486796,-1.584175
231.000000,0.128182,0.094377,0.107649,0.100385,-0.203944,0.138970,0.137953,0.142133,0.140272,-0.247660,0.158251,0.162994,0.143886,0.107435,-0.263236,-1.454097,1.489419,-1.291531,1.301230,-1.298091,1.277933,-0.979851,1.057128,3.888602,-3.824051,-1.693847,-1.460069,-1.449553,-1.082570,3.655220,1.487709,-1.585092
232.000000,0.128245,0.094464,0.107719,0.100432,-0.204013,0.139064,0.138016,0.142192,0.140305,-0.247850,0.158251,0.162972,0.143885,0.107437,-0.263338,-1.455792,1.491123,-1.293031,1.302738,-1.299584,1.279433,-0.981033,1.058317,3.892574,-3.828044,-1.696265,-1.462241,-1.451712,-1.084296,3.659442,1.488615,-1.586003
233.000000,0.128308,0.094550,0.107789,0.100478,-0.204083,0.139157,0.138079,0.142251,0.140337,-0.248039,0.158251,0.162950,0.143883,0.107440,-0.263440,-1.457477,1.492816,-1.294523,1.304237,-1.301067,1.280923,-0.982208,1.059497,3.896520,-3.832011,-1.698667,-1.464399,-1.453857,-1.086011,3.663635,1.489515,-1.586908
234.000000,0.128371,0.094637,0.107859,0.100525,-0.204153,0.139250,0.138142,0.142309,0.140370,-0.248226,0.158252,0.162929,0.143882,0.107442,-0.263543,-1.459152,1.494499,-1.296005,1.305726,-1.302540,1.282405,-0.983376,1.060671,3.900440,-3.835951,-1.701055,-1.466543,-1.455990,-1.087715,3.667797,1.490408,-1.587806
235.000000,0.128434,0.094723,0.107929,0.100571,-0.204223,0.139343,0.138204,0.142367,0.140402,-0.248412,0.158253,0.162908,0.143881,0.107445,-0.263644,-1.460816,1.496172,-1.297477,1.307207,-1.304005,1.283877,-0.984536,1.061837,3.904333,-3.839865,-1.703427,-1.468675,-1.458109,-1.089410,3.671930,1.491295,-1.588698
236.000000,0.128496,0.094809,0.107998,0.100617,-0.204293,0.139435,0.138266,0.142425,0.140434,-0.248596,0.158254,0.162888,0.143880,0.107448,-0.263746,-1.462470,1.497834,-1.298941,1.308678,-1.305461,1.285340,-0.985689,1.062997,3.908202,-3.843753,-1.705785,-1.470793,-1.460215,-1.091094,3.676033,1.492176,-1.589583
237.000000,0.128558,0.094894,0.108067,0.100663,-0.204363,0.139526,0.138327,0.142482,0.140466,-0.248779,0.158256,0.162868,0.143880,0.107451,-0.263848,-1.464113,1.499486,-1.300396,1.310140,-1.306908,1.286794,-0.986836,1.064149,3.912045,-3.847616,-1.708128,-1.472899,-1.462308,-1.092768,3.680108,1.493051,-1.590463
238.000000,0.128620,0.094979,0.108136,0.100709,-0.204433,0.139617,0.138389,0.142539,0.140498,-0.248961,0.158258,0.162849,0.143879,0.107454,-0.263949,-1.465747,1.501128,-1.301842,1.311594,-1.308346,1.288240,-0.987975,1.065294,3.915863,-3.851454,-1.710456,-1.474992,-1.464388,-1.094432,3.684155,1.493920,-1.591336
239.000000,0.128682,0.095064,0.108205,0.100755,-0.204503,0.139707,0.138449,0.142596,0.140530,-0.249141,0.158261,0.162830,0.143880,0.107458,-0.264051,-1.467371,1.502761,-1.303280,1.313038,-1.309776,1.289676,-0.989108,1.066432,3.919657,-3.855267,-1.712770,-1.477072,-1.466456,-1.096086,3.688173,1.494783,-1.592203
240.000000,0.128744,0.095148,0.108273,0.100801,-0.204574,0.139797,0.138510,0.142653,0.140561,-0.249319,0.158263,0.162811,0.143880,0.107462,-0.264152,-1.468985,1.504383,-1.304708,1.314474,-1.311196,1.291104,-0.990233,1.067563,3.923426,-3.859056,-1.715071,-1.479139,-1.468512,-1.097731,3.692164,1.495640,-1.593065
241.000000,0.128805,0.095232,0.108341,0.100846,-0.204644,0.139886,0.138570,0.142709,0.140592,-0.249496,0.158267,0.162792,0.143881,0.107466,-0.264253,-1.470590,1.505995,-1.306129,1.315902,-1.312609,1.292524,-0.991352,1.068687,3.927171,-3.862820,-1.717357,-1.481195,-1.470555,-1.099366,3.696128,1.496491,-1.593920
242.000000,0.128866,0.095316,0.108409,0.100892,-0.204714,0.139975,0.138630,0.142765,0.140623,-0.249672,0.158270,0.162774,0.143882,0.107470,-0.264354,-1.472184,1.507598,-1.307540,1.317320,-1.314013,1.293935,-0.992464,1.069805,3.930892,-3.866560,-1.719629,-1.483238,-1.472586,-1.100991,3.700064,1.497337,-1.594770
243.000000,0.128927,0.095399,0.108476,0.100937,-0.204784,0.140063,0.138690,0.142820,0.140654,-0.249847,0.158274,0.162757,0.143883,0.107474,-0.264455,-1.473770,1.509191,-1.308944,1.318731,-1.315409,1.295338,-0.993570,1.070916,3.934590,-3.870276,-1.721888,-1.485269,-1.474605,-1.102607,3.703973,1.498177,-1.595614
244.000000,0.128988,0.095482,0.108544,0.100982,-0.204855,0.140151,0.138749,0.142875,0.140685,-0.250020,0.158277,0.162739,0.143884,0.107479,-0.264556,-1.475346,1.510775,-1.310339,1.320133,-1.316796,1.296732,-0.994669,1.072020,3.938264,-3.873969,-1.724133,-1.487288,-1.476613,-1.104214,3.707857,1.499011,-1.596452
245.000000,0.129048,0.095565,0.108611,0.101027,-0.204925,0.140238,0.138808,0.142930,0.140716,-0.250192,0.158282,0.162723,0.143886,0.107483,-0.264657,-1.476913,1.512350,-1.311726,1.321527,-1.318175,1.298118,-0.995761,1.073118,3.941915,-3.877638,-1.726365,-1.489295,-1.478608,-1.105811,3.711714,1.499840,-1.597285
246.000000,0.129109,0.095647,0.108678,0.101072,-0.204995,0.140325,0.138867,0.142985,0.140746,-0.250362,0.158286,0.162706,0.143888,0.107488,-0.264758,-1.478470,1.513915,-1.313105,1.322912,-1.319547,1.299496,-0.996848,1.074210,3.945544,-3.881285,-1.728584,-1.491290,-1.480592,-1.107399,3.715545,1.500663,-1.598113
247.000000,0.129169,0.095729,0.108744,0.101116,-0.205065,0.140411,0.138925,0.143039,0.140776,-0.250532,0.158291,0.162690,0.143890,0.107493,-0.264858,-1.480019,1.515471,-1.314476,1.324290,-1.320910,1.300866,-0.997927,1.075295,3.949150,-3.884909,-1.730789,-1.493274,-1.482564,-1.108978,3.719350,1.501481,-1.598935
248.000000,0.129228,0.095811,0.108810,0.101161,-0.205135,0.140497,0.138983,0.143093,0.140807,-0.250700,0.158296,0.162674,0.143893,0.107498,-0.264958,-1.481558,1.517018,-1.315839,1.325660,-1.322265,1.302228,-0.999001,1.076374,3.952734,-3.888510,-1.732982,-1.495246,-1.484525,-1.110549,3.723131,1.502294,-1.599751
249.000000,0.129288,0.095892,0.108876,0.101205,-0.205206,0.140582,0.139041,0.143147,0.140837,-0.250867,0.158302,0.162658,0.143896,0.107504,-0.265059,-1.483089,1.518556,-1.317194,1.327021,-1.323613,1.303582,-1.000068,1.077446,3.956295,-3.892089,-1.735162,-1.497207,-1.486474,-1.112110,3.726886,1.503101,-1.600562
250.000000,0.129348,0.095973,0.108942,0.101250,-0.205276,0.140667,0.139099,0.143201,0.140866,-0.251032,0.158307,0.162643,0.143899,0.107509,-0.265159,-1.484611,1.520086,-1.318541,1.328375,-1.324953,1.304929,-1.001130,1.078513,3.959835,-3.895646,-1.737329,-1.499157,-1.488413,-1.113663,3.730617,1.503904,-1.601368
251.000000,0.129407,0.096054,0.109008,0.101294,-0.205346,0.140752,0.139156,0.143254,0.140896,-0.251197,0.158313,0.162628,0.143902,0.107515,-0.265259,-1.486124,1.521606,-1.319881,1.329721,-1.326285,1.306268,-1.002185,1.079573,3.963354,-3.899182,-1.739483,-1.501095,-1.490340,-1.115206,3.734323,1.504701,-1.602169
252.000000,0.129466,0.096134,0.109073,0.101338,-0.205416,0.140836,0.139213,0.143307,0.140925,-0.251360,0.158320,0.162613,0.143905,0.107521,-0.265359,-1.487628,1.523118,-1.321213,1.331060,-1.327610,1.307599,-1.003234,1.080627,3.966851,-3.902695,-1.741625,-1.503023,-1.492256,-1.116742,3.738006,1.505493,-1.602965
253.000000,0.129524,0.096214,0.109138,0.101382,-0.205485,0.140919,0.139270,0.143360,0.140955,-0.251522,0.158326,0.162599,0.143909,0.107527,-0.265458,-1.489124,1.524621,-1.322537,1.332391,-1.328927,1.308922,-1.004277,1.081676,3.970327,-3.906188,-1.743755,-1.504939,-1.494162,-1.118269,3.741664,1.506280,-1.603755
254.000000,0.129583,0.096294,0.109203,0.101425,-0.205555,0.141002,0.139326,0.143412,0.140984,-0.251683,0.158333,0.162585,0.143913,0.107533,-0.265558,-1.490612,1.526116,-1.323854,1.333714,-1.330237,1.310238,-1.005315,1.082718,3.973782,-3.909660,-1.745873,-1.506845,-1.496057,-1.119787,3.745299,1.507062,-1.604541
255.000000,0.129641,0.096373,0.109267,0.101469,-0.205625,0.141085,0.139382,0.143465,0.141013,-0.251843,0.158340,0.162572,0.143917,0.107540,-0.265657,-1.492091,1.527602,-1.325164,1.335030,-1.331539,1.311547,-1.006346,1.083754,3.977216,-3.913110,-1.747978,-1.508740,-1.497941,-1.121297,3.748910,1.507839,-1.605322
256.000000,0.129699,0.096452,0.109331,0.101512,-0.205695,0.141167,0.139438,0.143517,0.141042,-0.252002,0.158347,0.162558,0.143922,0.107546,-0.265757,-1.493562,1.529080,-1.326466,1.336339,-1.332835,1.312848,-1.007372,1.084785,3.980630,-3.916540,-1.750072,-1.510625,-1.499814,-1.122799,3.752499,1.508612,-1.606097
257.000000,0.129757,0.096531,0.109395,0.101556,-0.205764,0.141249,0.139494,0.143568,0.141071,-0.252160,0.158355,0.162545,0.143926,0.107553,-0.265856,-1.495025,1.530550,-1.327762,1.337640,-1.334123,1.314143,-1.008392,1.085810,3.984024,-3.919950,-1.752154,-1.512499,-1.501678,-1.124292,3.756064,1.509379,-1.606868
258.000000,0.129815,0.096609,0.109459,0.101599,-0.205834,0.141330,0.139549,0.143620,0.141099,-0.252316,0.158362,0.162533,0.143931,0.107560,-0.265955,-1.496479,1.532011,-1.329050,1.338934,-1.335404,1.315430,-1.009406,1.086829,3.987398,-3.923340,-1.754224,-1.514363,-1.503531,-1.125778,3.759607,1.510142,-1.607634
259.000000,0.129872,0.096687,0.109523,0.101642,-0.205903,0.141411,0.139604,0.143671,0.141128,-0.252472,0.158370,0.162520,0.143936,0.107567,-0.266054,-1.497926,1.533465,-1.330331,1.340221,-1.336677,1.316710,-1.010415,1.087843,3.990751,-3.926709,-1.756282,-1.516216,-1.505373,-1.127255,3.763128,1.510900,-1.608396
260.000000,0.129929,0.096765,0.109586,0.101685,-0.205972,0.141491,0.139659,0.143722,0.141156,-0.252626,0.158379,0.162508,0.143941,0.107574,-0.266153,-1.499365,1.534910,-1.331604,1.341501,-1.337944,1.317982,-1.011418,1.088851,3.994086,-3.930059,-1.758330,-1.518060,-1.507206,-1.128725,3.766627,1.511653,-1.609152
261.000000,0.129986,0.096842,0.109649,0.101727,-0.206041,0.141571,0.139713,0.143773,0.141185,-0.252780,0.158387,0.162496,0.143947,0.107581,-0.266252,-1.500795,1.536348,-1.332871,1.342774,-1.339204,1.319248,-1.012416,1.089853,3.997401,-3.933390,-1.760365,-1.519893,-1.509029,-1.130187,3.770104,1.512402,-1.609904
262.000000,0.130043,0.096919,0.109712,0.101770,-0.206110,0.141651,0.139768,0.143823,0.141213,-0.252932,0.158396,0.162485,0.143952,0.107589,-0.266350,-1.502218,1.537778,-1.334132,1.344040,-1.340457,1.320507,-1.013408,1.090850,4.000697,-3.936701,-1.762390,-1.521716,-1.510842,-1.131641,3.773559,1.513147,-1.610652
263.000000,0.130100,0.096996,0.109774,0.101812,-0.206179,0.141730,0.139822,0.143874,0.141241,-0.253083,0.158405,0.162473,0.143958,0.107596,-0.266449,-1.503634,1.539199,-1.335385,1.345300,-1.341704,1.321760,-1.014395,1.091842,4.003973,-3.939992,-1.764403,-1.523529,-1.512645,-1.133087,3.776993,1.513886,-1.611395
264.000000,0.130156,0.097072,0.109836,0.101855,-0.206248,0.141809,0.139876,0.143924,0.141269,-0.253234,0.158414,0.162462,0.143964,0.107604,-0.266547,-1.505041,1.540614,-1.336631,1.346552,-1.342943,1.323005,-1.015377,1.092828,4.007232,-3.943265,-1.766406,-1.525333,-1.514438,-1.134525,3.780406,1.514622,-1.612133
265.000000,0.130212,0.097148,0.109898,0.101897,-0.206317,0.141888,0.139929,0.143973,0.141296,-0.253383,0.158424,0.162452,0.143971,0.107612,-0.266645,-1.506441,1.542020,-1.337871,1.347798,-1.344176,1.324244,-1.016353,1.093809,4.010471,-3.946520,-1.768397,-1.527127,-1.516221,-1.135956,3.783798,1.515353,-1.612867
266.000000,0.130268,0.097224,0.109960,0.101939,-0.206385,0.141966,0.139982,0.144023,0.141324,-0.253531,0.158433,0.162441,0.143977,0.107620,-0.266744,-1.507834,1.543419,-1.339105,1.349037,-1.345403,1.325476,-1.017325,1.094785,4.013692,-3.949755,-1.770378,-1.528911,-1.517996,-1.137380,3.787169,1.516080,-1.613597
267.000000,0.130323,0.097300,0.110021,0.101980,-0.206453,0.142043,0.140035,0.144072,0.141351,-0.253679,0.158443,0.162431,0.143984,0.107628,-0.266842,-1.509219,1.544811,-1.340331,1.350269,-1.346623,1.326702,-1.018290,1.095755,4.016895,-3.952972,-1.772348,-1.530686,-1.519760,-1.138796,3.790520,1.516802,-1.614322
268.000000,0.130379,0.097375,0.110083,0.102022,-0.206522,0.142121,0.140088,0.144121,0.141379,-0.253825,0.158453,0.162421,0.143990,0.107636,-0.266939,-1.510597,1.546195,-1.341552,1.351495,-1.347836,1.327921,-1.019251,1.096721,4.020080,-3.956172,-1.774308,-1.532452,-1.521516,-1.140205,3.793851,1.517520,-1.615043
269.000000,0.130434,0.097450,0.110143,0.102064,-0.206590,0.142198,0.140141,0.144170,0.141406,-0.253971,0.158463,0.162412,0.143998,0.107645,-0.267037,-1.511968,1.547572,-1.342765,1.352715,-1.349043,1.329133,-1.020207,1.097681,4.023247,-3.959353,-1.776257,-1.534208,-1.523262,-1.141606,3.797161,1.518234,-1.615760
270.000000,0.130489,0.097524,0.110204,0.102105,-0.206658,0.142274,0.140193,0.144219,0.141433,-0.254115,0.158474,0.162402,0.144005,0.107653,-0.267135,-1.513331,1.548942,-1.343973,1.353928,-1.350244,1.330340,-1.021158,1.098636,4.026396,-3.962516,-1.778195,-1.535955,-1.524999,-1.143001,3.800452,1.518944,-1.616472
271.000000,0.130544,0.097598,0.110265,0.102146,-0.206725,0.142350,0.140245,0.144267,0.141460,-0.254259,0.158485,0.162393,0.144012,0.107662,-0.267232,-1.514687,1.550304,-1.345174,1.355134,-1.351439,1.331540,-1.022104,1.099586,4.029528,-3.965662,-1.780124,-1.537693,-1.526727,-1.144388,3.803723,1.519650,-1.617181
272.000000,0.130598,0.097672,0.110325,0.102187,-0.206793,0.142426,0.140297,0.144316,0.141487,-0.254402,0.158495,0.162385,0.144020,0.107671,-0.267329,-1.516036,1.551659,-1.346369,1.356335,-1.352627,1.332734,-1.023045,1.100531,4.032642,-3.968790,-1.782042,-1.539422,-1.528446,-1.145768,3.806975,1.520351,-1.617885
273.000000,0.130652,0.097746,0.110385,0.102228,-0.206860,0.142502,0.140349,0.144364,0.141514,-0.254543,0.158507,0.162376,0.144027,0.107679,-0.267427,-1.517378,1.553008,-1.347558,1.357529,-1.353809,1.333921,-1.023981,1.101472,4.035739,-3.971901,-1.783950,-1.541142,-1.530156,-1.147141,3.810207,1.521049,-1.618585
274.000000,0.130707,0.097819,0.110445,0.102269,-0.206928,0.142577,0.140400,0.144412,0.141540,-0.254684,0.158518,0.162368,0.144035,0.107688,-0.267524,-1.518714,1.554349,-1.348740,1.358717,-1.354985,1.335103,-1.024912,1.102407,4.038820,-3.974994,-1.785848,-1.542853,-1.531857,-1.148507,3.813421,1.521742,-1.619281
275.000000,0.130760,0.097892,0.110504,0.102310,-0.206995,0.142651,0.140452,0.144459,0.141567,-0.254824,0.158529,0.162360,0.144043,0.107698,-0.267621,-1.520042,1.555683,-1.349917,1.359899,-1.356155,1.336278,-1.025838,1.103338,4.041883,-3.978071,-1.787737,-1.544555,-1.533549,-1.149867,3.816615,1.522432,-1.619974
276.000000,0.130814,0.097964,0.110563,0.102350,-0.207062,0.142726,0.140503,0.144507,0.141593,-0.254964,0.158541,0.162352,0.144052,0.107707,-0.267717,-1.521364,1.557011,-1.351087,1.361075,-1.357319,1.337447,-1.026760,1.104263,4.044930,-3.981131,-1.789615,-1.546248,-1.535233,-1.151219,3.819792,1.523118,-1.620662
277.000000,0.130867,0.098037,0.110622,0.102390,-0.207129,0.142800,0.140553,0.144554,0.141620,-0.255102,0.158553,0.162344,0.144060,0.107716,-0.267814,-1.522678,1.558332,-1.352252,1.362245,-1.358478,1.338611,-1.027677,1.105184,4.047960,-3.984175,-1.791484,-1.547933,-1.536909,-1.152565,3.822949,1.523799,-1.621346
278.000000,0.130921,0.098109,0.110681,0.102430,-0.207195,0.142874,0.140604,0.144601,0.141646,-0.255240,0.158565,0.162337,0.144069,0.107726,-0.267910,-1.523986,1.559646,-1.353411,1.363409,-1.359630,1.339768,-1.028589,1.106101,4.050975,-3.987202,-1.793343,-1.549610,-1.538575,-1.153904,3.826089,1.524477,-1.622027
279.000000,0.130974,0.098180,0.110739,0.102471,-0.207262,0.142947,0.140654,0.144648,0.141672,-0.255376,0.158577,0.162330,0.144078,0.107735,-0.268007,-1.525288,1.560953,-1.354564,1.364567,-1.360776,1.340920,-1.029496,1.107013,4.053972,-3.990213,-1.795192,-1.551277,-1.540234,-1.155236,3.829210,1.525152,-1.622703
280.000000,0.131026,0.098252,0.110798,0.102510,-0.207328,0.143020,0.140704,0.144694,0.141698,-0.255512,0.158590,0.162323,0.144086,0.107745,-0.268103,-1.526583,1.562254,-1.355711,1.365719,-1.361917,1.342065,-1.030399,1.107920,4.056954,-3.993207,-1.797033,-1.552937,-1.541884,-1.156562,3.832313,1.525822,-1.623376
281.000000,0.131079,0.098323,0.110856,0.102550,-0.207394,0.143092,0.140754,0.144740,0.141724,-0.255647,0.158602,0.162316,0.144096,0.107755,-0.268199,-1.527871,1.563548,-1.356852,1.366865,-1.363052,1.343206,-1.031298,1.108822,4.059920,-3.996186,-1.798863,-1.554588,-1.543525,-1.157881,3.835399,1.526489,-1.624045
282.000000,0.131131,0.098394,0.110914,0.102590,-0.207460,0.143165,0.140804,0.144787,0.141750,-0.255781,0.158615,0.162310,0.144105,0.107765,-0.268295,-1.529153,1.564835,-1.357988,1.368006,-1.364181,1.344340,-1.032192,1.109720,4.062871,-3.999148,-1.800685,-1.556231,-1.545159,-1.159194,3.838467,1.527152,-1.624711
283.000000,0.131183,0.098464,0.110971,0.102629,-0.207526,0.143237,0.140854,0.144833,0.141775,-0.255915,0.158628,0.162303,0.144114,0.107775,-0.268391,-1.530429,1.566117,-1.359118,1.369141,-1.365305,1.345469,-1.033082,1.110614,4.065805,-4.002096,-1.802497,-1.557866,-1.546784,-1.160501,3.841518,1.527812,-1.625373
284.000000,0.131235,0.098534,0.111028,0.102668,-0.207592,0.143308,0.140903,0.144879,0.141801,-0.256047,0.158641,0.162297,0.144124,0.107785,-0.268486,-1.531698,1.567392,-1.360242,1.370271,-1.366423,1.346592,-1.033967,1.111503,4.068725,-4.005027,-1.804301,-1.559492,-1.548402,-1.161801,3.844552,1.528467,-1.626031
285.000000,0.131287,0.098604,0.111085,0.102708,-0.207657,0.143380,0.140952,0.144924,0.141826,-0.256179,0.158654,0.162292,0.144133,0.107795,-0.268582,-1.532961,1.568660,-1.361361,1.371394,-1.367536,1.347709,-1.034848,1.112388,4.071629,-4.007943,-1.806095,-1.561111,-1.550011,-1.163095,3.847569,1.529120,-1.626685
286.000000,0.131339,0.098674,0.111142,0.102747,-0.207722,0.143451,0.141001,0.144970,0.141852,-0.256310,0.158668,0.162286,0.144143,0.107806,-0.268677,-1.534218,1.569923,-1.362475,1.372513,-1.368643,1.348822,-1.035724,1.113268,4.074518,-4.010844,-1.807880,-1.562722,-1.551613,-1.164383,3.850569,1.529768,-1.627336
287.000000,0.131390,0.098743,0.111199,0.102785,-0.207787,0.143521,0.141050,0.145015,0.141877,-0.256441,0.158681,0.162281,0.144153,0.107816,-0.268773,-1.535469,1.571179,-1.363583,1.373626,-1.369745,1.349928,-1.036596,1.114144,4.077392,-4.013730,-1.809657,-1.564325,-1.553207,-1.165664,3.853552,1.530414,-1.627984
288.000000,0.131441,0.098812,0.111255,0.102824,-0.207852,0.143592,0.141098,0.145060,0.141902,-0.256570,0.158695,0.162276,0.144163,0.107827,-0.268868,-1.536713,1.572429,-1.364685,1.374733,-1.370842,1.351030,-1.037464,1.115016,4.080251,-4.016601,-1.811424,-1.565920,-1.554793,-1.166939,3.856519,1.531056,-1.628628
289.000000,0.131492,0.098881,0.111311,0.102863,-0.207917,0.143662,0.141147,0.145105,0.141927,-0.256699,0.158709,0.162271,0.144174,0.107837,-0.268963,-1.537952,1.573673,-1.365782,1.375835,-1.371933,1.352126,-1.038328,1.115884,4.083095,-4.019457,-1.813183,-1.567507,-1.556371,-1.168209,3.859469,1.531694,-1.629268
290.000000,0.131542,0.098949,0.111367,0.102901,-0.207981,0.143732,0.141195,0.145150,0.141952,-0.256827,0.158723,0.162266,0.144184,0.107848,-0.269058,-1.539184,1.574911,-1.366874,1.376932,-1.373019,1.353216,-1.039188,1.116747,4.085925,-4.022298,-1.814934,-1.569087,-1.557942,-1.169472,3.862403,1.532329,-1.629905
291.000000,0.131593,0.099018,0.111423,0.102940,-0.208046,0.143801,0.141243,0.145194,0.141977,-0.256954,0.158738,0.162262,0.144195,0.107859,-0.269152,-1.540411,1.576143,-1.367961,1.378024,-1.374099,1.354302,-1.040043,1.117607,4.088741,-4.025125,-1.816675,-1.570659,-1.559505,-1.170729,3.865321,1.532961,-1.630539
292.000000,0.131643,0.099085,0.111479,0.102978,-0.208110,0.143870,0.141290,0.145238,0.142002,-0.257081,0.158752,0.162257,0.144205,0.107870,-0.269247,-1.541632,1.577369,-1.369043,1.379110,-1.375175,1.355382,-1.040895,1.118462,4.091542,-4.027938,-1.818409,-1.572223,-1.561060,-1.171981,3.868224,1.533589,-1.631169
293.000000,0.131693,0.099153,0.111534,0.103016,-0.208174,0.143939,0.141338,0.145283,0.142026,-0.257207,0.158766,0.162253,0.144216,0.107881,-0.269341,-1.542847,1.578589,-1.370119,1.380191,-1.376245,1.356457,-1.041742,1.119313,4.094329,-4.030736,-1.820134,-1.573780,-1.562609,-1.173227,3.871110,1.534214,-1.631796
294.000000,0.131743,0.099220,0.111589,0.103054,-0.208237,0.144008,0.141385,0.145327,0.142051,-0.257332,0.158781,0.162249,0.144227,0.107892,-0.269435,-1.544056,1.579803,-1.371191,1.381267,-1.377311,1.357527,-1.042585,1.120160,4.097102,-4.033520,-1.821851,-1.575330,-1.564150,-1.174466,3.873981,1.534836,-1.632420
295.000000,0.131792,0.099287,0.111644,0.103091,-0.208301,0.144076,0.141433,0.145370,0.142076,-0.257456,0.158796,0.162246,0.144238,0.107903,-0.269530,-1.545259,1.581011,-1.372257,1.382338,-1.378371,1.358592,-1.043424,1.121003,4.099861,-4.036290,-1.823559,-1.576872,-1.565683,-1.175700,3.876837,1.535454,-1.633040
296.000000,0.131842,0.099354,0.111698,0.103129,-0.208364,0.144144,0.141480,0.145414,0.142100,-0.257580,0.158811,0.162242,0.144249,0.107915,-0.269623,-1.546457,1.582214,-1.373318,1.383403,-1.379426,1.359652,-1.044260,1.121841,4.102606,-4.039046,-1.825259,-1.578407,-1.567210,-1.176929,3.879677,1.536070,-1.633657
297.000000,0.131891,0.099421,0.111752,0.103166,-0.208427,0.144211,0.141526,0.145458,0.142124,-0.257703,0.158826,0.162239,0.144261,0.107926,-0.269717,-1.547649,1.583411,-1.374374,1.384464,-1.380477,1.360706,-1.045091,1.122676,4.105337,-4.041789,-1.826951,-1.579935,-1.568729,-1.178152,3.882502,1.536682,-1.634272
298.000000,0.131940,0.099487,0.111807,0.103204,-0.208490,0.144279,0.141573,0.145501,0.142148,-0.257826,0.158841,0.162236,0.144272,0.107938,-0.269811,-1.548835,1.584603,-1.375426,1.385520,-1.381522,1.361756,-1.045919,1.123508,4.108056,-4.044517,-1.828636,-1.581456,-1.570241,-1.179369,3.885312,1.537291,-1.634882
299.000000,0.131989,0.099553,0.111860,0.103241,-0.208553,0.144346,0.141619,0.145544,0.142173,-0.257948,0.158857,0.162233,0.144284,0.107949,-0.269905,-1.550016,1.585789,-1.376472,1.386571,-1.382563,1.362801,-1.046742,1.124335,4.110760,-4.047233,-1.830312,-1.582969,-1.571746,-1.180580,3.888107,1.537897,-1.635490
300.000000,0.132037,0.099618,0.111914,0.103278,-0.208616,0.144413,0.141666,0.145587,0.142197,-0.258069,0.158872,0.162230,0.144295,0.107961,-0.269998,-1.551192,1.586969,-1.377514,1.387617,-1.383598,1.363842,-1.047562,1.125158,4.113451,-4.049935,-1.831980,-1.584476,-1.573244,-1.181786,3.890888,1.538499,-1.636095
301.000000,0.132086,0.099684,0.111968,0.103315,-0.208678,0.144479,0.141712,0.145630,0.142221,-0.258189,0.158888,0.162227,0.144307,0.107973,-0.270091,-1.552362,1.588144,-1.378550,1.388658,-1.384629,1.364877,-1.048378,1.125978,4.116130,-4.052623,-1.833641,-1.585976,-1.574735,-1.182987,3.893654,1.539099,-1.636696
302.000000,0.132134,0.099749,0.112021,0.103351,-0.208740,0.144545,0.141758,0.145672,0.142244,-0.258309,0.158904,0.162225,0.144319,0.107984,-0.270184,-1.553526,1.589314,-1.379582,1.389695,-1.385656,1.365908,-1.049190,1.126793,4.118795,-4.055299,-1.835293,-1.587468,-1.576219,-1.184182,3.896405,1.539696,-1.637295
303.000000,0.132182,0.099814,0.112074,0.103388,-0.208802,0.144611,0.141804,0.145715,0.142268,-0.258428,0.158920,0.162223,0.144331,0.107996,-0.270277,-1.554686,1.590478,-1.380610,1.390726,-1.386677,1.366933,-1.049999,1.127605,4.121447,-4.057961,-1.836938,-1.588954,-1.577697,-1.185372,3.899142,1.540290,-1.637890
304.000000,0.132230,0.099878,0.112127,0.103425,-0.208864,0.144677,0.141849,0.145757,0.142292,-0.258547,0.158936,0.162220,0.144343,0.108008,-0.270370,-1.555840,1.591637,-1.381632,1.391753,-1.387694,1.367955,-1.050804,1.128414,4.124086,-4.060611,-1.838576,-1.590433,-1.579168,-1.186556,3.901865,1.540880,-1.638482
305.000000,0.132277,0.099943,0.112179,0.103461,-0.208925,0.144743,0.141895,0.145799,0.142316,-0.258665,0.158952,0.162219,0.144356,0.108020,-0.270463,-1.556988,1.592790,-1.382650,1.392776,-1.388706,1.368971,-1.051605,1.129218,4.126713,-4.063247,-1.840206,-1.591906,-1.580632,-1.187735,3.904574,1.541468,-1.639072
306.000000,0.132325,0.100007,0.112232,0.103497,-0.208987,0.144808,0.141940,0.145841,0.142339,-0.258782,0.158968,0.162217,0.144368,0.108032,-0.270555,-1.558132,1.593938,-1.383664,1.393793,-1.389714,1.369983,-1.052402,1.130019,4.129327,-4.065871,-1.841828,-1.593371,-1.582089,-1.188909,3.907269,1.542053,-1.639658
307.000000,0.132372,0.100071,0.112284,0.103533,-0.209048,0.144873,0.141985,0.145883,0.142363,-0.258899,0.158984,0.162215,0.144381,0.108045,-0.270648,-1.559270,1.595081,-1.384672,1.394806,-1.390717,1.370990,-1.053196,1.130817,4.131928,-4.068483,-1.843443,-1.594830,-1.583540,-1.190078,3.909950,1.542635,-1.640242
308.000000,0.132419,0.100134,0.112336,0.103569,-0.209109,0.144937,0.142030,0.145925,0.142386,-0.259015,0.159001,0.162214,0.144393,0.108057,-0.270740,-1.560403,1.596219,-1.385677,1.395815,-1.391716,1.371993,-1.053987,1.131610,4.134518,-4.071082,-1.845050,-1.596283,-1.584984,-1.191242,3.912618,1.543214,-1.640823
309.000000,0.132466,0.100197,0.112387,0.103605,-0.209170,0.145001,0.142075,0.145967,0.142409,-0.259130,0.159018,0.162213,0.144406,0.108069,-0.270832,-1.561531,1.597352,-1.386676,1.396819,-1.392710,1.372992,-1.054773,1.132400,4.137094,-4.073668,-1.846651,-1.597729,-1.586422,-1.192400,3.915272,1.543791,-1.641401
310.000000,0.132513,0.100260,0.112439,0.103641,-0.209230,0.145066,0.142119,0.146008,0.142432,-0.259245,0.159034,0.162212,0.144419,0.108082,-0.270924,-1.562654,1.598480,-1.387672,1.397818,-1.393700,1.373985,-1.055557,1.133187,4.139659,-4.076242,-1.848244,-1.599168,-1.587854,-1.193554,3.917912,1.544364,-1.641976
311.000000,0.132559,0.100323,0.112490,0.103676,-0.209291,0.145129,0.142164,0.146049,0.142456,-0.259359,0.159051,0.162211,0.144432,0.108094,-0.271016,-1.563772,1.599602,-1.388663,1.398813,-1.394685,1.374975,-1.056337,1.133970,4.142212,-4.078805,-1.849829,-1.600601,-1.589279,-1.194702,3.920540,1.544935,-1.642548
312.000000,0.132605,0.100386,0.112541,0.103711,-0.209351,0.145193,0.142208,0.146090,0.142479,-0.259473,0.159068,0.162210,0.144445,0.108107,-0.271107,-1.564885,1.600720,-1.389649,1.399804,-1.395666,1.375960,-1.057113,1.134750,4.144752,-4.081355,-1.851408,-1.602028,-1.590697,-1.195845,3.923154,1.545503,-1.643117
313.000000,0.132651,0.100448,0.112592,0.103747,-0.209411,0.145256,0.142252,0.146131,0.142502,-0.259586,0.159085,0.162209,0.144458,0.108119,-0.271199,-1.565994,1.601833,-1.390631,1.400790,-1.396643,1.376941,-1.057886,1.135526,4.147281,-4.083893,-1.852980,-1.603449,-1.592110,-1.196984,3.925755,1.546068,-1.643684
314.000000,0.132697,0.100510,0.112643,0.103782,-0.209470,0.145319,0.142296,0.146172,0.142524,-0.259698,0.159102,0.162209,0.144471,0.108132,-0.271290,-1.567097,1.602940,-1.391609,1.401772,-1.397615,1.377917,-1.058655,1.136299,4.149798,-4.086419,-1.854544,-1.604863,-1.593516,-1.198117,3.928343,1.546630,-1.644248
315.000000,0.132743,0.100572,0.112693,0.103817,-0.209530,0.145382,0.142340,0.146213,0.142547,-0.259810,0.159120,0.162209,0.144484,0.108145,-0.271381,-1.568195,1.604043,-1.392583,1.402749,-1.398583,1.378889,-1.059421,1.137068,4.152304,-4.088934,-1.856102,-1.606271,-1.594916,-1.199246,3.930918,1.547190,-1.644809
316.000000,0.132788,0.100633,0.112744,0.103852,-0.209589,0.145445,0.142384,0.146253,0.142570,-0.259922,0.159137,0.162208,0.144498,0.108158,-0.271472,-1.569289,1.605141,-1.393552,1.403723,-1.399547,1.379857,-1.060184,1.137834,4.154797,-4.091437,-1.857653,-1.607673,-1.596310,-1.200370,3.933480,1.547747,-1.645368
317.000000,0.132834,0.100694,0.112794,0.103887,-0.209648,0.145507,0.142427,0.146294,0.142593,-0.260033,0.159155,0.162208,0.144511,0.108171,-0.271563,-1.570378,1.606235,-1.394517,1.404692,-1.400507,1.380821,-1.060944,1.138597,4.157280,-4.093928,-1.859196,-1.609068,-1.597698,-1.201489,3.936030,1.548302,-1.645924
318.000000,0.132879,0.100755,0.112844,0.103921,-0.209707,0.145569,0.142470,0.146334,0.142615,-0.260143,0.159172,0.162209,0.144525,0.108184,-0.271654,-1.571462,1.607323,-1.395478,1.405657,-1.401463,1.381780,-1.061700,1.139356,4.159751,-4.096408,-1.860734,-1.610458,-1.599080,-1.202603,3.938568,1.548854,-1.646477
319.000000,0.132924,0.100816,0.112893,0.103956,-0.209766,0.145631,0.142514,0.146374,0.142638,-0.260253,0.159190,0.162209,0.144538,0.108197,-0.271745,-1.572541,1.608407,-1.396435,1.406617,-1.402414,1.382735,-1.062453,1.140112,4.162210,-4.098876,-1.862264,-1.611842,-1.600456,-1.203713,3.941092,1.549403,-1.647028
320.000000,0.132969,0.100877,0.112943,0.103990,-0.209825,0.145693,0.142557,0.146414,0.142660,-0.260362,0.159208,0.162209,0.144552,0.108210,-0.271835,-1.573616,1.609486,-1.397388,1.407574,-1.403362,1.383687,-1.063203,1.140865,4.164659,-4.101334,-1.863788,-1.613220,-1.601826,-1.204818,3.943605,1.549950,-1.647576
321.000000,0.133013,0.100937,0.112992,0.104024,-0.209883,0.145754,0.142600,0.146454,0.142682,-0.260471,0.159226,0.162210,0.144566,0.108223,-0.271925,-1.574686,1.610561,-1.398336,1.408526,-1.404305,1.384634,-1.063949,1.141615,4.167096,-4.103780,-1.865305,-1.614591,-1.603190,-1.205918,3.946106,1.550494,-1.648121
322.000000,0.133058,0.100997,0.113041,0.104058,-0.209941,0.145815,0.142642,0.146493,0.142705,-0.260579,0.159244,0.162211,0.144580,0.108236,-0.272016,-1.575752,1.611630,-1.399281,1.409475,-1.405244,1.385577,-1.064692,1.142361,4.169522,-4.106215,-1.866815,-1.615957,-1.604549,-1.207014,3.948594,1.551036,-1.648664
323.000000,0.133102,0.101057,0.113090,0.104092,-0.209999,0.145876,0.142685,0.146533,0.142727,-0.260686,0.159262,0.162211,0.144594,0.108249,-0.272106,-1.576813,1.612696,-1.400222,1.410419,-1.406179,1.386516,-1.065432,1.143104,4.171938,-4.108639,-1.868319,-1.617318,-1.605901,-1.208105,3.951070,1.551575,-1.649204
324.000000,0.133146,0.101116,0.113139,0.104126,-0.210057,0.145937,0.142727,0.146572,0.142749,-0.260793,0.159280,0.162212,0.144608,0.108263,-0.272195,-1.577870,1.613756,-1.401158,1.411360,-1.407111,1.387451,-1.066169,1.143844,4.174343,-4.111052,-1.869817,-1.618672,-1.607248,-1.209191,3.953535,1.552111,-1.649742
325.000000,0.133190,0.101175,0.113187,0.104160,-0.210114,0.145997,0.142770,0.146611,0.142771,-0.260900,0.159298,0.162213,0.144622,0.108276,-0.272285,-1.578922,1.614813,-1.402091,1.412296,-1.408038,1.388382,-1.066903,1.144581,4.176736,-4.113455,-1.871308,-1.620021,-1.608589,-1.210273,3.955988,1.552645,-1.650278
326.000000,0.133233,0.101234,0.113236,0.104194,-0.210172,0.146057,0.142812,0.146651,0.142793,-0.261006,0.159316,0.162215,0.144637,0.108289,-0.272375,-1.579969,1.615865,-1.403020,1.413228,-1.408962,1.389309,-1.067634,1.145315,4.179120,-4.115846,-1.872793,-1.621364,-1.609925,-1.211351,3.958429,1.553177,-1.650810
327.000000,0.133277,0.101293,0.113284,0.104227,-0.210229,0.146117,0.142854,0.146690,0.142815,-0.261112,0.159335,0.162216,0.144651,0.108303,-0.272464,-1.581013,1.616912,-1.403944,1.414157,-1.409881,1.390233,-1.068362,1.146045,4.181492,-4.118227,-1.874271,-1.622701,-1.611255,-1.212424,3.960858,1.553706,-1.651341
328.000000,0.133320,0.101352,0.113332,0.104260,-0.210286,0.146177,0.142896,0.146728,0.142837,-0.261217,0.159353,0.162218,0.144665,0.108316,-0.272553,-1.582051,1.617955,-1.404865,1.415082,-1.410797,1.391152,-1.069086,1.146773,4.183855,-4.120598,-1.875743,-1.624033,-1.612579,-1.213493,3.963276,1.554233,-1.651869
329.000000,0.133364,0.101410,0.113379,0.104294,-0.210342,0.146236,0.142937,0.146767,0.142859,-0.261321,0.159372,0.162219,0.144680,0.108330,-0.272642,-1.583086,1.618993,-1.405783,1.416003,-1.411709,1.392068,-1.069808,1.147498,4.186207,-4.122958,-1.877209,-1.625359,-1.613898,-1.214557,3.965683,1.554758,-1.652395
330.000000,0.133407,0.101468,0.113427,0.104327,-0.210399,0.146296,0.142979,0.146806,0.142880,-0.261425,0.159391,0.162221,0.144695,0.108344,-0.272731,-1.584116,1.620028,-1.406696,1.416920,-1.412617,1.392980,-1.070527,1.148219,4.188548,-4.125307,-1.878669,-1.626680,-1.615212,-1.215617,3.968078,1.555280,-1.652918
331.000000,0.133449,0.101526,0.113474,0.104360,-0.210455,0.146355,0.143020,0.146844,0.142902,-0.261529,0.159409,0.162223,0.144709,0.108357,-0.272820,-1.585142,1.621058,-1.407605,1.417833,-1.413522,1.393888,-1.071242,1.148938,4.190879,-4.127647,-1.880122,-1.627995,-1.616519,-1.216673,3.970463,1.555800,-1.653439
332.000000,0.133492,0.101584,0.113522,0.104393,-0.210511,0.146413,0.143062,0.146882,0.142924,-0.261632,0.159428,0.162225,0.144724,0.108371,-0.272909,-1.586164,1.622084,-1.408511,1.418742,-1.414423,1.394792,-1.071955,1.149654,4.193201,-4.129976,-1.881570,-1.629305,-1.617822,-1.217724,3.972836,1.556317,-1.653957
333.000000,0.133535,0.101641,0.113569,0.104425,-0.210567,0.146472,0.143103,0.146921,0.142945,-0.261734,0.159447,0.162227,0.144739,0.108385,-0.272997,-1.587182,1.623105,-1.409414,1.419648,-1.415320,1.395693,-1.072665,1.150366,4.195512,-4.132295,-1.883012,-1.630609,-1.619119,-1.218772,3.975198,1.556833,-1.654474
334.000000,0.133577,0.101699,0.113615,0.104458,-0.210623,0.146531,0.143144,0.146959,0.142967,-0.261837,0.159466,0.162229,0.144754,0.108399,-0.273086,-1.588195,1.624122,-1.410312,1.420550,-1.416213,1.396590,-1.073372,1.151076,4.197813,-4.134604,-1.884447,-1.631908,-1.620411,-1.219815,3.977549,1.557345,-1.654988
335.000000,0.133619,0.101756,0.113662,0.104491,-0.210678,0.146589,0.143185,0.146997,0.142988,-0.261938,0.159485,0.162232,0.144769,0.108412,-0.273174,-1.589204,1.625135,-1.411207,1.421448,-1.417103,1.397483,-1.074076,1.151783,4.200104,-4.136903,-1.885877,-1.633202,-1.621698,-1.220854,3.979889,1.557856,-1.655499
336.000000,0.133661,0.101812,0.113708,0.104523,-0.210734,0.146647,0.143226,0.147034,0.143009,-0.262039,0.159504,0.162234,0.144784,0.108426,-0.273262,-1.590209,1.626145,-1.412098,1.422343,-1.417989,1.398373,-1.074777,1.152487,4.202386,-4.139192,-1.887300,-1.634491,-1.622979,-1.221888,3.982219,1.558364,-1.656009
337.000000,0.133703,0.101869,0.113755,0.104555,-0.210789,0.146704,0.143266,0.147072,0.143030,-0.262140,0.159524,0.162237,0.144799,0.108440,-0.273350,-1.591210,1.627149,-1.412986,1.423234,-1.418872,1.399259,-1.075475,1.153188,4.204657,-4.141471,-1.888718,-1.635774,-1.624256,-1.222919,3.984538,1.558871,-1.656516
338.000000,0.133744,0.101925,0.113801,0.104587,-0.210844,0.146762,0.143307,0.147110,0.143052,-0.262240,0.159543,0.162240,0.144814,0.108454,-0.273438,-1.592207,1.628150,-1.413870,1.424121,-1.419751,1.400141,-1.076171,1.153886,4.206919,-4.143741,-1.890130,-1.637052,-1.625527,-1.223946,3.986846,1.559374,-1.657021
339.000000,0.133786,0.101981,0.113847,0.104619,-0.210899,0.146819,0.143347,0.147147,0.143073,-0.262340,0.159562,0.162242,0.144829,0.108468,-0.273525,-1.593200,1.629147,-1.414750,1.425005,-1.420626,1.401020,-1.076864,1.154582,4.209172,-4.146001,-1.891537,-1.638325,-1.626793,-1.224968,3.989144,1.559876,-1.657523
340.000000,0.133827,0.102037,0.113893,0.104651,-0.210953,0.146877,0.143387,0.147185,0.143094,-0.262440,0.159582,0.162245,0.144844,0.108483,-0.273613,-1.594189,1.630140,-1.415627,1.425886,-1.421498,1.401895,-1.077554,1.155275,4.211415,-4.148251,-1.892937,-1.639593,-1.628053,-1.225987,3.991432,1.560376,-1.658024
341.000000,0.133868,0.102093,0.113938,0.104683,-0.211008,0.146933,0.143428,0.147222,0.143115,-0.262538,0.159601,0.162248,0.144860,0.108497,-0.273700,-1.595174,1.631129,-1.416500,1.426763,-1.422367,1.402767,-1.078241,1.155964,4.213648,-4.150492,-1.894332,-1.640856,-1.629309,-1.227001,3.993709,1.560873,-1.658522
342.000000,0.133909,0.102149,0.113983,0.104715,-0.211062,0.146990,0.143468,0.147259,0.143136,-0.262637,0.159621,0.162252,0.144875,0.108511,-0.273787,-1.596156,1.632114,-1.417370,1.427636,-1.423232,1.403636,-1.078925,1.156652,4.215872,-4.152723,-1.895722,-1.642114,-1.630560,-1.228012,3.995976,1.561368,-1.659018
343.000000,0.133950,0.102204,0.114029,0.104747,-0.211116,0.147047,0.143507,0.147296,0.143157,-0.262735,0.159640,0.162255,0.144891,0.108525,-0.273874,-1.597133,1.633095,-1.418237,1.428506,-1.424094,1.404501,-1.079607,1.157336,4.218087,-4.154945,-1.897105,-1.643367,-1.631806,-1.229018,3.998233,1.561862,-1.659512
344.000000,0.133991,0.102259,0.114074,0.104778,-0.211169,0.147103,0.143547,0.147333,0.143177,-0.262833,0.159660,0.162258,0.144906,0.108539,-0.273961,-1.598106,1.634072,-1.419100,1.429372,-1.424952,1.405362,-1.080286,1.158018,4.220292,-4.157158,-1.898484,-1.644615,-1.633047,-1.230021,4.000480,1.562353,-1.660004
345.000000,0.134031,0.102314,0.114119,0.104809,-0.211223,0.147159,0.143587,0.147369,0.143198,-0.262930,0.159680,0.162262,0.144922,0.108554,-0.274048,-1.599076,1.635045,-1.419960,1.430235,-1.425807,1.406220,-1.080962,1.158697,4.222489,-4.159362,-1.899856,-1.645858,-1.634283,-1.231020,4.002717,1.562841,-1.660494
346.000000,0.134072,0.102368,0.114163,0.104841,-0.211276,0.147215,0.143626,0.147406,0.143219,-0.263027,0.159700,0.162265,0.144937,0.108568,-0.274135,-1.600042,1.636014,-1.420816,1.431095,-1.426658,1.407075,-1.081636,1.159373,4.224676,-4.161556,-1.901223,-1.647096,-1.635515,-1.232015,4.004944,1.563328,-1.660982
347.000000,0.134112,0.102423,0.114208,0.104872,-0.211330,0.147271,0.143666,0.147442,0.143239,-0.263123,0.159720,0.162269,0.144953,0.108582,-0.274221,-1.601003,1.636980,-1.421669,1.431951,-1.427507,1.407927,-1.082307,1.160047,4.226854,-4.163741,-1.902585,-1.648329,-1.636741,-1.233006,4.007161,1.563813,-1.661468
348.000000,0.134152,0.102477,0.114252,0.104903,-0.211383,0.147326,0.143705,0.147479,0.143260,-0.263219,0.159740,0.162273,0.144969,0.108597,-0.274307,-1.601962,1.637942,-1.422519,1.432804,-1.428352,1.408775,-1.082976,1.160718,4.229023,-4.165917,-1.903942,-1.649558,-1.637963,-1.233994,4.009368,1.564296,-1.661951
349.000000,0.134192,0.102531,0.114296,0.104934,-0.211435,0.147382,0.143744,0.147515,0.143280,-0.263314,0.159760,0.162277,0.144985,0.108611,-0.274393,-1.602916,1.638900,-1.423365,1.433654,-1.429193,1.409620,-1.083642,1.161387,4.231184,-4.168085,-1.905293,-1.650781,-1.639180,-1.234977,4.011566,1.564777,-1.662433
350.000000,0.134232,0.102585,0.114340,0.104964,-0.211488,0.147437,0.143783,0.147551,0.143301,-0.263409,0.159780,0.162281,0.145001,0.108626,-0.274479,-1.603867,1.639854,-1.424208,1.434500,-1.430032,1.410461,-1.084305,1.162053,4.233335,-4.170243,-1.906638,-1.652000,-1.640392,-1.235957,4.013754,1.565255,-1.662912
351.000000,0.134271,0.102638,0.114384,0.104995,-0.211541,0.147492,0.143822,0.147587,0.143321,-0.263504,0.159800,0.162285,0.145017,0.108640,-0.274565,-1.604814,1.640804,-1.425048,1.435343,-1.430867,1.411300,-1.084966,1.162716,4.235478,-4.172393,-1.907979,-1.653214,-1.641599,-1.236933,4.015933,1.565732,-1.663390
352.000000,0.134311,0.102692,0.114428,0.105026,-0.211593,0.147547,0.143860,0.147623,0.143341,-0.263598,0.159820,0.162289,0.145033,0.108655,-0.274651,-1.605757,1.641751,-1.425885,1.436183,-1.431699,1.412135,-1.085624,1.163377,4.237612,-4.174534,-1.909314,-1.654424,-1.642802,-1.237906,4.018102,1.566207,-1.663865
353.000000,0.134350,0.102745,0.114471,0.105056,-0.211645,0.147601,0.143899,0.147659,0.143362,-0.263692,0.159840,0.162293,0.145049,0.108669,-0.274736,-1.606697,1.642695,-1.426719,1.437020,-1.432527,1.412967,-1.086280,1.164035,4.239738,-4.176666,-1.910644,-1.655629,-1.644001,-1.238875,4.020262,1.566680,-1.664339
354.000000,0.134389,0.102798,0.114515,0.105087,-0.211697,0.147656,0.143938,0.147695,0.143382,-0.263786,0.159861,0.162298,0.145065,0.108684,-0.274822,-1.607633,1.643634,-1.427549,1.437853,-1.433353,1.413795,-1.086933,1.164691,4.241855,-4.178790,-1.911969,-1.656829,-1.645194,-1.239840,4.022412,1.567150,-1.664810
355.000000,0.134428,0.102851,0.114558,0.105117,-0.211748,0.147710,0.143976,0.147730,0.143402,-0.263879,0.159881,0.162302,0.145081,0.108699,-0.274907,-1.608566,1.644570,-1.428376,1.438683,-1.434176,1.414621,-1.087583,1.165344,4.243963,-4.180905,-1.913289,-1.658025,-1.646383,-1.240802,4.024553,1.567619,-1.665280
356.000000,0.134467,0.102903,0.114601,0.105147,-0.211800,0.147764,0.144014,0.147766,0.143422,-0.263971,0.159901,0.162307,0.145097,0.108714,-0.274992,-1.609495,1.645503,-1.429200,1.439510,-1.434995,1.415443,-1.088232,1.165995,4.246063,-4.183011,-1.914604,-1.659216,-1.647568,-1.241760,4.026686,1.568086,-1.665748
357.000000,0.134505,0.102956,0.114644,0.105177,-0.211851,0.147818,0.144052,0.147801,0.143442,-0.264064,0.159922,0.162311,0.145113,0.108728,-0.275077,-1.610421,1.646432,-1.430021,1.440334,-1.435811,1.416263,-1.088877,1.166643,4.248155,-4.185110,-1.915913,-1.660403,-1.648748,-1.242714,4.028809,1.568551,-1.666213
358.000000,0.134544,0.103008,0.114687,0.105207,-0.211902,0.147871,0.144090,0.147837,0.143462,-0.264155,0.159942,0.162316,0.145130,0.108743,-0.275162,-1.611343,1.647357,-1.430839,1.441155,-1.436624,1.417079,-1.089521,1.167289,4.250238,-4.187199,-1.917218,-1.661585,-1.649924,-1.243665,4.030923,1.569015,-1.666677
359.000000,0.134582,0.103060,0.114729,0.105237,-0.211953,0.147925,0.144128,0.147872,0.143482,-0.264247,0.159963,0.162321,0.145146,0.108758,-0.275246,-1.612261,1.648279,-1.431653,1.441973,-1.437435,1.417892,-1.090162,1.167932,4.252314,-4.189281,-1.918518,-1.662763,-1.651095,-1.244613,4.033028,1.569476,-1.667139
360.000000,0.134621,0.103112,0.114771,0.105267,-0.212004,0.147978,0.144166,0.147907,0.143502,-0.264338,0.159983,0.162326,0.145162,0.108773,-0.275331,-1.613177,1.649198,-1.432465,1.442788,-1.438242,1.418702,-1.090800,1.168573,4.254380,-4.191354,-1.919812,-1.663936,-1.652262,-1.245557,4.035124,1.569935,-1.667599
361.000000,0.134659,0.103163,0.114814,0.105296,-0.212055,0.148031,0.144204,0.147942,0.143522,-0.264429,0.160004,0.162331,0.145179,0.108787,-0.275415,-1.614088,1.650113,-1.433274,1.443600,-1.439046,1.419509,-1.091436,1.169212,4.256439,-4.193419,-1.921102,-1.665105,-1.653425,-1.246497,4.037211,1.570393,-1.668058
362.000000,0.134697,0.103215,0.114856,0.105326,-0.212105,0.148084,0.144242,0.147977,0.143541,-0.264519,0.160025,0.162336,0.145195,0.108802,-0.275499,-1.614997,1.651025,-1.434079,1.444408,-1.439847,1.420313,-1.092070,1.169848,4.258490,-4.195476,-1.922387,-1.666270,-1.654583,-1.247434,4.039290,1.570849,-1.668514
363.000000,0.134734,0.103266,0.114898,0.105355,-0.212155,0.148137,0.144279,0.148011,0.143561,-0.264609,0.160045,0.162341,0.145212,0.108817,-0.275584,-1.615902,1.651933,-1.434882,1.445214,-1.440645,1.421114,-1.092702,1.170482,4.260533,-4.197525,-1.923667,-1.667430,-1.655737,-1.248368,4.041360,1.571303,-1.668969
364.000000,0.134772,0.103317,0.114939,0.105385,-0.212205,0.148190,0.144316,0.148046,0.143581,-0.264699,0.160066,0.162346,0.145228,0.108832,-0.275667,-1.616803,1.652838,-1.435682,1.446017,-1.441440,1.421913,-1.093331,1.171113,4.262567,-4.199566,-1.924943,-1.668586,-1.656887,-1.249298,4.043421,1.571755,-1.669421
365.000000,0.134810,0.103368,0.114981,0.105414,-0.212255,0.148242,0.144354,0.148081,0.143600,-0.264788,0.160087,0.162352,0.145245,0.108847,-0.275751,-1.617702,1.653739,-1.436479,1.446816,-1.442233,1.422708,-1.093957,1.171742,4.264594,-4.201599,-1.926213,-1.669738,-1.658032,-1.250225,4.045474,1.572205,-1.669872
366.000000,0.134847,0.103418,0.115023,0.105443,-0.212305,0.148294,0.144391,0.148115,0.143620,-0.264877,0.160108,0.162357,0.145262,0.108862,-0.275835,-1.618597,1.654637,-1.437273,1.447613,-1.443022,1.423500,-1.094582,1.172369,4.266613,-4.203624,-1.927479,-1.670885,-1.659173,-1.251149,4.047518,1.572654,-1.670321
367.000000,0.134884,0.103469,0.115064,0.105472,-0.212355,0.148346,0.144428,0.148149,0.143639,-0.264966,0.160129,0.162363,0.145278,0.108877,-0.275918,-1.619488,1.655532,-1.438064,1.448407,-1.443808,1.424289,-1.095204,1.172994,4.268624,-4.205641,-1.928740,-1.672029,-1.660310,-1.252069,4.049554,1.573100,-1.670769
368.000000,0.134921,0.103519,0.115105,0.105501,-0.212404,0.148398,0.144465,0.148184,0.143659,-0.265054,0.160150,0.162368,0.145295,0.108892,-0.276002,-1.620377,1.656424,-1.438852,1.449198,-1.444592,1.425076,-1.095824,1.173616,4.270628,-4.207651,-1.929997,-1.673168,-1.661443,-1.252986,4.051582,1.573545,-1.671214
369.000000,0.134958,0.103569,0.115146,0.105530,-0.212453,0.148450,0.144501,0.148218,0.143678,-0.265142,0.160171,0.162374,0.145312,0.108907,-0.276085,-1.621262,1.657312,-1.439637,1.449986,-1.445373,1.425860,-1.096442,1.174236,4.272624,-4.209652,-1.931248,-1.674303,-1.662572,-1.253900,4.053601,1.573989,-1.671658
370.000000,0.134995,0.103619,0.115187,0.105558,-0.212502,0.148501,0.144538,0.148252,0.143697,-0.265229,0.160192,0.162380,0.145329,0.108922,-0.276168,-1.622144,1.658198,-1.440419,1.450771,-1.446151,1.426640,-1.097057,1.174854,4.274612,-4.211646,-1.932496,-1.675433,-1.663697,-1.254811,4.055612,1.574430,-1.672100
371.000000,0.135032,0.103669,0.115228,0.105587,-0.212551,0.148553,0.144575,0.148286,0.143717,-0.265316,0.160213,0.162385,0.145346,0.108938,-0.276251,-1.623023,1.659079,-1.441199,1.451554,-1.446926,1.427418,-1.097670,1.175469,4.276592,-4.213633,-1.933738,-1.676560,-1.664817,-1.255718,4.057615,1.574870,-1.672541
372.000000,0.135068,0.103719,0.115268,0.105615,-0.212599,0.148604,0.144611,0.148319,0.143736,-0.265403,0.160234,0.162391,0.145362,0.108953,-0.276333,-1.623898,1.659958,-1.441976,1.452333,-1.447698,1.428194,-1.098281,1.176083,4.278566,-4.215612,-1.934976,-1.677683,-1.665934,-1.256622,4.059610,1.575308,-1.672980
373.000000,0.135105,0.103768,0.115309,0.105644,-0.212648,0.148655,0.144648,0.148353,0.143755,-0.265489,0.160255,0.162397,0.145379,0.108968,-0.276416,-1.624771,1.660834,-1.442750,1.453110,-1.448468,1.428966,-1.098890,1.176694,4.280531,-4.217583,-1.936210,-1.678802,-1.667047,-1.257523,4.061596,1.575745,-1.673416
374.000000,0.135141,0.103817,0.115349,0.105672,-0.212696,0.148706,0.144684,0.148387,0.143774,-0.265576,0.160276,0.162403,0.145396,0.108983,-0.276498,-1.625640,1.661706,-1.443521,1.453884,-1.449235,1.429736,-1.099497,1.177302,4.282489,-4.219547,-1.937439,-1.679916,-1.668155,-1.258420,4.063575,1.576179,-1.673852
375.000000,0.135177,0.103866,0.115389,0.105700,-0.212744,0.148757,0.144720,0.148420,0.143793,-0.265661,0.160297,0.162409,0.145413,0.108998,-0.276581,-1.626506,1.662575,-1.444289,1.454655,-1.449999,1.430502,-1.100101,1.177909,4.284440,-4.221503,-1.938664,-1.681027,-1.669260,-1.259315,4.065546,1.576613,-1.674285
376.000000,0.135213,0.103915,0.115429,0.105729,-0.212792,0.148807,0.144756,0.148454,0.143812,-0.265747,0.160319,0.162416,0.145430,0.109013,-0.276663,-1.627369,1.663442,-1.445055,1.455424,-1.450760,1.431267,-1.100703,1.178514,4.286384,-4.223453,-1.939884,-1.682134,-1.670360,-1.260206,4.067509,1.577044,-1.674717
377.000000,0.135249,0.103964,0.115469,0.105757,-0.212840,0.148858,0.144792,0.148487,0.143831,-0.265832,0.160340,0.162422,0.145447,0.109029,-0.276745,-1.628230,1.664305,-1.445818,1.456189,-1.451519,1.432028,-1.101304,1.179116,4.288320,-4.225394,-1.941100,-1.683236,-1.671457,-1.261095,4.069464,1.577474,-1.675148
378.000000,0.135284,0.104012,0.115508,0.105785,-0.212888,0.148908,0.144828,0.148520,0.143850,-0.265917,0.160361,0.162428,0.145465,0.109044,-0.276827,-1.629087,1.665165,-1.446578,1.456952,-1.452275,1.432787,-1.101902,1.179716,4.290249,-4.227329,-1.942311,-1.684335,-1.672550,-1.261980,4.071411,1.577902,-1.675576
379.000000,0.135320,0.104061,0.115548,0.105812,-0.212935,0.148958,0.144864,0.148554,0.143869,-0.266001,0.160383,0.162435,0.145482,0.109059,-0.276908,-1.629941,1.666022,-1.447336,1.457713,-1.453028,1.433543,-1.102497,1.180315,4.292171,-4.229257,-1.943518,-1.685430,-1.673639,-1.262862,4.073350,1.578328,-1.676003
380.000000,0.135356,0.104109,0.115587,0.105840,-0.212982,0.149008,0.144899,0.148587,0.143888,-0.266085,0.160404,0.162441,0.145499,0.109075,-0.276990,-1.630792,1.666876,-1.448091,1.458471,-1.453779,1.434296,-1.103091,1.180911,4.294086,-4.231177,-1.944721,-1.686522,-1.674724,-1.263741,4.075282,1.578753,-1.676429
381.000000,0.135391,0.104157,0.115627,0.105868,-0.213029,0.149058,0.144935,0.148620,0.143906,-0.266169,0.160426,0.162448,0.145516,0.109090,-0.277071,-1.631640,1.667727,-1.448843,1.459226,-1.454527,1.435047,-1.103683,1.181505,4.295994,-4.233090,-1.945920,-1.687609,-1.675806,-1.264617,4.077206,1.579177,-1.676852
382.000000,0.135426,0.104205,0.115666,0.105895,-0.213076,0.149107,0.144971,0.148653,0.143925,-0.266253,0.160447,0.162454,0.145533,0.109105,-0.277153,-1.632485,1.668575,-1.449593,1.459978,-1.455273,1.435795,-1.104273,1.182097,4.297895,-4.234996,-1.947114,-1.688692,-1.676883,-1.265490,4.079123,1.579599,-1.677275
383.000000,0.135461,0.104252,0.115705,0.105923,-0.213123,0.149157,0.145006,0.148685,0.143944,-0.266336,0.160468,0.162461,0.145551,0.109121,-0.277234,-1.633327,1.669420,-1.450340,1.460728,-1.456016,1.436541,-1.104860,1.182686,4.299788,-4.236895,-1.948304,-1.689772,-1.677957,-1.266360,4.081032,1.580019,-1.677695
384.000000,0.135496,0.104300,0.115744,0.105950,-0.213170,0.149206,0.145041,0.148718,0.143962,-0.266419,0.160490,0.162468,0.145568,0.109136,-0.277315,-1.634166,1.670262,-1.451085,1.461475,-1.456756,1.437283,-1.105446,1.183274,4.301675,-4.238787,-1.949490,-1.690848,-1.679027,-1.267228,4.082934,1.580437,-1.678114
385.000000,0.135531,0.104347,0.115782,0.105977,-0.213216,0.149255,0.145076,0.148751,0.143981,-0.266501,0.160511,0.162474,0.145585,0.109152,-0.277396,-1.635002,1.671101,-1.451827,1.462220,-1.457494,1.438024,-1.106030,1.183860,4.303555,-4.240673,-1.950672,-1.691920,-1.680094,-1.268092,4.084828,1.580854,-1.678532
386.000000,0.135566,0.104394,0.115821,0.106005,-0.213262,0.149304,0.145111,0.148783,0.143999,-0.266583,0.160533,0.162481,0.145603,0.109167,-0.277476,-1.635835,1.671937,-1.452566,1.462962,-1.458229,1.438762,-1.106611,1.184444,4.305428,-4.242551,-1.951849,-1.692989,-1.681157,-1.268953,4.086715,1.581270,-1.678948
387.000000,0.135600,0.104441,0.115859,0.106032,-0.213308,0.149353,0.145146,0.148816,0.144018,-0.266665,0.160555,0.162488,0.145620,0.109182,-0.277557,-1.636666,1.672770,-1.453303,1.463701,-1.458962,1.439497,-1.107191,1.185025,4.307295,-4.244422,-1.953023,-1.694054,-1.682216,-1.269812,4.088595,1.581684,-1.679362
388.000000,0.135635,0.104488,0.115897,0.106059,-0.213354,0.149402,0.145181,0.148848,0.144036,-0.266747,0.160576,0.162495,0.145637,0.109198,-0.277637,-1.637494,1.673601,-1.454037,1.464438,-1.459692,1.440230,-1.107768,1.185605,4.309154,-4.246287,-1.954192,-1.695115,-1.683271,-1.270667,4.090468,1.582096,-1.679775
389.000000,0.135669,0.104535,0.115936,0.106086,-0.213400,0.149451,0.145216,0.148880,0.144055,-0.266828,0.160598,0.162502,0.145655,0.109213,-0.277717,-1.638318,1.674428,-1.454769,1.465172,-1.460420,1.440960,-1.108344,1.186183,4.311007,-4.248145,-1.955358,-1.696173,-1.684323,-1.271520,4.092333,1.582507,-1.680186
390.000000,0.135703,0.104581,0.115974,0.106113,-0.213446,0.149499,0.145251,0.148912,0.144073,-0.266909,0.160620,0.162509,0.145672,0.109229,-0.277798,-1.639140,1.675253,-1.455498,1.465904,-1.461145,1.441688,-1.108918,1.186758,4.312854,-4.249997,-1.956519,-1.697227,-1.685371,-1.272369,4.094191,1.582917,-1.680596
391.000000,0.135737,0.104628,0.116012,0.106139,-0.213491,0.149547,0.145285,0.148944,0.144091,-0.266990,0.160641,0.162517,0.145690,0.109244,-0.277878,-1.639960,1.676075,-1.456225,1.466634,-1.461868,1.442413,-1.109489,1.187332,4.314693,-4.251841,-1.957676,-1.698277,-1.686416,-1.273216,4.096042,1.583325,-1.681004
392.000000,0.135771,0.104674,0.116049,0.106166,-0.213536,0.149595,0.145320,0.148976,0.144109,-0.267070,0.160663,0.162524,0.145707,0.109260,-0.277957,-1.640776,1.676894,-1.456950,1.467361,-1.462588,1.443136,-1.110059,1.187904,4.316527,-4.253680,-1.958830,-1.699324,-1.687457,-1.274060,4.097886,1.583731,-1.681411
393.000000,0.135805,0.104720,0.116087,0.106193,-0.213581,0.149643,0.145354,0.149008,0.144128,-0.267150,0.160685,0.162531,0.145725,0.109275,-0.278037,-1.641590,1.677711,-1.457672,1.468085,-1.463306,1.443856,-1.110627,1.188474,4.318353,-4.255511,-1.959979,-1.700367,-1.688495,-1.274902,4.099723,1.584136,-1.681816
394.000000,0.135839,0.104766,0.116124,0.106219,-0.213626,0.149691,0.145389,0.149040,0.144146,-0.267230,0.160707,0.162538,0.145742,0.109291,-0.278117,-1.642400,1.678524,-1.458391,1.468807,-1.464021,1.444574,-1.111193,1.189042,4.320173,-4.257336,-1.961125,-1.701407,-1.689529,-1.275740,4.101553,1.584540,-1.682220
395.000000,0.135872,0.104811,0.116162,0.106245,-0.213671,0.149739,0.145423,0.149072,0.144164,-0.267310,0.160728,0.162546,0.145760,0.109306,-0.278196,-1.643209,1.679335,-1.459108,1.469527,-1.464734,1.445290,-1.111757,1.189608,4.321987,-4.259155,-1.962266,-1.702443,-1.690560,-1.276576,4.103377,1.584942,-1.682623
396.000000,0.135906,0.104857,0.116199,0.106272,-0.213716,0.149786,0.145457,0.149103,0.144182,-0.267389,0.160750,0.162553,0.145778,0.109322,-0.278275,-1.644014,1.680144,-1.459823,1.470244,-1.465445,1.446003,-1.112319,1.190172,4.323795,-4.260967,-1.963404,-1.703476,-1.691587,-1.277409,4.105193,1.585343,-1.683024
397.000000,0.135939,0.104902,0.116236,0.106298,-0.213760,0.149834,0.145491,0.149135,0.144200,-0.267468,0.160772,0.162561,0.145795,0.109338,-0.278355,-1.644817,1.680949,-1.460536,1.470959,-1.466153,1.446714,-1.112879,1.190734,4.325596,-4.262773,-1.964538,-1.704505,-1.692611,-1.278239,4.107002,1.585742,-1.683423
398.000000,0.135972,0.104948,0.116273,0.106324,-0.213805,0.149881,0.145525,0.149166,0.144218,-0.267547,0.160794,0.162568,0.145813,0.109353,-0.278434,-1.645617,1.681752,-1.461246,1.471671,-1.466859,1.447422,-1.113438,1.191295,4.327390,-4.264572,-1.965668,-1.705531,-1.693631,-1.279067,4.108805,1.586140,-1.683821
399.000000,0.136005,0.104993,0.116310,0.106350,-0.213849,0.149928,0.145559,0.149198,0.144236,-0.267625,0.160816,0.162576,0.145831,0.109369,-0.278512,-1.646414,1.682552,-1.461953,1.472381,-1.467563,1.448128,-1.113994,1.191853,4.329179,-4.266365,-1.966794,-1.706554,-1.694648,-1.279892,4.110601,1.586536,-1.684218
400.000000,0.136038,0.105038,0.116347,0.106376,-0.213893,0.149975,0.145592,0.149229,0.144254,-0.267703,0.160838,0.162584,0.145848,0.109384,-0.278591,-1.647209,1.683349,-1.462659,1.473089,-1.468264,1.448832,-1.114549,1.192410,4.330961,-4.268152,-1.967916,-1.707573,-1.695662,-1.280714,4.112391,1.586931,-1.684613
401.000000,0.136071,0.105082,0.116383,0.106402,-0.213937,0.150022,0.145626,0.149260,0.144271,-0.267781,0.160860,0.162591,0.145866,0.109400,-0.278670,-1.648001,1.684144,-1.463361,1.473794,-1.468963,1.449533,-1.115102,1.192965,4.332737,-4.269933,-1.969035,-1.708589,-1.696672,-1.281534,4.114174,1.587325,-1.685007
402.000000,0.136104,0.105127,0.116420,0.106428,-0.213980,0.150069,0.145660,0.149291,0.144289,-0.267859,0.160882,0.162599,0.145884,0.109416,-0.278748,-1.648791,1.684936,-1.464062,1.474498,-1.469660,1.450232,-1.115653,1.193518,4.334507,-4.271708,-1.970150,-1.709601,-1.697679,-1.282351,4.115950,1.587717,-1.685400
403.000000,0.136137,0.105171,0.116456,0.106453,-0.214024,0.150115,0.145693,0.149323,0.144307,-0.267936,0.160903,0.162607,0.145901,0.109431,-0.278826,-1.649578,1.685726,-1.464761,1.475198,-1.470354,1.450929,-1.116202,1.194069,4.336271,-4.273476,-1.971261,-1.710610,-1.698683,-1.283165,4.117719,1.588108,-1.685791
404.000000,0.136169,0.105216,0.116492,0.106479,-0.214067,0.150162,0.145727,0.149354,0.144325,-0.268013,0.160925,0.162615,0.145919,0.109447,-0.278905,-1.650362,1.686513,-1.465457,1.475897,-1.471046,1.451623,-1.116750,1.194619,4.338029,-4.275238,-1.972368,-1.711616,-1.699683,-1.283976,4.119483,1.588497,-1.686180
405.000000,0.136201,0.105260,0.116529,0.106505,-0.214111,0.150208,0.145760,0.149384,0.144342,-0.268090,0.160947,0.162623,0.145937,0.109463,-0.278983,-1.651144,1.687297,-1.466150,1.476593,-1.471736,1.452316,-1.117295,1.195166,4.339780,-4.276995,-1.973472,-1.712619,-1.700680,-1.284786,4.121239,1.588885,-1.686569
406.000000,0.136234,0.105304,0.116565,0.106530,-0.214154,0.150254,0.145793,0.149415,0.144360,-0.268166,0.160969,0.162631,0.145955,0.109478,-0.279060,-1.651923,1.688079,-1.466842,1.477287,-1.472424,1.453006,-1.117839,1.195712,4.341526,-4.278745,-1.974573,-1.713618,-1.701674,-1.285592,4.122990,1.589272,-1.686956
407.000000,0.136266,0.105348,0.116600,0.106556,-0.214197,0.150300,0.145826,0.149446,0.144377,-0.268242,0.160991,0.162639,0.145973,0.109494,-0.279138,-1.652700,1.688858,-1.467531,1.477979,-1.473109,1.453693,-1.118381,1.196256,4.343266,-4.280489,-1.975669,-1.714614,-1.702665,-1.286396,4.124734,1.589658,-1.687341
408.000000,0.136298,0.105391,0.116636,0.106581,-0.214239,0.150346,0.145859,0.149477,0.144395,-0.268318,0.161014,0.162647,0.145991,0.109510,-0.279216,-1.653474,1.689635,-1.468219,1.478668,-1.473793,1.454379,-1.118922,1.196798,4.345000,-4.282227,-1.976762,-1.715607,-1.703652,-1.287197,4.126471,1.590042,-1.687726
409.000000,0.136330,0.105435,0.116672,0.106606,-0.214282,0.150392,0.145892,0.149507,0.144412,-0.268394,0.161036,0.162655,0.146008,0.109526,-0.279293,-1.654246,1.690409,-1.468903,1.479355,-1.474474,1.455062,-1.119460,1.197339,4.346728,-4.283960,-1.977852,-1.716596,-1.704636,-1.287996,4.128203,1.590424,-1.688109
410.000000,0.136362,0.105478,0.116707,0.106631,-0.214325,0.150437,0.145925,0.149538,0.144430,-0.268469,0.161058,0.162663,0.146026,0.109541,-0.279371,-1.655015,1.691181,-1.469586,1.480040,-1.475153,1.455743,-1.119997,1.197878,4.348450,-4.285686,-1.978937,-1.717583,-1.705618,-1.288792,4.129928,1.590806,-1.688490
411.000000,0.136394,0.105522,0.116743,0.106656,-0.214367,0.150483,0.145958,0.149568,0.144447,-0.268544,0.161080,0.162671,0.146044,0.109557,-0.279448,-1.655782,1.691950,-1.470267,1.480723,-1.475829,1.456422,-1.120532,1.198415,4.350166,-4.287407,-1.980020,-1.718566,-1.706595,-1.289586,4.131647,1.591186,-1.688871
412.000000,0.136425,0.105565,0.116778,0.106681,-0.214409,0.150528,0.145991,0.149598,0.144465,-0.268619,0.161102,0.162680,0.146062,0.109573,-0.279525,-1.656546,1.692717,-1.470945,1.481404,-1.476504,1.457099,-1.121066,1.198950,4.351877,-4.289122,-1.981099,-1.719546,-1.707570,-1.290377,4.133359,1.591565,-1.689250
413.000000,0.136457,0.105608,0.116813,0.106706,-0.214451,0.150574,0.146023,0.149629,0.144482,-0.268694,0.161124,0.162688,0.146080,0.109589,-0.279602,-1.657308,1.693481,-1.471621,1.482082,-1.477176,1.457774,-1.121598,1.199484,4.353582,-4.290831,-1.982174,-1.720523,-1.708542,-1.291166,4.135066,1.591943,-1.689628
414.000000,0.136488,0.105651,0.116848,0.106731,-0.214493,0.150619,0.146056,0.149659,0.144499,-0.268768,0.161146,0.162696,0.146098,0.109604,-0.279678,-1.658067,1.694243,-1.472295,1.482758,-1.477846,1.458446,-1.122128,1.200016,4.355281,-4.292534,-1.983246,-1.721497,-1.709511,-1.291953,4.136767,1.592319,-1.690004
415.000000,0.136519,0.105693,0.116883,0.106756,-0.214535,0.150664,0.146088,0.149689,0.144516,-0.268842,0.161168,0.162705,0.146116,0.109620,-0.279755,-1.658824,1.695003,-1.472967,1.483433,-1.478514,1.459116,-1.122656,1.200546,4.356974,-4.294232,-1.984314,-1.722468,-1.710476,-1.292737,4.138461,1.592694,-1.690379
416.000000,0.136551,0.105736,0.116918,0.106780,-0.214577,0.150708,0.146121,0.149719,0.144534,-0.268916,0.161190,0.162713,0.146134,0.109636,-0.279832,-1.659579,1.695760,-1.473637,1.484105,-1.479180,1.459785,-1.123183,1.201075,4.358662,-4.295924,-1.985379,-1.723435,-1.711439,-1.293518,4.140150,1.593068,-1.690753
417.000000,0.136582,0.105778,0.116952,0.106805,-0.214618,0.150753,0.146153,0.149749,0.144551,-0.268990,0.161213,0.162722,0.146152,0.109652,-0.279908,-1.660331,1.696514,-1.474305,1.484775,-1.479844,1.460451,-1.123708,1.201602,4.360344,-4.297611,-1.986441,-1.724400,-1.712398,-1.294297,4.141832,1.593440,-1.691126
418.000000,0.136613,0.105821,0.116987,0.106829,-0.214659,0.150798,0.146185,0.149779,0.144568,-0.269063,0.161235,0.162730,0.146170,0.109667,-0.279984,-1.661081,1.697267,-1.474970,1.485442,-1.480506,1.461115,-1.124231,1.202127,4.362021,-4.299291,-1.987499,-1.725361,-1.713354,-1.295074,4.143509,1.593811,-1.691497
419.000000,0.136644,0.105863,0.117021,0.106854,-0.214701,0.150842,0.146218,0.149809,0.144585,-0.269136,0.161257,0.162739,0.146188,0.109683,-0.280060,-1.661829,1.698017,-1.475634,1.486108,-1.481166,1.461777,-1.124753,1.202651,4.363692,-4.300967,-1.988554,-1.726320,-1.714308,-1.295848,4.145180,1.594181,-1.691867
420.000000,0.136674,0.105905,0.117056,0.106878,-0.214742,0.150887,0.146250,0.149838,0.144602,-0.269209,0.161279,0.162748,0.146206,0.109699,-0.280136,-1.662574,1.698764,-1.476295,1.486772,-1.481824,1.462436,-1.125273,1.203173,4.365358,-4.302637,-1.989605,-1.727276,-1.715258,-1.296620,4.146845,1.594550,-1.692236
421.000000,0.136705,0.105947,0.117090,0.106903,-0.214783,0.150931,0.146282,0.149868,0.144619,-0.269282,0.161301,0.162756,0.146224,0.109715,-0.280212,-1.663317,1.699509,-1.476955,1.487433,-1.482479,1.463094,-1.125792,1.203693,4.367018,-4.304301,-1.990653,-1.728228,-1.716206,-1.297390,4.148504,1.594918,-1.692604
422.000000,0.136736,0.105989,0.117124,0.106927,-0.214823,0.150975,0.146313,0.149897,0.144636,-0.269354,0.161324,0.162765,0.146242,0.109731,-0.280288,-1.664057,1.700252,-1.477612,1.488093,-1.483133,1.463750,-1.126309,1.204212,4.368673,-4.305960,-1.991698,-1.729178,-1.717150,-1.298157,4.150157,1.595284,-1.692970
423.000000,0.136766,0.106030,0.117158,0.106951,-0.214864,0.151019,0.146345,0.149927,0.144653,-0.269426,0.161346,0.162774,0.146260,0.109746,-0.280363,-1.664795,1.700993,-1.478267,1.488750,-1.483784,1.464404,-1.126824,1.204729,4.370323,-4.307613,-1.992740,-1.730124,-1.718092,-1.298922,4.151805,1.595649,-1.693336
424.000000,0.136797,0.106072,0.117192,0.106975,-0.214905,0.151063,0.146377,0.149956,0.144670,-0.269498,0.161368,0.162782,0.146278,0.109762,-0.280439,-1.665531,1.701731,-1.478921,1.489406,-1.484434,1.465055,-1.127338,1.205244,4.371967,-4.309261,-1.993778,-1.731068,-1.719031,-1.299684,4.153447,1.596013,-1.693700
425.000000,0.136827,0.106113,0.117226,0.106999,-0.214945,0.151106,0.146409,0.149986,0.144686,-0.269570,0.161390,0.162791,0.146296,0.109778,-0.280514,-1.666265,1.702467,-1.479572,1.490059,-1.485082,1.465705,-1.127850,1.205758,4.373606,-4.310904,-1.994813,-1.732009,-1.719966,-1.300444,4.155083,1.596376,-1.694063
426.000000,0.136857,0.106154,0.117260,0.107023,-0.214985,0.151150,0.146440,0.150015,0.144703,-0.269641,0.161413,0.162800,0.146315,0.109794,-0.280589,-1.666996,1.703201,-1.480221,1.490710,-1.485727,1.466353,-1.128361,1.206271,4.375239,-4.312541,-1.995845,-1.732947,-1.720899,-1.301202,4.156714,1.596737,-1.694424
427.000000,0.136887,0.106195,0.117293,0.107047,-0.215025,0.151194,0.146472,0.150044,0.144720,-0.269713,0.161435,0.162809,0.146333,0.109810,-0.280664,-1.667725,1.703932,-1.480869,1.491360,-1.486371,1.466998,-1.128870,1.206781,4.376867,-4.314173,-1.996873,-1.733882,-1.721829,-1.301958,4.158339,1.597098,-1.694785
428.000000,0.136917,0.106236,0.117327,0.107070,-0.215065,0.151237,0.146503,0.150073,0.144737,-0.269784,0.161457,0.162818,0.146351,0.109826,-0.280739,-1.668452,1.704661,-1.481514,1.492007,-1.487012,1.467642,-1.129377,1.207291,4.378490,-4.315800,-1.997899,-1.734814,-1.722757,-1.302711,4.159958,1.597457,-1.695144
429.000000,0.136947,0.106277,0.117360,0.107094,-0.215105,0.151280,0.146535,0.150102,0.144753,-0.269854,0.161479,0.162827,0.146369,0.109841,-0.280814,-1.669177,1.705388,-1.482157,1.492653,-1.487652,1.468284,-1.129883,1.207798,4.380108,-4.317422,-1.998921,-1.735743,-1.723681,-1.303462,4.161572,1.597815,-1.695502
430.000000,0.136977,0.106318,0.117393,0.107118,-0.215145,0.151323,0.146566,0.150131,0.144770,-0.269925,0.161502,0.162836,0.146387,0.109857,-0.280888,-1.669900,1.706113,-1.482799,1.493296,-1.488290,1.468924,-1.130388,1.208304,4.381721,-4.319038,-1.999940,-1.736670,-1.724603,-1.304211,4.163180,1.598172,-1.695859
431.000000,0.137006,0.106358,0.117426,0.107141,-0.215184,0.151366,0.146597,0.150160,0.144787,-0.269995,0.161524,0.162845,0.146405,0.109873,-0.280963,-1.670620,1.706836,-1.483438,1.493938,-1.488926,1.469562,-1.130891,1.208809,4.383328,-4.320650,-2.000956,-1.737594,-1.725521,-1.304958,4.164783,1.598528,-1.696215
432.000000,0.137036,0.106399,0.117459,0.107165,-0.215224,0.151409,0.146628,0.150189,0.144803,-0.270065,0.161546,0.162854,0.146423,0.109889,-0.281037,-1.671338,1.707556,-1.484076,1.494577,-1.489560,1.470198,-1.131392,1.209312,4.384931,-4.322256,-2.001969,-1.738515,-1.726437,-1.305702,4.166381,1.598882,-1.696569
433.000000,0.137065,0.106439,0.117492,0.107188,-0.215263,0.151452,0.146659,0.150218,0.144820,-0.270135,0.161569,0.162863,0.146442,0.109905,-0.281111,-1.672054,1.708274,-1.484711,1.495215,-1.490192,1.470832,-1.131892,1.209814,4.386528,-4.323857,-2.002979,-1.739433,-1.727351,-1.306445,4.167973,1.599236,-1.696923
434.000000,0.137095,0.106479,0.117525,0.107212,-0.215302,0.151495,0.146690,0.150247,0.144836,-0.270205,0.161591,0.162872,0.146460,0.109921,-0.281186,-1.672768,1.708990,-1.485345,1.495851,-1.490822,1.471464,-1.132390,1.210314,4.388121,-4.325453,-2.003985,-1.740348,-1.728261,-1.307185,4.169560,1.599588,-1.697275
435.000000,0.137124,0.106519,0.117558,0.107235,-0.215341,0.151537,0.146721,0.150275,0.144853,-0.270274,0.161613,0.162882,0.146478,0.109937,-0.281260,-1.673479,1.709704,-1.485977,1.496485,-1.491450,1.472094,-1.132887,1.210812,4.389708,-4.327044,-2.004989,-1.741261,-1.729169,-1.307923,4.171142,1.599939,-1.697626
436.000000,0.137153,0.106559,0.117590,0.107258,-0.215380,0.151580,0.146752,0.150304,0.144869,-0.270343,0.161635,0.162891,0.146496,0.109952,-0.281333,-1.674189,1.710416,-1.486607,1.497116,-1.492076,1.472722,-1.133382,1.211309,4.391290,-4.328630,-2.005989,-1.742171,-1.730074,-1.308658,4.172718,1.600289,-1.697977
437.000000,0.137182,0.106599,0.117623,0.107281,-0.215419,0.151622,0.146783,0.150332,0.144886,-0.270412,0.161658,0.162900,0.146514,0.109968,-0.281407,-1.674896,1.711125,-1.487235,1.497747,-1.492701,1.473349,-1.133876,1.211805,4.392868,-4.330211,-2.006987,-1.743078,-1.730976,-1.309392,4.174289,1.600638,-1.698326
438.000000,0.137211,0.106639,0.117655,0.107304,-0.215457,0.151664,0.146813,0.150361,0.144902,-0.270481,0.161680,0.162909,0.146533,0.109984,-0.281481,-1.675602,1.711833,-1.487861,1.498375,-1.493323,1.473973,-1.134369,1.212299,4.394440,-4.331787,-2.007981,-1.743982,-1.731876,-1.310123,4.175854,1.600986,-1.698673
439.000000,0.137240,0.106678,0.117688,0.107327,-0.215496,0.151706,0.146844,0.150389,0.144918,-0.270549,0.161702,0.162919,0.146551,0.110000,-0.281554,-1.676305,1.712538,-1.488485,1.499001,-1.493944,1.474596,-1.134859,1.212791,4.396007,-4.333358,-2.008973,-1.744884,-1.732773,-1.310852,4.177415,1.601333,-1.699020
440.000000,0.137269,0.106718,0.117720,0.107350,-0.215534,0.151748,0.146874,0.150417,0.144934,-0.270618,0.161725,0.162928,0.146569,0.110016,-0.281627,-1.677006,1.713242,-1.489108,1.499625,-1.494563,1.475217,-1.135349,1.213283,4.397570,-4.334924,-2.009962,-1.745783,-1.733667,-1.311580,4.178970,1.601679,-1.699366
441.000000,0.137298,0.106757,0.117752,0.107373,-0.215572,0.151790,0.146905,0.150446,0.144951,-0.270686,0.161747,0.162937,0.146587,0.110032,-0.281701,-1.677705,1.713943,-1.489728,1.500248,-1.495180,1.475836,-1.135837,1.213772,4.399128,-4.336485,-2.010947,-1.746679,-1.734559,-1.312305,4.180520,1.602023,-1.699710
442.000000,0.137326,0.106796,0.117784,0.107396,-0.215610,0.151832,0.146935,0.150474,0.144967,-0.270754,0.161769,0.162947,0.146605,0.110048,-0.281774,-1.678402,1.714642,-1.490347,1.500869,-1.495795,1.476453,-1.136324,1.214261,4.400681,-4.338042,-2.011930,-1.747573,-1.735448,-1.313028,4.182066,1.602367,-1.700054
443.000000,0.137355,0.106835,0.117816,0.107418,-0.215648,0.151874,0.146965,0.150502,0.144983,-0.270821,0.161792,0.162956,0.146624,0.110063,-0.281847,-1.679097,1.715339,-1.490964,1.501488,-1.496409,1.477069,-1.136809,1.214747,4.402229,-4.339594,-2.012909,-1.748464,-1.736334,-1.313748,4.183606,1.602709,-1.700396
444.000000,0.137383,0.106874,0.117848,0.107441,-0.215686,0.151915,0.146996,0.150530,0.144999,-0.270889,0.161814,0.162966,0.146642,0.110079,-0.281919,-1.679790,1.716034,-1.491579,1.502105,-1.497021,1.477682,-1.137293,1.215233,4.403773,-4.341140,-2.013886,-1.749353,-1.737218,-1.314467,4.185141,1.603051,-1.700738
445.000000,0.137411,0.106913,0.117879,0.107464,-0.215724,0.151957,0.147026,0.150558,0.145015,-0.270956,0.161837,0.162975,0.146660,0.110095,-0.281992,-1.680480,1.716727,-1.492193,1.502720,-1.497630,1.478294,-1.137775,1.215717,4.405311,-4.342683,-2.014860,-1.750239,-1.738099,-1.315184,4.186671,1.603391,-1.701078
446.000000,0.137440,0.106952,0.117911,0.107486,-0.215762,0.151998,0.147056,0.150586,0.145031,-0.271023,0.161859,0.162985,0.146678,0.110111,-0.282065,-1.681169,1.717418,-1.492804,1.503334,-1.498239,1.478904,-1.138256,1.216199,4.406845,-4.344220,-2.015831,-1.751122,-1.738978,-1.315899,4.188196,1.603730,-1.701417
447.000000,0.137468,0.106990,0.117942,0.107509,-0.215799,0.152039,0.147086,0.150614,0.145047,-0.271090,0.161881,0.162994,0.146697,0.110127,-0.282137,-1.681856,1.718107,-1.493414,1.503946,-1.498845,1.479512,-1.138735,1.216681,4.408375,-4.345753,-2.016799,-1.752003,-1.739854,-1.316611,4.189716,1.604068,-1.701756
448.000000,0.137496,0.107029,0.117974,0.107531,-0.215836,0.152080,0.147116,0.150641,0.145063,-0.271157,0.161904,0.163004,0.146715,0.110143,-0.282209,-1.682541,1.718793,-1.494022,1.504556,-1.499450,1.480119,-1.139214,1.217160,4.409899,-4.347281,-2.017764,-1.752881,-1.740727,-1.317322,4.191231,1.604405,-1.702093
449.000000,0.137524,0.107067,0.118005,0.107553,-0.215874,0.152121,0.147146,0.150669,0.145079,-0.271223,0.161926,0.163014,0.146733,0.110159,-0.282281,-1.683224,1.719478,-1.494629,1.505164,-1.500053,1.480724,-1.139690,1.217639,4.411420,-4.348804,-2.018727,-1.753757,-1.741598,-1.318030,4.192741,1.604742,-1.702429
450.000000,0.137552,0.107105,0.118036,0.107575,-0.215911,0.152162,0.147176,0.150697,0.145095,-0.271289,0.161948,0.163023,0.146752,0.110175,-0.282353,-1.683905,1.720161,-1.495233,1.505770,-1.500654,1.481327,-1.140166,1.218116,4.412935,-4.350323,-2.019687,-1.754630,-1.742467,-1.318737,4.194246,1.605077,-1.702764
451.000000,0.137580,0.107143,0.118067,0.107598,-0.215948,0.152203,0.147205,0.150724,0.145111,-0.271355,0.161971,0.163033,0.146770,0.110190,-0.282425,-1.684583,1.720842,-1.495836,1.506375,-1.501253,1.481928,-1.140640,1.218591,4.414446,-4.351837,-2.020643,-1.755501,-1.743333,-1.319442,4.195747,1.605411,-1.703098
452.000000,0.137607,0.107181,0.118098,0.107620,-0.215985,0.152244,0.147235,0.150752,0.145127,-0.271421,0.161993,0.163043,0.146788,0.110206,-0.282497,-1.685260,1.721521,-1.496437,1.506978,-1.501851,1.482528,-1.141113,1.219066,4.415952,-4.353347,-2.021597,-1.756369,-1.744197,-1.320144,4.197243,1.605744,-1.703431
453.000000,0.137635,0.107219,0.118129,0.107642,-0.216021,0.152284,0.147265,0.150779,0.145143,-0.271487,0.162015,0.163052,0.146806,0.110222,-0.282569,-1.685935,1.722198,-1.497037,1.507579,-1.502447,1.483125,-1.141584,1.219538,4.417454,-4.354852,-2.022549,-1.757234,-1.745058,-1.320845,4.198734,1.606076,-1.703763
454.000000,0.137662,0.107257,0.118160,0.107664,-0.216058,0.152325,0.147294,0.150807,0.145159,-0.271552,0.162038,0.163062,0.146825,0.110238,-0.282640,-1.686608,1.722873,-1.497634,1.508179,-1.503041,1.483722,-1.142054,1.220010,4.418951,-4.356352,-2.023497,-1.758098,-1.745916,-1.321543,4.200220,1.606407,-1.704094
455.000000,0.137690,0.107295,0.118191,0.107686,-0.216095,0.152365,0.147324,0.150834,0.145174,-0.271617,0.162060,0.163072,0.146843,0.110254,-0.282712,-1.687280,1.723546,-1.498230,1.508777,-1.503634,1.484316,-1.142523,1.220480,4.420444,-4.357848,-2.024443,-1.758958,-1.746772,-1.322240,4.201701,1.606737,-1.704424
456.000000,0.137717,0.107332,0.118222,0.107708,-0.216131,0.152405,0.147353,0.150861,0.145190,-0.271682,0.162082,0.163082,0.146861,0.110270,-0.282783,-1.687949,1.724218,-1.498825,1.509373,-1.504225,1.484909,-1.142990,1.220949,4.421933,-4.359340,-2.025386,-1.759817,-1.747626,-1.322935,4.203178,1.607066,-1.704753
457.000000,0.137744,0.107370,0.118252,0.107729,-0.216167,0.152446,0.147382,0.150888,0.145206,-0.271747,0.162105,0.163092,0.146880,0.110286,-0.282854,-1.688616,1.724887,-1.499417,1.509967,-1.504814,1.485500,-1.143456,1.221417,4.423417,-4.360827,-2.026326,-1.760672,-1.748477,-1.323628,4.204650,1.607394,-1.705081
458.000000,0.137772,0.107407,0.118283,0.107751,-0.216203,0.152486,0.147412,0.150916,0.145221,-0.271812,0.162127,0.163101,0.146898,0.110302,-0.282925,-1.689282,1.725554,-1.500008,1.510560,-1.505401,1.486089,-1.143921,1.221883,4.424896,-4.362310,-2.027264,-1.761526,-1.749326,-1.324319,4.206118,1.607721,-1.705408
459.000000,0.137799,0.107444,0.118313,0.107773,-0.216239,0.152526,0.147441,0.150943,0.145237,-0.271876,0.162149,0.163111,0.146916,0.110317,-0.282996,-1.689945,1.726220,-1.500597,1.511151,-1.505987,1.486677,-1.144384,1.222348,4.426372,-4.363788,-2.028199,-1.762377,-1.750173,-1.325008,4.207580,1.608048,-1.705734
460.000000,0.137826,0.107481,0.118343,0.107794,-0.216275,0.152565,0.147470,0.150970,0.145253,-0.271940,0.162172,0.163121,0.146934,0.110333,-0.283067,-1.690607,1.726884,-1.501185,1.511741,-1.506572,1.487263,-1.144846,1.222811,4.427842,-4.365262,-2.029131,-1.763225,-1.751017,-1.325695,4.209039,1.608373,-1.706059
461.000000,0.137853,0.107518,0.118373,0.107816,-0.216311,0.152605,0.147499,0.150997,0.145268,-0.272004,0.162194,0.163131,0.146953,0.110349,-0.283137,-1.691267,1.727545,-1.501771,1.512328,-1.507154,1.487847,-1.145307,1.223274,4.429309,-4.366732,-2.030061,-1.764072,-1.751859,-1.326380,4.210492,1.608697,-1.706383
462.000000,0.137880,0.107555,0.118403,0.107837,-0.216347,0.152645,0.147528,0.151023,0.145284,-0.272068,0.162217,0.163141,0.146971,0.110365,-0.283208,-1.691925,1.728205,-1.502355,1.512915,-1.507735,1.488430,-1.145766,1.223735,4.430771,-4.368197,-2.030988,-1.764916,-1.752698,-1.327063,4.211942,1.609020,-1.706706
463.000000,0.137906,0.107592,0.118433,0.107859,-0.216382,0.152685,0.147557,0.151050,0.145299,-0.272132,0.162239,0.163151,0.146989,0.110381,-0.283278,-1.692581,1.728863,-1.502938,1.513499,-1.508315,1.489011,-1.146225,1.224194,4.432229,-4.369658,-2.031912,-1.765757,-1.753535,-1.327745,4.213386,1.609342,-1.707029
464.000000,0.137933,0.107628,0.118463,0.107880,-0.216418,0.152724,0.147586,0.151077,0.145315,-0.272195,0.162261,0.163161,0.147008,0.110397,-0.283349,-1.693235,1.729520,-1.503519,1.514082,-1.508893,1.489591,-1.146682,1.224653,4.433683,-4.371115,-2.032834,-1.766596,-1.754370,-1.328424,4.214826,1.609664,-1.707350
465.000000,0.137960,0.107665,0.118493,0.107901,-0.216453,0.152763,0.147615,0.151104,0.145330,-0.272259,0.162284,0.163171,0.147026,0.110412,-0.283419,-1.693888,1.730174,-1.504099,1.514663,-1.509469,1.490169,-1.147137,1.225110,4.435132,-4.372567,-2.033753,-1.767433,-1.755202,-1.329102,4.216262,1.609984,-1.707670
466.000000,0.137986,0.107701,0.118523,0.107923,-0.216488,0.152803,0.147643,0.151130,0.145345,-0.272322,0.162306,0.163181,0.147044,0.110428,-0.283489,-1.694538,1.730827,-1.504677,1.515243,-1.510043,1.490745,-1.147592,1.225566,4.436578,-4.374015,-2.034670,-1.768267,-1.756032,-1.329778,4.217693,1.610304,-1.707989
467.000000,0.138013,0.107738,0.118553,0.107944,-0.216523,0.152842,0.147672,0.151157,0.145361,-0.272385,0.162328,0.163191,0.147063,0.110444,-0.283559,-1.695187,1.731477,-1.505253,1.515821,-1.510616,1.491320,-1.148045,1.226020,4.438019,-4.375460,-2.035584,-1.769100,-1.756860,-1.330452,4.219120,1.610622,-1.708308
468.000000,0.138039,0.107774,0.118582,0.107965,-0.216558,0.152881,0.147701,0.151184,0.145376,-0.272448,0.162351,0.163202,0.147081,0.110460,-0.283629,-1.695834,1.732126,-1.505828,1.516397,-1.511188,1.491893,-1.148497,1.226474,4.439456,-4.376899,-2.036495,-1.769930,-1.757685,-1.331124,4.220543,1.610940,-1.708625
469.000000,0.138065,0.107810,0.118612,0.107986,-0.216593,0.152920,0.147729,0.151210,0.145391,-0.272510,0.162373,0.163212,0.147099,0.110476,-0.283698,-1.696480,1.732774,-1.506401,1.516972,-1.511758,1.492465,-1.148947,1.226926,4.440889,-4.378335,-2.037404,-1.770757,-1.758509,-1.331794,4.221961,1.611256,-1.708942
470.000000,0.138091,0.107846,0.118641,0.108007,-0.216628,0.152959,0.147758,0.151236,0.145407,-0.272572,0.162395,0.163222,0.147118,0.110492,-0.283768,-1.697123,1.733419,-1.506973,1.517546,-1.512326,1.493035,-1.149397,1.227377,4.442317,-4.379767,-2.038311,-1.771582,-1.759330,-1.332463,4.223374,1.611572,-1.709257
471.000000,0.138117,0.107882,0.118670,0.108028,-0.216663,0.152998,0.147786,0.151263,0.145422,-0.272635,0.162417,0.163232,0.147136,0.110507,-0.283837,-1.697765,1.734063,-1.507543,1.518117,-1.512893,1.493603,-1.149845,1.227827,4.443742,-4.381194,-2.039214,-1.772406,-1.760148,-1.333130,4.224784,1.611887,-1.709572
472.000000,0.138143,0.107918,0.118699,0.108049,-0.216697,0.153036,0.147814,0.151289,0.145437,-0.272697,0.162440,0.163242,0.147154,0.110523,-0.283907,-1.698405,1.734705,-1.508111,1.518688,-1.513458,1.494170,-1.150292,1.228275,4.445162,-4.382617,-2.040116,-1.773226,-1.760965,-1.333795,4.226189,1.612201,-1.709886
473.000000,0.138169,0.107953,0.118729,0.108070,-0.216732,0.153075,0.147843,0.151315,0.145452,-0.272759,0.162462,0.163252,0.147172,0.110539,-0.283976,-1.699043,1.735345,-1.508678,1.519256,-1.514022,1.494735,-1.150738,1.228722,4.446579,-4.384037,-2.041015,-1.774045,-1.761779,-1.334458,4.227590,1.612514,-1.710199
474.000000,0.138195,0.107989,0.118758,0.108090,-0.216766,0.153113,0.147871,0.151341,0.145467,-0.272820,0.162484,0.163263,0.147191,0.110555,-0.284045,-1.699680,1.735983,-1.509243,1.519823,-1.514584,1.495299,-1.151182,1.229168,4.447991,-4.385452,-2.041911,-1.774861,-1.762591,-1.335120,4.228987,1.612826,-1.710511
475.000000,0.138221,0.108024,0.118787,0.108111,-0.216800,0.153152,0.147899,0.151368,0.145483,-0.272882,0.162507,0.163273,0.147209,0.110571,-0.284114,-1.700315,1.736620,-1.509807,1.520389,-1.515144,1.495862,-1.151626,1.229613,4.449400,-4.386863,-2.042805,-1.775675,-1.763401,-1.335779,4.230379,1.613137,-1.710822
476.000000,0.138247,0.108060,0.118815,0.108132,-0.216834,0.153190,0.147927,0.151394,0.145498,-0.272943,0.162529,0.163283,0.147227,0.110586,-0.284183,-1.700948,1.737255,-1.510370,1.520953,-1.515704,1.496422,-1.152068,1.230057,4.450804,-4.388270,-2.043697,-1.776487,-1.764209,-1.336437,4.231767,1.613447,-1.711132
477.000000,0.138272,0.108095,0.118844,0.108152,-0.216868,0.153228,0.147955,0.151420,0.145513,-0.273004,0.162551,0.163293,0.147246,0.110602,-0.284251,-1.701579,1.737888,-1.510930,1.521515,-1.516261,1.496982,-1.152509,1.230499,4.452205,-4.389674,-2.044586,-1.777297,-1.765014,-1.337093,4.233151,1.613757,-1.711441
478.000000,0.138298,0.108130,0.118873,0.108173,-0.216902,0.153266,0.147983,0.151446,0.145528,-0.273065,0.162574,0.163304,0.147264,0.110618,-0.284320,-1.702209,1.738519,-1.511490,1.522076,-1.516817,1.497539,-1.152949,1.230940,4.453601,-4.391073,-2.045472,-1.778105,-1.765818,-1.337748,4.234531,1.614065,-1.711750
479.000000,0.138324,0.108165,0.118902,0.108193,-0.216936,0.153304,0.148011,0.151471,0.145543,-0.273126,0.162596,0.163314,0.147282,0.110634,-0.284389,-1.702837,1.739149,-1.512048,1.522636,-1.517372,1.498096,-1.153387,1.231380,4.454994,-4.392468,-2.046356,-1.778910,-1.766619,-1.338401,4.235907,1.614373,-1.712057
480.000000,0.138349,0.108200,0.118930,0.108214,-0.216970,0.153342,0.148039,0.151497,0.145558,-0.273187,0.162618,0.163324,0.147301,0.110650,-0.284457,-1.703463,1.739777,-1.512604,1.523194,-1.517925,1.498651,-1.153825,1.231819,4.456383,-4.393860,-2.047238,-1.779713,-1.767418,-1.339052,4.237279,1.614680,-1.712364
481.000000,0.138374,0.108235,0.118959,0.108234,-0.217003,0.153380,0.148067,0.151523,0.145573,-0.273247,0.162640,0.163335,0.147319,0.110665,-0.284525,-1.704088,1.740404,-1.513159,1.523750,-1.518477,1.499204,-1.154261,1.232257,4.457767,-4.395247,-2.048118,-1.780514,-1.768215,-1.339701,4.238646,1.614986,-1.712670
482.000000,0.138400,0.108270,0.118987,0.108255,-0.217037,0.153418,0.148095,0.151549,0.145587,-0.273307,0.162663,0.163345,0.147337,0.110681,-0.284593,-1.704711,1.741028,-1.513712,1.524305,-1.519027,1.499756,-1.154696,1.232693,4.459148,-4.396631,-2.048995,-1.781313,-1.769009,-1.340349,4.240010,1.615291,-1.712975
483.000000,0.138425,0.108305,0.119015,0.108275,-0.217070,0.153456,0.148122,0.151574,0.145602,-0.273368,0.162685,0.163356,0.147355,0.110697,-0.284661,-1.705332,1.741651,-1.514264,1.524859,-1.519576,1.500306,-1.155130,1.233129,4.460525,-4.398010,-2.049869,-1.782110,-1.769802,-1.340995,4.241369,1.615595,-1.713279
484.000000,0.138450,0.108339,0.119043,0.108295,-0.217103,0.153493,0.148150,0.151600,0.145617,-0.273428,0.162707,0.163366,0.147374,0.110713,-0.284729,-1.705952,1.742273,-1.514814,1.525411,-1.520123,1.500855,-1.155563,1.233563,4.461899,-4.399386,-2.050742,-1.782905,-1.770592,-1.341639,4.242725,1.615899,-1.713582
485.000000,0.138475,0.108374,0.119072,0.108315,-0.217137,0.153531,0.148177,0.151626,0.145632,-0.273487,0.162729,0.163377,0.147392,0.110728,-0.284797,-1.706570,1.742893,-1.515363,1.525962,-1.520669,1.501402,-1.155995,1.233996,4.463268,-4.400759,-2.051612,-1.783697,-1.771381,-1.342282,4.244076,1.616201,-1.713884
486.000000,0.138500,0.108408,0.119100,0.108335,-0.217170,0.153568,0.148205,0.151651,0.145647,-0.273547,0.162752,0.163387,0.147410,0.110744,-0.284865,-1.707186,1.743511,-1.515911,1.526511,-1.521213,1.501948,-1.156425,1.234428,4.464634,-4.402127,-2.052479,-1.784488,-1.772167,-1.342922,4.245424,1.616503,-1.714186
487.000000,0.138525,0.108442,0.119128,0.108355,-0.217203,0.153606,0.148232,0.151677,0.145662,-0.273606,0.162774,0.163397,0.147429,0.110760,-0.284932,-1.707801,1.744127,-1.516457,1.527058,-1.521756,1.502493,-1.156855,1.234859,4.465996,-4.403491,-2.053345,-1.785276,-1.772952,-1.343562,4.246767,1.616804,-1.714486
488.000000,0.138550,0.108476,0.119155,0.108375,-0.217236,0.153643,0.148260,0.151702,0.145676,-0.273666,0.162796,0.163408,0.147447,0.110776,-0.285000,-1.708414,1.744742,-1.517002,1.527605,-1.522298,1.503036,-1.157283,1.235288,4.467354,-4.404852,-2.054208,-1.786063,-1.773734,-1.344199,4.248107,1.617104,-1.714786
489.000000,0.138574,0.108511,0.119183,0.108395,-0.217268,0.153680,0.148287,0.151727,0.145691,-0.273725,0.162818,0.163418,0.147465,0.110791,-0.285067,-1.709026,1.745355,-1.517545,1.528150,-1.522838,1.503578,-1.157710,1.235717,4.468709,-4.406209,-2.055069,-1.786847,-1.774514,-1.344835,4.249443,1.617403,-1.715085
490.000000,0.138599,0.108545,0.119211,0.108415,-0.217301,0.153717,0.148314,0.151753,0.145706,-0.273784,0.162840,0.163429,0.147483,0.110807,-0.285134,-1.709635,1.745967,-1.518087,1.528693,-1.523377,1.504118,-1.158136,1.236144,4.470059,-4.407562,-2.055927,-1.787629,-1.775292,-1.345470,4.250775,1.617701,-1.715383
491.000000,0.138624,0.108578,0.119239,0.108435,-0.217333,0.153754,0.148341,0.151778,0.145720,-0.273843,0.162863,0.163440,0.147502,0.110823,-0.285201,-1.710244,1.746577,-1.518627,1.529235,-1.523914,1.504657,-1.158561,1.236570,4.471406,-4.408912,-2.056783,-1.788409,-1.776068,-1.346102,4.252103,1.617999,-1.715681
492.000000,0.138648,0.108612,0.119266,0.108455,-0.217366,0.153791,0.148369,0.151803,0.145735,-0.273901,0.162885,0.163450,0.147520,0.110839,-0.285268,-1.710851,1.747185,-1.519166,1.529776,-1.524450,1.505195,-1.158985,1.236996,4.472750,-4.410258,-2.057637,-1.789188,-1.776842,-1.346734,4.253427,1.618296,-1.715977
493.000000,0.138673,0.108646,0.119294,0.108474,-0.217398,0.153828,0.148396,0.151828,0.145749,-0.273960,0.162907,0.163461,0.147538,0.110854,-0.285335,-1.711456,1.747792,-1.519704,1.530315,-1.524985,1.505731,-1.159408,1.237420,4.474090,-4.411600,-2.058489,-1.789964,-1.777614,-1.347363,4.254747,1.618592,-1.716273
494.000000,0.138697,0.108680,0.119321,0.108494,-0.217430,0.153864,0.148423,0.151853,0.145764,-0.274018,0.162929,0.163471,0.147556,0.110870,-0.285402,-1.712059,1.748398,-1.520240,1.530853,-1.525518,1.506265,-1.159829,1.237843,4.475426,-4.412939,-2.059338,-1.790738,-1.778384,-1.347991,4.256064,1.618887,-1.716568
495.000000,0.138721,0.108713,0.119348,0.108514,-0.217463,0.153901,0.148450,0.151878,0.145779,-0.274076,0.162951,0.163482,0.147575,0.110886,-0.285468,-1.712661,1.749001,-1.520775,1.531389,-1.526050,1.506799,-1.160250,1.238264,4.476758,-4.414274,-2.060185,-1.791510,-1.779152,-1.348617,4.257376,1.619181,-1.716862
496.000000,0.138745,0.108747,0.119376,0.108533,-0.217495,0.153938,0.148477,0.151903,0.145793,-0.274134,0.162973,0.163492,0.147593,0.110901,-0.285535,-1.713262,1.749603,-1.521309,1.531924,-1.526580,1.507331,-1.160669,1.238685,4.478087,-4.415605,-2.061030,-1.792280,-1.779919,-1.349242,4.258685,1.619475,-1.717155
497.000000,0.138770,0.108780,0.119403,0.108553,-0.217527,0.153974,0.148504,0.151928,0.145807,-0.274192,0.162996,0.163503,0.147611,0.110917,-0.285601,-1.713861,1.750204,-1.521841,1.532458,-1.527109,1.507861,-1.161088,1.239105,4.479412,-4.416933,-2.061873,-1.793048,-1.780683,-1.349865,4.259991,1.619767,-1.717448
498.000000,0.138794,0.108813,0.119430,0.108572,-0.217558,0.154010,0.148530,0.151953,0.145822,-0.274250,0.163018,0.163514,0.147629,0.110933,-0.285668,-1.714458,1.750803,-1.522372,1.532990,-1.527637,1.508391,-1.161505,1.239524,4.480734,-4.418257,-2.062714,-1.793814,-1.781445,-1.350487,4.261292,1.620059,-1.717740
499.000000,0.138818,0.108846,0.119457,0.108591,-0.217590,0.154047,0.148557,0.151978,0.145836,-0.274308,0.163040,0.163524,0.147647,0.110948,-0.285734,-1.715054,1.751401,-1.522901,1.533521,-1.528163,1.508918,-1.161921,1.239941,4.482052,-4.419578,-2.063552,-1.794579,-1.782205,-1.351107,4.262590,1.620350,-1.718030
500.000000,0.138842,0.108879,0.119484,0.108611,-0.217622,0.154083,0.148584,0.152002,0.145851,-0.274365,0.163062,0.163535,0.147666,0.110964,-0.285800,-1.715648,1.751997,-1.523429,1.534050,-1.528688,1.509445,-1.162337,1.240358,4.483367,-4.420895,-2.064389,-1.795341,-1.782963,-1.351725,4.263884,1.620641,-1.718321
501.000000,0.138866,0.108912,0.119511,0.108630,-0.217653,0.154119,0.148610,0.152027,0.145865,-0.274422,0.163084,0.163546,0.147684,0.110980,-0.285866,-1.716241,1.752591,-1.523956,1.534579,-1.529212,1.509970,-1.162751,1.240773,4.484678,-4.422208,-2.065223,-1.796101,-1.783720,-1.352342,4.265174,1.620930,-1.718610
502.000000,0.138889,0.108945,0.119538,0.108649,-0.217685,0.154155,0.148637,0.152052,0.145879,-0.274479,0.163106,0.163557,0.147702,0.110995,-0.285932,-1.716833,1.753184,-1.524481,1.535106,-1.529734,1.510494,-1.163164,1.241187,4.485986,-4.423518,-2.066055,-1.796860,-1.784474,-1.352958,4.266461,1.621219,-1.718899
503.000000,0.138913,0.108978,0.119564,0.108668,-0.217716,0.154191,0.148664,0.152076,0.145894,-0.274536,0.163128,0.163567,0.147720,0.111011,-0.285997,-1.717422,1.753775,-1.525005,1.535631,-1.530255,1.511017,-1.163576,1.241601,4.487290,-4.424825,-2.066884,-1.797616,-1.785227,-1.353571,4.267744,1.621507,-1.719186
504.000000,0.138937,0.109011,0.119591,0.108688,-0.217748,0.154227,0.148690,0.152101,0.145908,-0.274593,0.163150,0.163578,0.147739,0.111027,-0.286063,-1.718011,1.754365,-1.525528,1.536155,-1.530775,1.511538,-1.163987,1.242013,4.488591,-4.426128,-2.067712,-1.798370,-1.785977,-1.354184,4.269024,1.621794,-1.719473
505.000000,0.138960,0.109043,0.119618,0.108707,-0.217779,0.154263,0.148716,0.152125,0.145922,-0.274650,0.163172,0.163589,0.147757,0.111042,-0.286129,-1.718598,1.754954,-1.526049,1.536678,-1.531294,1.512058,-1.164397,1.242424,4.489889,-4.427428,-2.068538,-1.799123,-1.786726,-1.354794,4.270300,1.622081,-1.719760
506.000000,0.138984,0.109076,0.119644,0.108726,-0.217810,0.154298,0.148743,0.152150,0.145936,-0.274706,0.163194,0.163599,0.147775,0.111058,-0.286194,-1.719183,1.755541,-1.526569,1.537200,-1.531811,1.512576,-1.164806,1.242834,4.491183,-4.428724,-2.069361,-1.799874,-1.787473,-1.355404,4.271572,1.622367,-1.720045
507.000000,0.139008,0.109108,0.119671,0.108745,-0.217841,0.154334,0.148769,0.152174,0.145951,-0.274763,0.163216,0.163610,0.147793,0.111074,-0.286259,-1.719767,1.756126,-1.527088,1.537720,-1.532327,1.513094,-1.165214,1.243244,4.492473,-4.430017,-2.070182,-1.800623,-1.788218,-1.356012,4.272841,1.622652,-1.720330
508.000000,0.139031,0.109141,0.119697,0.108764,-0.217872,0.154370,0.148795,0.152199,0.145965,-0.274819,0.163238,0.163621,0.147811,0.111089,-0.286324,-1.720349,1.756710,-1.527606,1.538239,-1.532841,1.513610,-1.165621,1.243652,4.493760,-4.431306,-2.071002,-1.801370,-1.788961,-1.356618,4.274106,1.622936,-1.720614
509.000000,0.139054,0.109173,0.119723,0.108783,-0.217903,0.154405,0.148822,0.152223,0.145979,-0.274875,0.163260,0.163632,0.147829,0.111105,-0.286389,-1.720930,1.757293,-1.528122,1.538757,-1.533354,1.514124,-1.166027,1.244059,4.495044,-4.432592,-2.071819,-1.802115,-1.789702,-1.357223,4.275368,1.623219,-1.720897
510.000000,0.139078,0.109205,0.119750,0.108801,-0.217933,0.154440,0.148848,0.152247,0.145993,-0.274931,0.163282,0.163643,0.147848,0.111120,-0.286454,-1.721510,1.757874,-1.528637,1.539273,-1.533866,1.514638,-1.166431,1.244465,4.496325,-4.433875,-2.072634,-1.802858,-1.790441,-1.357826,4.276626,1.623502,-1.721180
511.000000,0.139101,0.109237,0.119776,0.108820,-0.217964,0.154476,0.148874,0.152271,0.146007,-0.274987,0.163304,0.163653,0.147866,0.111136,-0.286519,-1.722088,1.758453,-1.529150,1.539788,-1.534377,1.515150,-1.166835,1.244870,4.497602,-4.435154,-2.073447,-1.803599,-1.791179,-1.358428,4.277881,1.623784,-1.721461
512.000000,0.139124,0.109269,0.119802,0.108839,-0.217994,0.154511,0.148900,0.152296,0.146021,-0.275042,0.163326,0.163664,0.147884,0.111151,-0.286584,-1.722664,1.759032,-1.529663,1.540302,-1.534887,1.515661,-1.167238,1.245274,4.498875,-4.436430,-2.074258,-1.804339,-1.791914,-1.359028,4.279132,1.624065,-1.721742
513.000000,0.139147,0.109301,0.119828,0.108858,-0.218025,0.154546,0.148926,0.152320,0.146035,-0.275098,0.163348,0.163675,0.147902,0.111167,-0.286649,-1.723240,1.759608,-1.530174,1.540814,-1.535395,1.516170,-1.167640,1.245677,4.500146,-4.437703,-2.075067,-1.805077,-1.792648,-1.359627,4.280380,1.624346,-1.722023
514.000000,0.139170,0.109333,0.119854,0.108876,-0.218055,0.154581,0.148952,0.152344,0.146049,-0.275153,0.163370,0.163686,0.147920,0.111183,-0.286713,-1.723813,1.760184,-1.530684,1.541326,-1.535902,1.516679,-1.168041,1.246079,4.501413,-4.438972,-2.075874,-1.805812,-1.793380,-1.360225,4.281624,1.624626,-1.722302
515.000000,0.139193,0.109365,0.119880,0.108895,-0.218085,0.154616,0.148978,0.152368,0.146063,-0.275208,0.163392,0.163697,0.147938,0.111198,-0.286778,-1.724386,1.760757,-1.531192,1.541836,-1.536407,1.517186,-1.168441,1.246481,4.502677,-4.440238,-2.076679,-1.806546,-1.794111,-1.360821,4.282865,1.624905,-1.722581
516.000000,0.139216,0.109396,0.119905,0.108913,-0.218116,0.154651,0.149003,0.152392,0.146077,-0.275263,0.163414,0.163708,0.147956,0.111214,-0.286842,-1.724957,1.761330,-1.531700,1.542345,-1.536912,1.517692,-1.168840,1.246881,4.503938,-4.441501,-2.077482,-1.807279,-1.794839,-1.361415,4.284103,1.625183,-1.722859
517.000000,0.139239,0.109428,0.119931,0.108932,-0.218146,0.154686,0.149029,0.152416,0.146091,-0.275318,0.163436,0.163719,0.147974,0.111229,-0.286906,-1.725526,1.761901,-1.532206,1.542852,-1.537415,1.518196,-1.169238,1.247280,4.505195,-4.442761,-2.078283,-1.808009,-1.795566,-1.362008,4.285337,1.625461,-1.723136
518.000000,0.139262,0.109459,0.119957,0.108950,-0.218176,0.154721,0.149055,0.152439,0.146105,-0.275373,0.163458,0.163730,0.147993,0.111245,-0.286970,-1.726094,1.762471,-1.532711,1.543358,-1.537917,1.518699,-1.169635,1.247678,4.506449,-4.444017,-2.079081,-1.808738,-1.796290,-1.362600,4.286568,1.625738,-1.723413
519.000000,0.139284,0.109491,0.119982,0.108969,-0.218206,0.154755,0.149081,0.152463,0.146119,-0.275428,0.163480,0.163740,0.148011,0.111260,-0.287034,-1.726661,1.763039,-1.533214,1.543863,-1.538418,1.519202,-1.170031,1.248075,4.507700,-4.445270,-2.079878,-1.809465,-1.797014,-1.363190,4.287796,1.626014,-1.723689
520.000000,0.139307,0.109522,0.120008,0.108987,-0.218235,0.154790,0.149106,0.152487,0.146133,-0.275482,0.163502,0.163751,0.148029,0.111276,-0.287098,-1.727226,1.763606,-1.533717,1.544367,-1.538917,1.519702,-1.170426,1.248471,4.508948,-4.446520,-2.080673,-1.810190,-1.797735,-1.363779,4.289020,1.626289,-1.723964
521.000000,0.139329,0.109553,0.120033,0.109006,-0.218265,0.154824,0.149132,0.152511,0.146147,-0.275536,0.163524,0.163762,0.148047,0.111291,-0.287162,-1.727790,1.764171,-1.534218,1.544870,-1.539415,1.520202,-1.170820,1.248867,4.510193,-4.447767,-2.081466,-1.810913,-1.798454,-1.364367,4.290241,1.626564,-1.724239
522.000000,0.139352,0.109585,0.120059,0.109024,-0.218295,0.154859,0.149157,0.152534,0.146160,-0.275591,0.163546,0.163773,0.148065,0.111307,-0.287226,-1.728353,1.764735,-1.534718,1.545371,-1.539913,1.520701,-1.171213,1.249261,4.511434,-4.449010,-2.082257,-1.811635,-1.799172,-1.364953,4.291458,1.626838,-1.724513
523.000000,0.139374,0.109616,0.120084,0.109042,-0.218324,0.154893,0.149183,0.152558,0.146174,-0.275645,0.163568,0.163784,0.148083,0.111322,-0.287289,-1.728914,1.765298,-1.535217,1.545871,-1.540408,1.521198,-1.171605,1.249654,4.512673,-4.450250,-2.083046,-1.812354,-1.799888,-1.365537,4.292673,1.627112,-1.724786
524.000000,0.139397,0.109647,0.120109,0.109060,-0.218354,0.154928,0.149208,0.152582,0.146188,-0.275699,0.163590,0.163795,0.148101,0.111338,-0.287353,-1.729474,1.765859,-1.535714,1.546370,-1.540903,1.521694,-1.171996,1.250047,4.513908,-4.451488,-2.083834,-1.813072,-1.800603,-1.366121,4.293884,1.627384,-1.725058
525.000000,0.139419,0.109678,0.120135,0.109078,-0.218383,0.154962,0.149234,0.152605,0.146202,-0.275753,0.163611,0.163806,0.148119,0.111353,-0.287416,-1.730032,1.766419,-1.536210,1.546868,-1.541397,1.522189,-1.172387,1.250438,4.515140,-4.452722,-2.084619,-1.813789,-1.801315,-1.366702,4.295091,1.627656,-1.725330
526.000000,0.139441,0.109708,0.120160,0.109096,-0.218412,0.154996,0.149259,0.152629,0.146215,-0.275806,0.163633,0.163817,0.148137,0.111369,-0.287479,-1.730590,1.766978,-1.536706,1.547364,-1.541889,1.522683,-1.172776,1.250829,4.516369,-4.453953,-2.085402,-1.814503,-1.802026,-1.367283,4.296296,1.627928,-1.725601
527.000000,0.139464,0.109739,0.120185,0.109114,-0.218442,0.155030,0.149284,0.152652,0.146229,-0.275860,0.163655,0.163828,0.148155,0.111384,-0.287542,-1.731145,1.767535,-1.537200,1.547860,-1.542380,1.523175,-1.173164,1.251218,4.517595,-4.455181,-2.086184,-1.815216,-1.802735,-1.367862,4.297497,1.628198,-1.725871
528.000000,0.139486,0.109770,0.120210,0.109132,-0.218471,0.155064,0.149309,0.152676,0.146243,-0.275913,0.163677,0.163839,0.148173,0.111400,-0.287605,-1.731700,1.768091,-1.537692,1.548354,-1.542870,1.523666,-1.173552,1.251607,4.518818,-4.456405,-2.086963,-1.815927,-1.803443,-1.368440,4.298695,1.628468,-1.726141
529.000000,0.139508,0.109800,0.120235,0.109150,-0.218500,0.155098,0.149335,0.152699,0.146256,-0.275966,0.163699,0.163850,0.148191,0.111415,-0.287668,-1.732253,1.768646,-1.538184,1.548847,-1.543359,1.524156,-1.173938,1.251994,4.520037,-4.457627,-2.087741,-1.816637,-1.804148,-1.369016,4.299890,1.628738,-1.726410
530.000000,0.139530,0.109831,0.120260,0.109168,-0.218529,0.155132,0.149360,0.152722,0.146270,-0.276020,0.163720,0.163861,0.148209,0.111430,-0.287731,-1.732805,1.769199,-1.538674,1.549339,-1.543847,1.524645,-1.174324,1.252381,4.521254,-4.458846,-2.088516,-1.817345,-1.804853,-1.369591,4.301082,1.629006,-1.726678
531.000000,0.139552,0.109861,0.120284,0.109186,-0.218558,0.155166,0.149385,0.152745,0.146283,-0.276073,0.163742,0.163872,0.148227,0.111446,-0.287794,-1.733356,1.769751,-1.539164,1.549829,-1.544333,1.525133,-1.174709,1.252767,4.522468,-4.460061,-2.089290,-1.818051,-1.805555,-1.370165,4.302271,1.629274,-1.726946
532.000000,0.139574,0.109892,0.120309,0.109204,-0.218586,0.155199,0.149410,0.152769,0.146297,-0.276125,0.163764,0.163883,0.148245,0.111461,-0.287856,-1.733905,1.770302,-1.539652,1.550319,-1.544818,1.525620,-1.175092,1.253152,4.523678,-4.461274,-2.090062,-1.818755,-1.806256,-1.370737,4.303456,1.629541,-1.727213
533.000000,0.139596,0.109922,0.120334,0.109222,-0.218615,0.155233,0.149435,0.152792,0.146311,-0.276178,0.163786,0.163894,0.148263,0.111477,-0.287919,-1.734453,1.770851,-1.540139,1.550807,-1.545303,1.526105,-1.175475,1.253536,4.524886,-4.462483,-2.090832,-1.819458,-1.806955,-1.371309,4.304639,1.629808,-1.727479
534.000000,0.139617,0.109952,0.120358,0.109239,-0.218644,0.155267,0.149460,0.152815,0.146324,-0.276231,0.163807,0.163905,0.148281,0.111492,-0.287981,-1.734999,1.771399,-1.540625,1.551294,-1.545786,1.526590,-1.175857,1.253919,4.526091,-4.463690,-2.091601,-1.820159,-1.807652,-1.371878,4.305818,1.630074,-1.727745
535.000000,0.139639,0.109982,0.120383,0.109257,-0.218672,0.155300,0.149485,0.152838,0.146337,-0.276283,0.163829,0.163916,0.148299,0.111507,-0.288044,-1.735545,1.771946,-1.541109,1.551780,-1.546267,1.527073,-1.176238,1.254301,4.527292,-4.464894,-2.092367,-1.820858,-1.808348,-1.372447,4.306994,1.630339,-1.728009
536.000000,0.139661,0.110012,0.120407,0.109275,-0.218701,0.155334,0.149509,0.152861,0.146351,-0.276336,0.163851,0.163927,0.148317,0.111523,-0.288106,-1.736089,1.772491,-1.541593,1.552265,-1.546748,1.527555,-1.176619,1.254683,4.528491,-4.466094,-2.093132,-1.821556,-1.809042,-1.373014,4.308167,1.630604,-1.728274
537.000000,0.139683,0.110042,0.120432,0.109292,-0.218729,0.155367,0.149534,0.152884,0.146364,-0.276388,0.163873,0.163938,0.148335,0.111538,-0.288168,-1.736631,1.773035,-1.542075,1.552749,-1.547228,1.528036,-1.176998,1.255063,4.529687,-4.467292,-2.093894,-1.822252,-1.809735,-1.373580,4.309337,1.630868,-1.728537
538.000000,0.139704,0.110072,0.120456,0.109310,-0.218757,0.155400,0.149559,0.152907,0.146378,-0.276440,0.163894,0.163949,0.148353,0.111553,-0.288230,-1.737173,1.773578,-1.542557,1.553231,-1.547706,1.528516,-1.177376,1.255443,4.530880,-4.468487,-2.094655,-1.822946,-1.810425,-1.374144,4.310504,1.631131,-1.728800
539.000000,0.139726,0.110102,0.120480,0.109327,-0.218785,0.155433,0.149584,0.152930,0.146391,-0.276492,0.163916,0.163960,0.148371,0.111569,-0.288292,-1.737713,1.774120,-1.543037,1.553713,-1.548184,1.528994,-1.177754,1.255821,4.532070,-4.469678,-2.095414,-1.823639,-1.811115,-1.374707,4.311668,1.631394,-1.729063
540.000000,0.139747,0.110132,0.120505,0.109345,-0.218814,0.155467,0.149608,0.152953,0.146405,-0.276544,0.163938,0.163972,0.148389,0.111584,-0.288354,-1.738252,1.774660,-1.543516,1.554193,-1.548660,1.529472,-1.178130,1.256199,4.533257,-4.470867,-2.096172,-1.824330,-1.811802,-1.375269,4.312829,1.631656,-1.729324
541.000000,0.139768,0.110161,0.120529,0.109362,-0.218842,0.155500,0.149633,0.152976,0.146418,-0.276596,0.163959,0.163983,0.148407,0.111599,-0.288415,-1.738790,1.775199,-1.543994,1.554672,-1.549135,1.529948,-1.178506,1.256576,4.534441,-4.472053,-2.096927,-1.825020,-1.812488,-1.375830,4.313987,1.631917,-1.729586
542.000000,0.139790,0.110191,0.120553,0.109380,-0.218870,0.155533,0.149657,0.152998,0.146431,-0.276647,0.163981,0.163994,0.148425,0.111615,-0.288477,-1.739326,1.775737,-1.544470,1.555150,-1.549609,1.530424,-1.178881,1.256952,4.535622,-4.473236,-2.097681,-1.825708,-1.813173,-1.376389,4.315142,1.632178,-1.729846
543.000000,0.139811,0.110221,0.120577,0.109397,-0.218897,0.155566,0.149682,0.153021,0.146444,-0.276699,0.164002,0.164005,0.148442,0.111630,-0.288539,-1.739861,1.776273,-1.544946,1.555627,-1.550082,1.530898,-1.179255,1.257327,4.536801,-4.474416,-2.098433,-1.826394,-1.813856,-1.376947,4.316294,1.632438,-1.730106
544.000000,0.139832,0.110250,0.120601,0.109414,-0.218925,0.155598,0.149706,0.153044,0.146458,-0.276750,0.164024,0.164016,0.148460,0.111645,-0.288600,-1.740395,1.776809,-1.545421,1.556103,-1.550554,1.531371,-1.179628,1.257701,4.537976,-4.475594,-2.099183,-1.827079,-1.814537,-1.377504,4.317443,1.632698,-1.730365
545.000000,0.139853,0.110279,0.120625,0.109432,-0.218953,0.155631,0.149731,0.153066,0.146471,-0.276801,0.164046,0.164027,0.148478,0.111661,-0.288661,-1.740928,1.777343,-1.545894,1.556578,-1.551025,1.531843,-1.180001,1.258075,4.539149,-4.476768,-2.099932,-1.827762,-1.815217,-1.378059,4.318589,1.632956,-1.730623
546.000000,0.139875,0.110309,0.120649,0.109449,-0.218981,0.155664,0.149755,0.153089,0.146484,-0.276853,0.164067,0.164038,0.148496,0.111676,-0.288723,-1.741459,1.777876,-1.546367,1.557051,-1.551495,1.532314,-1.180372,1.258447,4.540319,-4.477940,-2.100678,-1.828444,-1.815895,-1.378613,4.319732,1.633215,-1.730881
547.000000,0.139896,0.110338,0.120672,0.109466,-0.219008,0.155697,0.149780,0.153112,0.146497,-0.276904,0.164089,0.164049,0.148514,0.111691,-0.288784,-1.741990,1.778407,-1.546838,1.557524,-1.551963,1.532784,-1.180743,1.258819,4.541486,-4.479109,-2.101423,-1.829124,-1.816571,-1.379166,4.320872,1.633472,-1.731139
548.000000,0.139917,0.110367,0.120696,0.109483,-0.219036,0.155729,0.149804,0.153134,0.146511,-0.276954,0.164110,0.164060,0.148532,0.111706,-0.288845,-1.742519,1.778938,-1.547308,1.557995,-1.552431,1.533253,-1.181112,1.259190,4.542650,-4.480275,-2.102167,-1.829803,-1.817246,-1.379718,4.322010,1.633729,-1.731395
549.000000,0.139938,0.110396,0.120720,0.109500,-0.219063,0.155762,0.149828,0.153156,0.146524,-0.277005,0.164132,0.164072,0.148550,0.111722,-0.288906,-1.743046,1.779467,-1.547777,1.558466,-1.552897,1.533720,-1.181481,1.259560,4.543812,-4.481438,-2.102908,-1.830480,-1.817920,-1.380269,4.323144,1.633986,-1.731651
550.000000,0.139958,0.110425,0.120744,0.109517,-0.219090,0.155794,0.149852,0.153179,0.146537,-0.277056,0.164153,0.164083,0.148567,0.111737,-0.288966,-1.743573,1.779995,-1.548245,1.558935,-1.553363,1.534187,-1.181849,1.259929,4.544970,-4.482598,-2.103648,-1.831155,-1.818592,-1.380818,4.324275,1.634241,-1.731907
551.000000,0.139979,0.110454,0.120767,0.109534,-0.219118,0.155827,0.149876,0.153201,0.146550,-0.277106,0.164175,0.164094,0.148585,0.111752,-0.289027,-1.744098,1.780521,-1.548712,1.559403,-1.553827,1.534652,-1.182217,1.260297,4.546126,-4.483756,-2.104386,-1.831829,-1.819262,-1.381366,4.325404,1.634496,-1.732161
552.000000,0.140000,0.110483,0.120791,0.109551,-0.219145,0.155859,0.149900,0.153224,0.146563,-0.277157,0.164196,0.164105,0.148603,0.111767,-0.289088,-1.744623,1.781047,-1.549178,1.559871,-1.554290,1.535117,-1.182583,1.260664,4.547279,-4.484911,-2.105122,-1.832501,-1.819931,-1.381913,4.326530,1.634751,-1.732416
553.000000,0.140021,0.110512,0.120814,0.109568,-0.219172,0.155891,0.149924,0.153246,0.146576,-0.277207,0.164218,0.164116,0.148621,0.111782,-0.289148,-1.745146,1.781571,-1.549643,1.560337,-1.554753,1.535580,-1.182948,1.261031,4.548430,-4.486063,-2.105857,-1.833172,-1.820598,-1.382458,4.327653,1.635005,-1.732669
554.000000,0.140041,0.110540,0.120837,0.109585,-0.219199,0.155923,0.149948,0.153268,0.146589,-0.277257,0.164239,0.164127,0.148639,0.111798,-0.289209,-1.745667,1.782094,-1.550107,1.560802,-1.555214,1.536043,-1.183313,1.261397,4.549578,-4.487212,-2.106590,-1.833841,-1.821264,-1.383003,4.328773,1.635258,-1.732922
555.000000,0.140062,0.110569,0.120861,0.109602,-0.219226,0.155956,0.149972,0.153290,0.146602,-0.277307,0.164261,0.164139,0.148656,0.111813,-0.289269,-1.746188,1.782616,-1.550570,1.561266,-1.555674,1.536504,-1.183677,1.261762,4.550723,-4.488359,-2.107321,-1.834509,-1.821928,-1.383546,4.329890,1.635511,-1.733174
556.000000,0.140083,0.110598,0.120884,0.109619,-0.219253,0.155988,0.149996,0.153313,0.146615,-0.277357,0.164282,0.164150,0.148674,0.111828,-0.289329,-1.746707,1.783137,-1.551032,1.561729,-1.556133,1.536965,-1.184040,1.262126,4.551865,-4.489503,-2.108051,-1.835175,-1.822591,-1.384088,4.331005,1.635763,-1.733426
557.000000,0.140103,0.110626,0.120907,0.109635,-0.219280,0.156020,0.150020,0.153335,0.146628,-0.277407,0.164304,0.164161,0.148692,0.111843,-0.289389,-1.747226,1.783656,-1.551493,1.562191,-1.556591,1.537424,-1.184402,1.262489,4.553004,-4.490644,-2.108779,-1.835840,-1.823252,-1.384629,4.332117,1.636015,-1.733677
558.000000,0.140124,0.110655,0.120930,0.109652,-0.219306,0.156052,0.150044,0.153357,0.146641,-0.277457,0.164325,0.164172,0.148710,0.111858,-0.289449,-1.747743,1.784175,-1.551952,1.562652,-1.557048,1.537882,-1.184764,1.262852,4.554141,-4.491783,-2.109505,-1.836503,-1.823912,-1.385168,4.333226,1.636266,-1.733928
559.000000,0.140144,0.110683,0.120953,0.109669,-0.219333,0.156083,0.150068,0.153379,0.146654,-0.277506,0.164346,0.164183,0.148727,0.111873,-0.289509,-1.748259,1.784692,-1.552411,1.563112,-1.557504,1.538339,-1.185125,1.263213,4.555276,-4.492919,-2.110230,-1.837165,-1.824570,-1.385706,4.334332,1.636516,-1.734178
560.000000,0.140164,0.110711,0.120976,0.109686,-0.219360,0.156115,0.150091,0.153401,0.146667,-0.277556,0.164368,0.164195,0.148745,0.111889,-0.289569,-1.748774,1.785208,-1.552869,1.563570,-1.557959,1.538795,-1.185484,1.263574,4.556407,-4.494052,-2.110953,-1.837825,-1.825227,-1.386244,4.335435,1.636766,-1.734427
561.000000,0.140185,0.110740,0.120999,0.109702,-0.219386,0.156147,0.150115,0.153423,0.146680,-0.277605,0.164389,0.164206,0.148763,0.111904,-0.289629,-1.749287,1.785723,-1.553325,1.564028,-1.558413,1.539251,-1.185843,1.263934,4.557536,-4.495182,-2.111674,-1.838484,-1.825883,-1.386780,4.336536,1.637015,-1.734676
562.000000,0.140205,0.110768,0.121022,0.109719,-0.219413,0.156179,0.150139,0.153445,0.146693,-0.277654,0.164410,0.164217,0.148781,0.111919,-0.289688,-1.749800,1.786237,-1.553781,1.564485,-1.558866,1.539705,-1.186202,1.264294,4.558662,-4.496310,-2.112394,-1.839141,-1.826536,-1.387314,4.337634,1.637263,-1.734924
563.000000,0.140225,0.110796,0.121045,0.109735,-0.219439,0.156210,0.150162,0.153467,0.146705,-0.277703,0.164432,0.164228,0.148798,0.111934,-0.289748,-1.750311,1.786749,-1.554235,1.564941,-1.559318,1.540158,-1.186559,1.264652,4.559786,-4.497436,-2.113112,-1.839797,-1.827189,-1.387848,4.338729,1.637511,-1.735172
564.000000,0.140245,0.110824,0.121068,0.109752,-0.219465,0.156242,0.150186,0.153489,0.146718,-0.277752,0.164453,0.164239,0.148816,0.111949,-0.289807,-1.750821,1.787261,-1.554689,1.565396,-1.559769,1.540610,-1.186916,1.265010,4.560907,-4.498558,-2.113828,-1.840451,-1.827840,-1.388381,4.339822,1.637759,-1.735419
565.000000,0.140265,0.110852,0.121091,0.109768,-0.219491,0.156273,0.150209,0.153510,0.146731,-0.277801,0.164474,0.164251,0.148834,0.111964,-0.289867,-1.751330,1.787771,-1.555142,1.565849,-1.560219,1.541061,-1.187272,1.265367,4.562026,-4.499678,-2.114543,-1.841104,-1.828489,-1.388912,4.340912,1.638006,-1.735666
566.000000,0.140285,0.110880,0.121114,0.109785,-0.219518,0.156305,0.150233,0.153532,0.146744,-0.277850,0.164496,0.164262,0.148851,0.111979,-0.289926,-1.751838,1.788280,-1.555593,1.566302,-1.560668,1.541511,-1.187627,1.265723,4.563142,-4.500796,-2.115256,-1.841755,-1.829137,-1.389442,4.341999,1.638252,-1.735911
567.000000,0.140305,0.110907,0.121136,0.109801,-0.219544,0.156336,0.150256,0.153554,0.146757,-0.277899,0.164517,0.164273,0.148869,0.111994,-0.289985,-1.752345,1.788788,-1.556044,1.566754,-1.561116,1.541961,-1.187981,1.266078,4.564255,-4.501911,-2.115968,-1.842405,-1.829784,-1.389971,4.343083,1.638498,-1.736157
568.000000,0.140325,0.110935,0.121159,0.109817,-0.219570,0.156367,0.150280,0.153576,0.146769,-0.277947,0.164538,0.164284,0.148887,0.112009,-0.290044,-1.752851,1.789295,-1.556493,1.567205,-1.561563,1.542409,-1.188334,1.266432,4.565366,-4.503023,-2.116678,-1.843054,-1.830429,-1.390499,4.344165,1.638743,-1.736402
569.000000,0.140345,0.110963,0.121181,0.109834,-0.219596,0.156399,0.150303,0.153597,0.146782,-0.277996,0.164559,0.164295,0.148904,0.112024,-0.290103,-1.753355,1.789801,-1.556942,1.567654,-1.562009,1.542856,-1.188687,1.266786,4.566474,-4.504133,-2.117387,-1.843701,-1.831073,-1.391026,4.345244,1.638987,-1.736646
570.000000,0.140365,0.110991,0.121204,0.109850,-0.219621,0.156430,0.150326,0.153619,0.146795,-0.278044,0.164581,0.164307,0.148922,0.112039,-0.290162,-1.753859,1.790306,-1.557389,1.568103,-1.562454,1.543302,-1.189039,1.267139,4.567580,-4.505240,-2.118093,-1.844347,-1.831716,-1.391551,4.346321,1.639231,-1.736889
571.000000,0.140385,0.111018,0.121226,0.109866,-0.219647,0.156461,0.150350,0.153640,0.146807,-0.278092,0.164602,0.164318,0.148939,0.112054,-0.290221,-1.754361,1.790809,-1.557836,1.568551,-1.562898,1.543747,-1.189390,1.267491,4.568683,-4.506344,-2.118799,-1.844991,-1.832357,-1.392076,4.347395,1.639475,-1.737133
572.000000,0.140405,0.111046,0.121249,0.109882,-0.219673,0.156492,0.150373,0.153662,0.146820,-0.278141,0.164623,0.164329,0.148957,0.112069,-0.290280,-1.754862,1.791312,-1.558282,1.568998,-1.563341,1.544191,-1.189741,1.267843,4.569783,-4.507447,-2.119503,-1.845634,-1.832996,-1.392599,4.348466,1.639718,-1.737375
573.000000,0.140424,0.111073,0.121271,0.109898,-0.219699,0.156523,0.150396,0.153683,0.146833,-0.278189,0.164644,0.164340,0.148975,0.112084,-0.290338,-1.755362,1.791813,-1.558727,1.569443,-1.563784,1.544635,-1.190090,1.268193,4.570882,-4.508546,-2.120205,-1.846276,-1.833634,-1.393121,4.349535,1.639960,-1.737617
574.000000,0.140444,0.111100,0.121293,0.109915,-0.219724,0.156554,0.150419,0.153705,0.146845,-0.278236,0.164665,0.164352,0.148992,0.112099,-0.290397,-1.755862,1.792314,-1.559170,1.569888,-1.564225,1.545077,-1.190439,1.268543,4.571977,-4.509643,-2.120905,-1.846916,-1.834271,-1.393642,4.350601,1.640202,-1.737858
575.000000,0.140464,0.111128,0.121315,0.109931,-0.219750,0.156585,0.150442,0.153726,0.146858,-0.278284,0.164687,0.164363,0.149010,0.112114,-0.290455,-1.756360,1.792813,-1.559613,1.570332,-1.564665,1.545518,-1.190787,1.268892,4.573070,-4.510738,-2.121604,-1.847554,-1.834907,-1.394162,4.351665,1.640443,-1.738099
576.000000,0.140483,0.111155,0.121338,0.109947,-0.219775,0.156615,0.150465,0.153748,0.146870,-0.278332,0.164708,0.164374,0.149027,0.112129,-0.290514,-1.756856,1.793311,-1.560055,1.570775,-1.565104,1.545959,-1.191135,1.269241,4.574161,-4.511830,-2.122302,-1.848192,-1.835541,-1.394681,4.352726,1.640684,-1.738340
577.000000,0.140503,0.111182,0.121360,0.109963,-0.219800,0.156646,0.150488,0.153769,0.146883,-0.278380,0.164729,0.164385,0.149045,0.112144,-0.290572,-1.757352,1.793808,-1.560496,1.571217,-1.565543,1.546398,-1.191481,1.269588,4.575249,-4.512920,-2.122998,-1.848828,-1.836173,-1.395199,4.353785,1.640924,-1.738579
578.000000,0.140522,0.111209,0.121382,0.109979,-0.219826,0.156677,0.150511,0.153790,0.146895,-0.278427,0.164750,0.164397,0.149062,0.112159,-0.290630,-1.757847,1.794304,-1.560936,1.571658,-1.565980,1.546837,-1.191827,1.269935,4.576335,-4.514007,-2.123693,-1.849462,-1.836805,-1.395716,4.354841,1.641164,-1.738819
579.000000,0.140542,0.111236,0.121404,0.109995,-0.219851,0.156708,0.150534,0.153812,0.146908,-0.278474,0.164771,0.164408,0.149080,0.112174,-0.290688,-1.758341,1.794799,-1.561375,1.572098,-1.566416,1.547274,-1.192172,1.270281,4.577418,-4.515091,-2.124386,-1.850095,-1.837435,-1.396231,4.355894,1.641403,-1.739057
580.000000,0.140561,0.111263,0.121426,0.110010,-0.219876,0.156738,0.150557,0.153833,0.146920,-0.278522,0.164792,0.164419,0.149097,0.112189,-0.290746,-1.758833,1.795292,-1.561813,1.572537,-1.566852,1.547711,-1.192517,1.270627,4.578499,-4.516174,-2.125077,-1.850727,-1.838063,-1.396746,4.356945,1.641641,-1.739295
581.000000,0.140580,0.111290,0.121448,0.110026,-0.219901,0.156769,0.150580,0.153854,0.146933,-0.278569,0.164813,0.164430,0.149115,0.112204,-0.290804,-1.759325,1.795785,-1.562250,1.572976,-1.567286,1.548147,-1.192861,1.270971,4.579578,-4.517254,-2.125767,-1.851358,-1.838690,-1.397259,4.357994,1.641879,-1.739533
582.000000,0.140599,0.111317,0.121469,0.110042,-0.219926,0.156799,0.150603,0.153875,0.146945,-0.278616,0.164834,0.164442,0.149132,0.112219,-0.290862,-1.759815,1.796277,-1.562686,1.573413,-1.567720,1.548581,-1.193203,1.271315,4.580654,-4.518331,-2.126455,-1.851987,-1.839316,-1.397771,4.359040,1.642117,-1.739770
583.000000,0.140619,0.111344,0.121491,0.110058,-0.219951,0.156829,0.150625,0.153896,0.146958,-0.278663,0.164855,0.164453,0.149150,0.112234,-0.290919,-1.760305,1.796767,-1.563121,1.573849,-1.568153,1.549015,-1.193546,1.271658,4.581727,-4.519406,-2.127142,-1.852614,-1.839941,-1.398283,4.360083,1.642354,-1.740007
584.000000,0.140638,0.111370,0.121513,0.110074,-0.219976,0.156860,0.150648,0.153917,0.146970,-0.278710,0.164876,0.164464,0.149167,0.112248,-0.290977,-1.760793,1.797257,-1.563555,1.574284,-1.568585,1.549448,-1.193887,1.272001,4.582798,-4.520479,-2.127828,-1.853241,-1.840564,-1.398793,4.361124,1.642590,-1.740243
585.000000,0.140657,0.111397,0.121535,0.110089,-0.220001,0.156890,0.150671,0.153938,0.146983,-0.278757,0.164897,0.164476,0.149185,0.112263,-0.291034,-1.761281,1.797745,-1.563989,1.574719,-1.569015,1.549880,-1.194228,1.272342,4.583867,-4.521549,-2.128512,-1.853866,-1.841186,-1.399302,4.362163,1.642826,-1.740478
586.000000,0.140676,0.111424,0.121556,0.110105,-0.220026,0.156920,0.150693,0.153959,0.146995,-0.278803,0.164918,0.164487,0.149202,0.112278,-0.291092,-1.761767,1.798233,-1.564421,1.575152,-1.569445,1.550311,-1.194568,1.272683,4.584934,-4.522617,-2.129194,-1.854490,-1.841806,-1.399810,4.363199,1.643061,-1.740713
587.000000,0.140695,0.111450,0.121578,0.110121,-0.220050,0.156950,0.150716,0.153980,0.147007,-0.278850,0.164939,0.164498,0.149220,0.112293,-0.291149,-1.762252,1.798719,-1.564853,1.575585,-1.569874,1.550741,-1.194907,1.273024,4.585998,-4.523682,-2.129875,-1.855112,-1.842426,-1.400317,4.364233,1.643296,-1.740948
588.000000,0.140714,0.111477,0.121599,0.110136,-0.220075,0.156980,0.150739,0.154001,0.147020,-0.278896,0.164960,0.164509,0.149237,0.112308,-0.291206,-1.762736,1.799205,-1.565283,1.576017,-1.570303,1.551170,-1.195246,1.273363,4.587059,-4.524745,-2.130555,-1.855733,-1.843043,-1.400823,4.365264,1.643531,-1.741181
589.000000,0.140733,0.111503,0.121621,0.110152,-0.220100,0.157010,0.150761,0.154022,0.147032,-0.278943,0.164981,0.164521,0.149254,0.112323,-0.291264,-1.763220,1.799689,-1.565713,1.576447,-1.570730,1.551598,-1.195584,1.273702,4.588119,-4.525806,-2.131233,-1.856353,-1.843660,-1.401328,4.366293,1.643764,-1.741415
590.000000,0.140752,0.111529,0.121642,0.110167,-0.220124,0.157040,0.150784,0.154043,0.147044,-0.278989,0.165002,0.164532,0.149272,0.112337,-0.291321,-1.763702,1.800172,-1.566142,1.576877,-1.571156,1.552026,-1.195921,1.274040,4.589176,-4.526864,-2.131910,-1.856971,-1.844275,-1.401831,4.367319,1.643998,-1.741648
591.000000,0.140771,0.111556,0.121664,0.110183,-0.220149,0.157070,0.150806,0.154064,0.147056,-0.279035,0.165023,0.164543,0.149289,0.112352,-0.291378,-1.764183,1.800655,-1.566570,1.577306,-1.571582,1.552452,-1.196257,1.274377,4.590231,-4.527920,-2.132585,-1.857588,-1.844889,-1.402334,4.368343,1.644230,-1.741880
592.000000,0.140790,0.111582,0.121685,0.110198,-0.220173,0.157100,0.150828,0.154085,0.147069,-0.279081,0.165044,0.164554,0.149306,0.112367,-0.291435,-1.764663,1.801136,-1.566997,1.577734,-1.572006,1.552878,-1.196593,1.274714,4.591283,-4.528974,-2.133259,-1.858204,-1.845502,-1.402836,4.369365,1.644463,-1.742112
593.000000,0.140808,0.111608,0.121706,0.110214,-0.220197,0.157130,0.150851,0.154105,0.147081,-0.279127,0.165065,0.164566,0.149324,0.112382,-0.291491,-1.765142,1.801616,-1.567423,1.578162,-1.572430,1.553303,-1.196928,1.275050,4.592333,-4.530025,-2.133931,-1.858819,-1.846113,-1.403337,4.370384,1.644694,-1.742343
594.000000,0.140827,0.111634,0.121727,0.110229,-0.220222,0.157160,0.150873,0.154126,0.147093,-0.279173,0.165086,0.164577,0.149341,0.112397,-0.291548,-1.765620,1.802096,-1.567848,1.578588,-1.572853,1.553726,-1.197262,1.275385,4.593381,-4.531075,-2.134602,-1.859432,-1.846724,-1.403836,4.371401,1.644926,-1.742574
595.000000,0.140846,0.111660,0.121749,0.110245,-0.220246,0.157189,0.150895,0.154147,0.147105,-0.279219,0.165107,0.164588,0.149358,0.112411,-0.291605,-1.766098,1.802574,-1.568272,1.579013,-1.573274,1.554149,-1.197596,1.275720,4.594427,-4.532121,-2.135271,-1.860044,-1.847332,-1.404335,4.372416,1.645156,-1.742804
596.000000,0.140864,0.111686,0.121770,0.110260,-0.220270,0.157219,0.150918,0.154168,0.147117,-0.279264,0.165127,0.164600,0.149376,0.112426,-0.291661,-1.766574,1.803051,-1.568696,1.579438,-1.573695,1.554571,-1.197929,1.276054,4.595470,-4.533166,-2.135939,-1.860655,-1.847940,-1.404833,4.373428,1.645387,-1.743034
597.000000,0.140883,0.111712,0.121791,0.110275,-0.220294,0.157249,0.150940,0.154188,0.147129,-0.279310,0.165148,0.164611,0.149393,0.112441,-0.291718,-1.767049,1.803527,-1.569118,1.579861,-1.574116,1.554993,-1.198261,1.276387,4.596511,-4.534208,-2.136606,-1.861264,-1.848546,-1.405329,4.374438,1.645616,-1.743264
598.000000,0.140901,0.111738,0.121812,0.110291,-0.220318,0.157278,0.150962,0.154209,0.147142,-0.279355,0.165169,0.164622,0.149410,0.112455,-0.291774,-1.767523,1.804003,-1.569540,1.580284,-1.574535,1.555413,-1.198593,1.276719,4.597550,-4.535248,-2.137271,-1.861872,-1.849151,-1.405825,4.375446,1.645846,-1.743492
599.000000,0.140920,0.111764,0.121833,0.110306,-0.220342,0.157308,0.150984,0.154229,0.147154,-0.279401,0.165190,0.164633,0.149428,0.112470,-0.291830,-1.767996,1.804477,-1.569961,1.580706,-1.574953,1.555832,-1.198924,1.277051,4.598586,-4.536286,-2.137935,-1.862479,-1.849755,-1.406319,4.376451,1.646074,-1.743721
600.000000,0.140938,0.111790,0.121854,0.110321,-0.220366,0.157337,0.151006,0.154250,0.147166,-0.279446,0.165210,0.164645,0.149445,0.112485,-0.291886,-1.768468,1.804950,-1.570381,1.581127,-1.575371,1.556251,-1.199254,1.277382,4.599620,-4.537321,-2.138598,-1.863085,-1.850358,-1.406813,4.377454,1.646303,-1.743949
601.000000,0.140957,0.111815,0.121875,0.110336,-0.220389,0.157366,0.151028,0.154270,0.147178,-0.279491,0.165231,0.164656,0.149462,0.112500,-0.291943,-1.768940,1.805423,-1.570800,1.581547,-1.575787,1.556669,-1.199583,1.277713,4.600652,-4.538355,-2.139259,-1.863689,-1.850959,-1.407305,4.378455,1.646530,-1.744176
602.000000,0.140975,0.111841,0.121896,0.110351,-0.220413,0.157396,0.151050,0.154291,0.147190,-0.279536,0.165252,0.164667,0.149479,0.112514,-0.291999,-1.769410,1.805894,-1.571218,1.581966,-1.576203,1.557085,-1.199912,1.278042,4.601682,-4.539386,-2.139918,-1.864292,-1.851559,-1.407797,4.379453,1.646758,-1.744403
603.000000,0.140993,0.111867,0.121916,0.110366,-0.220437,0.157425,0.151072,0.154311,0.147202,-0.279581,0.165273,0.164679,0.149497,0.112529,-0.292055,-1.769879,1.806364,-1.571635,1.582385,-1.576618,1.557501,-1.200240,1.278372,4.602710,-4.540414,-2.140577,-1.864894,-1.852158,-1.408288,4.380449,1.646984,-1.744629
604.000000,0.141012,0.111892,0.121937,0.110381,-0.220461,0.157454,0.151094,0.154331,0.147214,-0.279626,0.165293,0.164690,0.149514,0.112543,-0.292110,-1.770348,1.806834,-1.572052,1.582802,-1.577032,1.557916,-1.200568,1.278700,4.603735,-4.541441,-2.141234,-1.865495,-1.852755,-1.408777,4.381443,1.647211,-1.744855
605.000000,0.141030,0.111918,0.121958,0.110396,-0.220484,0.157483,0.151116,0.154352,0.147226,-0.279671,0.165314,0.164701,0.149531,0.112558,-0.292166,-1.770815,1.807302,-1.572467,1.583219,-1.577446,1.558331,-1.200895,1.279028,4.604758,-4.542465,-2.141889,-1.866094,-1.853352,-1.409266,4.382435,1.647436,-1.745080
606.000000,0.141048,0.111943,0.121979,0.110411,-0.220508,0.157512,0.151138,0.154372,0.147238,-0.279716,0.165335,0.164713,0.149548,0.112573,-0.292222,-1.771281,1.807770,-1.572882,1.583634,-1.577858,1.558744,-1.201221,1.279355,4.605779,-4.543488,-2.142543,-1.866692,-1.853947,-1.409753,4.383424,1.647662,-1.745305
607.000000,0.141066,0.111968,0.121999,0.110426,-0.220531,0.157541,0.151160,0.154392,0.147250,-0.279760,0.165355,0.164724,0.149566,0.112587,-0.292277,-1.771747,1.808236,-1.573296,1.584049,-1.578270,1.559157,-1.201546,1.279681,4.606798,-4.544508,-2.143196,-1.867289,-1.854541,-1.410240,4.384411,1.647887,-1.745530
608.000000,0.141084,0.111994,0.122020,0.110441,-0.220554,0.157570,0.151182,0.154413,0.147262,-0.279805,0.165376,0.164735,0.149583,0.112602,-0.292333,-1.772211,1.808702,-1.573709,1.584464,-1.578680,1.559568,-1.201871,1.280007,4.607815,-4.545525,-2.143848,-1.867885,-1.855134,-1.410726,4.385396,1.648111,-1.745754
609.000000,0.141102,0.112019,0.122040,0.110456,-0.220578,0.157599,0.151203,0.154433,0.147274,-0.279849,0.165397,0.164746,0.149600,0.112617,-0.292388,-1.772675,1.809166,-1.574122,1.584877,-1.579090,1.559979,-1.202195,1.280332,4.608829,-4.546541,-2.144498,-1.868480,-1.855725,-1.411210,4.386379,1.648335,-1.745977
610.000000,0.141120,0.112044,0.122061,0.110471,-0.220601,0.157628,0.151225,0.154453,0.147286,-0.279893,0.165417,0.164758,0.149617,0.112631,-0.292444,-1.773137,1.809630,-1.574533,1.585289,-1.579499,1.560389,-1.202519,1.280656,4.609841,-4.547555,-2.145147,-1.869073,-1.856315,-1.411694,4.387359,1.648558,-1.746200
611.000000,0.141138,0.112069,0.122081,0.110486,-0.220624,0.157657,0.151247,0.154473,0.147297,-0.279938,0.165438,0.164769,0.149634,0.112646,-0.292499,-1.773599,1.810093,-1.574944,1.585701,-1.579907,1.560799,-1.202842,1.280980,4.610852,-4.548566,-2.145794,-1.869665,-1.856904,-1.412177,4.388337,1.648781,-1.746423
612.000000,0.141156,0.112094,0.122102,0.110501,-0.220647,0.157686,0.151268,0.154493,0.147309,-0.279982,0.165458,0.164780,0.149651,0.112660,-0.292554,-1.774060,1.810554,-1.575353,1.586112,-1.580315,1.561207,-1.203164,1.281303,4.611860,-4.549575,-2.146440,-1.870256,-1.857492,-1.412658,4.389313,1.649004,-1.746645
613.000000,0.141174,0.112119,0.122122,0.110516,-0.220670,0.157714,0.151290,0.154513,0.147321,-0.280026,0.165479,0.164792,0.149668,0.112675,-0.292609,-1.774519,1.811015,-1.575762,1.586522,-1.580721,1.561615,-1.203486,1.281625,4.612866,-4.550582,-2.147085,-1.870846,-1.858079,-1.413139,4.390287,1.649226,-1.746866
614.000000,0.141192,0.112144,0.122142,0.110530,-0.220693,0.157743,0.151312,0.154533,0.147333,-0.280070,0.165500,0.164803,0.149685,0.112689,-0.292664,-1.774978,1.811475,-1.576170,1.586931,-1.581127,1.562021,-1.203806,1.281947,4.613869,-4.551587,-2.147729,-1.871434,-1.858665,-1.413619,4.391259,1.649447,-1.747087
615.000000,0.141210,0.112169,0.122162,0.110545,-0.220716,0.157772,0.151333,0.154553,0.147345,-0.280114,0.165520,0.164814,0.149703,0.112704,-0.292719,-1.775436,1.811934,-1.576578,1.587339,-1.581532,1.562427,-1.204127,1.282268,4.614871,-4.552590,-2.148371,-1.872021,-1.859249,-1.414098,4.392228,1.649668,-1.747308
616.000000,0.141228,0.112194,0.122183,0.110560,-0.220739,0.157800,0.151355,0.154573,0.147357,-0.280157,0.165541,0.164825,0.149720,0.112718,-0.292774,-1.775893,1.812392,-1.576984,1.587746,-1.581936,1.562832,-1.204446,1.282589,4.615871,-4.553591,-2.149012,-1.872608,-1.859832,-1.414576,4.393196,1.649889,-1.747528
617.000000,0.141245,0.112219,0.122203,0.110574,-0.220762,0.157829,0.151376,0.154593,0.147368,-0.280201,0.165561,0.164837,0.149737,0.112733,-0.292829,-1.776349,1.812849,-1.577390,1.588153,-1.582340,1.563237,-1.204765,1.282909,4.616868,-4.554589,-2.149651,-1.873192,-1.860414,-1.415053,4.394161,1.650109,-1.747748
618.000000,0.141263,0.112243,0.122223,0.110589,-0.220785,0.157857,0.151397,0.154613,0.147380,-0.280245,0.165582,0.164848,0.149754,0.112747,-0.292883,-1.776805,1.813305,-1.577795,1.588559,-1.582742,1.563640,-1.205084,1.283228,4.617864,-4.555586,-2.150289,-1.873776,-1.860995,-1.415529,4.395124,1.650329,-1.747967
619.000000,0.141281,0.112268,0.122243,0.110604,-0.220808,0.157885,0.151419,0.154633,0.147392,-0.280288,0.165602,0.164859,0.149771,0.112762,-0.292938,-1.777259,1.813761,-1.578199,1.588964,-1.583144,1.564043,-1.205401,1.283546,4.618857,-4.556580,-2.150926,-1.874359,-1.861574,-1.416004,4.396085,1.650548,-1.748186
620.000000,0.141298,0.112293,0.122263,0.110618,-0.220830,0.157914,0.151440,0.154653,0.147403,-0.280332,0.165622,0.164871,0.149788,0.112776,-0.292992,-1.777712,1.814215,-1.578602,1.589368,-1.583545,1.564445,-1.205718,1.283864,4.619848,-4.557573,-2.151562,-1.874940,-1.862153,-1.416479,4.397044,1.650767,-1.748404
621.000000,0.141316,0.112317,0.122283,0.110633,-0.220853,0.157942,0.151462,0.154672,0.147415,-0.280375,0.165643,0.164882,0.149805,0.112791,-0.293047,-1.778165,1.814669,-1.579005,1.589771,-1.583945,1.564846,-1.206035,1.284182,4.620838,-4.558563,-2.152196,-1.875521,-1.862730,-1.416952,4.398001,1.650985,-1.748622
622.000000,0.141333,0.112342,0.122303,0.110647,-0.220876,0.157970,0.151483,0.154692,0.147427,-0.280418,0.165663,0.164893,0.149822,0.112805,-0.293101,-1.778616,1.815121,-1.579406,1.590174,-1.584344,1.565246,-1.206351,1.284498,4.621825,-4.559551,-2.152830,-1.876100,-1.863307,-1.417424,4.398955,1.651203,-1.748839
623.000000,0.141351,0.112366,0.122323,0.110662,-0.220898,0.157999,0.151504,0.154712,0.147438,-0.280461,0.165684,0.164904,0.149839,0.112820,-0.293155,-1.779067,1.815573,-1.579807,1.590576,-1.584743,1.565646,-1.206666,1.284814,4.622810,-4.560538,-2.153461,-1.876678,-1.863882,-1.417896,4.399908,1.651420,-1.749056
624.000000,0.141368,0.112391,0.122343,0.110676,-0.220921,0.158027,0.151525,0.154732,0.147450,-0.280504,0.165704,0.164916,0.149856,0.112834,-0.293210,-1.779517,1.816024,-1.580207,1.590977,-1.585141,1.566044,-1.206980,1.285130,4.623793,-4.561522,-2.154092,-1.877255,-1.864455,-1.418366,4.400858,1.651637,-1.749273
625.000000,0.141386,0.112415,0.122362,0.110690,-0.220943,0.158055,0.151546,0.154751,0.147462,-0.280547,0.165724,0.164927,0.149873,0.112848,-0.293264,-1.779965,1.816473,-1.580606,1.591377,-1.585538,1.566442,-1.207294,1.285444,4.624774,-4.562504,-2.154721,-1.877830,-1.865028,-1.418836,4.401807,1.651854,-1.749489
626.000000,0.141403,0.112439,0.122382,0.110705,-0.220965,0.158083,0.151568,0.154771,0.147473,-0.280590,0.165745,0.164938,0.149890,0.112863,-0.293318,-1.780413,1.816922,-1.581005,1.591777,-1.585934,1.566839,-1.207608,1.285759,4.625753,-4.563484,-2.155349,-1.878405,-1.865600,-1.419305,4.402753,1.652070,-1.749705
627.000000,0.141420,0.112464,0.122402,0.110719,-0.220988,0.158111,0.151589,0.154790,0.147485,-0.280633,0.165765,0.164950,0.149907,0.112877,-0.293372,-1.780860,1.817370,-1.581403,1.592175,-1.586329,1.567236,-1.207920,1.286072,4.626730,-4.564462,-2.155976,-1.878978,-1.866170,-1.419772,4.403697,1.652286,-1.749920
628.000000,0.141438,0.112488,0.122422,0.110734,-0.221010,0.158139,0.151610,0.154810,0.147496,-0.280676,0.165785,0.164961,0.149924,0.112892,-0.293425,-1.781307,1.817818,-1.581799,1.592573,-1.586724,1.567631,-1.208233,1.286385,4.627705,-4.565438,-2.156602,-1.879550,-1.866740,-1.420239,4.404639,1.652501,-1.750135
629.000000,0.141455,0.112512,0.122441,0.110748,-0.221032,0.158167,0.151631,0.154830,0.147508,-0.280718,0.165806,0.164972,0.149940,0.112906,-0.293479,-1.781752,1.818264,-1.582196,1.592970,-1.587118,1.568026,-1.208544,1.286697,4.628678,-4.566412,-2.157226,-1.880122,-1.867308,-1.420705,4.405579,1.652715,-1.750349
630.000000,0.141472,0.112536,0.122461,0.110762,-0.221054,0.158194,0.151652,0.154849,0.147520,-0.280761,0.165826,0.164983,0.149957,0.112920,-0.293533,-1.782196,1.818709,-1.582591,1.593366,-1.587511,1.568420,-1.208855,1.287009,4.629649,-4.567384,-2.157849,-1.880692,-1.867875,-1.421170,4.406518,1.652930,-1.750563
631.000000,0.141489,0.112560,0.122480,0.110776,-0.221076,0.158222,0.151673,0.154868,0.147531,-0.280803,0.165846,0.164995,0.149974,0.112935,-0.293587,-1.782640,1.819154,-1.582986,1.593762,-1.587903,1.568813,-1.209165,1.287320,4.630618,-4.568354,-2.158471,-1.881261,-1.868441,-1.421635,4.407454,1.653144,-1.750776
632.000000,0.141506,0.112584,0.122500,0.110791,-0.221098,0.158250,0.151694,0.154888,0.147543,-0.280846,0.165866,0.165006,0.149991,0.112949,-0.293640,-1.783083,1.819598,-1.583379,1.594157,-1.588295,1.569206,-1.209475,1.287631,4.631585,-4.569322,-2.159091,-1.881828,-1.869006,-1.422098,4.408388,1.653357,-1.750989
633.000000,0.141523,0.112608,0.122519,0.110805,-0.221120,0.158278,0.151715,0.154907,0.147554,-0.280888,0.165887,0.165017,0.150008,0.112963,-0.293694,-1.783525,1.820040,-1.583772,1.594551,-1.588686,1.569597,-1.209784,1.287941,4.632551,-4.570289,-2.159711,-1.882395,-1.869570,-1.422560,4.409320,1.653570,-1.751202
634.000000,0.141540,0.112632,0.122539,0.110819,-0.221142,0.158305,0.151735,0.154927,0.147566,-0.280930,0.165907,0.165029,0.150025,0.112978,-0.293747,-1.783966,1.820482,-1.584165,1.594944,-1.589076,1.569988,-1.210092,1.288250,4.633514,-4.571253,-2.160329,-1.882961,-1.870133,-1.423022,4.410250,1.653783,-1.751414
635.000000,0.141557,0.112656,0.122558,0.110833,-0.221164,0.158333,0.151756,0.154946,0.147577,-0.280973,0.165927,0.165040,0.150042,0.112992,-0.293800,-1.784406,1.820924,-1.584556,1.595336,-1.589465,1.570379,-1.210400,1.288559,4.634475,-4.572215,-2.160946,-1.883525,-1.870694,-1.423482,4.411178,1.653995,-1.751626
636.000000,0.141574,0.112680,0.122577,0.110847,-0.221186,0.158360,0.151777,0.154965,0.147588,-0.281015,0.165947,0.165051,0.150058,0.113006,-0.293853,-1.784845,1.821364,-1.584947,1.595728,-1.589853,1.570768,-1.210708,1.288867,4.635434,-4.573175,-2.161561,-1.884089,-1.871255,-1.423942,4.412104,1.654207,-1.751837
637.000000,0.141591,0.112703,0.122597,0.110861,-0.221207,0.158388,0.151798,0.154985,0.147600,-0.281057,0.165967,0.165062,0.150075,0.113020,-0.293907,-1.785283,1.821803,-1.585337,1.596119,-1.590241,1.571157,-1.211014,1.289174,4.636392,-4.574134,-2.162176,-1.884651,-1.871814,-1.424401,4.413028,1.654418,-1.752048
638.000000,0.141608,0.112727,0.122616,0.110875,-0.221229,0.158415,0.151819,0.155004,0.147611,-0.281098,0.165988,0.165074,0.150092,0.113035,-0.293960,-1.785721,1.822242,-1.585726,1.596509,-1.590628,1.571545,-1.211320,1.289481,4.637347,-4.575090,-2.162789,-1.885212,-1.872373,-1.424859,4.413950,1.654629,-1.752258
639.000000,0.141625,0.112751,0.122635,0.110889,-0.221251,0.158443,0.151839,0.155023,0.147623,-0.281140,0.166008,0.165085,0.150109,0.113049,-0.294013,-1.786158,1.822679,-1.586115,1.596899,-1.591015,1.571932,-1.211626,1.289787,4.638301,-4.576044,-2.163401,-1.885772,-1.872930,-1.425316,4.414870,1.654839,-1.752468
640.000000,0.141642,0.112774,0.122654,0.110903,-0.221272,0.158470,0.151860,0.155042,0.147634,-0.281182,0.166028,0.165096,0.150126,0.113063,-0.294065,-1.786594,1.823116,-1.586503,1.597287,-1.591400,1.572318,-1.211931,1.290093,4.639252,-4.576997,-2.164012,-1.886331,-1.873486,-1.425773,4.415788,1.655049,-1.752678
641.000000,0.141659,0.112798,0.122673,0.110917,-0.221294,0.158497,0.151881,0.155061,0.147645,-0.281224,0.166048,0.165107,0.150142,0.113077,-0.294118,-1.787029,1.823552,-1.586890,1.597675,-1.591785,1.572704,-1.212235,1.290398,4.640202,-4.577948,-2.164622,-1.886889,-1.874042,-1.426228,4.416705,1.655259,-1.752887
642.000000,0.141675,0.112821,0.122692,0.110931,-0.221315,0.158525,0.151901,0.155081,0.147657,-0.281265,0.166068,0.165119,0.150159,0.113092,-0.294171,-1.787463,1.823987,-1.587276,1.598062,-1.592169,1.573089,-1.212539,1.290703,4.641150,-4.578896,-2.165230,-1.887446,-1.874596,-1.426683,4.417619,1.655468,-1.753096
643.000000,0.141692,0.112845,0.122712,0.110945,-0.221337,0.158552,0.151922,0.155100,0.147668,-0.281307,0.166088,0.165130,0.150176,0.113106,-0.294224,-1.787896,1.824422,-1.587662,1.598449,-1.592552,1.573473,-1.212842,1.291007,4.642095,-4.579843,-2.165838,-1.888002,-1.875149,-1.427136,4.418531,1.655677,-1.753304
644.000000,0.141709,0.112868,0.122731,0.110959,-0.221358,0.158579,0.151942,0.155119,0.147679,-0.281348,0.166108,0.165141,0.150193,0.113120,-0.294276,-1.788329,1.824855,-1.588046,1.598835,-1.592935,1.573857,-1.213145,1.291310,4.643039,-4.580788,-2.166444,-1.888557,-1.875701,-1.427589,4.419442,1.655885,-1.753512
645.000000,0.141725,0.112892,0.122750,0.110972,-0.221379,0.158606,0.151963,0.155138,0.147690,-0.281389,0.166128,0.165152,0.150209,0.113134,-0.294329,-1.788761,1.825288,-1.588431,1.599220,-1.593317,1.574239,-1.213447,1.291613,4.643982,-4.581731,-2.167049,-1.889111,-1.876252,-1.428041,4.420350,1.656093,-1.753719
646.000000,0.141742,0.112915,0.122768,0.110986,-0.221401,0.158633,0.151983,0.155157,0.147702,-0.281430,0.166148,0.165164,0.150226,0.113148,-0.294381,-1.789191,1.825720,-1.588814,1.599604,-1.593698,1.574621,-1.213748,1.291915,4.644922,-4.582672,-2.167653,-1.889663,-1.876801,-1.428493,4.421257,1.656301,-1.753926
647.000000,0.141759,0.112938,0.122787,0.111000,-0.221422,0.158660,0.152004,0.155176,0.147713,-0.281472,0.166168,0.165175,0.150243,0.113162,-0.294434,-1.789622,1.826151,-1.589197,1.599987,-1.594078,1.575003,-1.214049,1.292217,4.645860,-4.583612,-2.168255,-1.890215,-1.877350,-1.428943,4.422162,1.656508,-1.754133
648.000000,0.141775,0.112961,0.122806,0.111014,-0.221443,0.158687,0.152024,0.155195,0.147724,-0.281513,0.166188,0.165186,0.150259,0.113177,-0.294486,-1.790051,1.826581,-1.589579,1.600370,-1.594458,1.575383,-1.214349,1.292518,4.646797,-4.584549,-2.168857,-1.890765,-1.877898,-1.429392,4.423064,1.656714,-1.754339
649.000000,0.141792,0.112984,0.122825,0.111027,-0.221464,0.158714,0.152044,0.155214,0.147735,-0.281554,0.166208,0.165197,0.150276,0.113191,-0.294538,-1.790479,1.827010,-1.589960,1.600752,-1.594837,1.575763,-1.214649,1.292818,4.647731,-4.585485,-2.169457,-1.891315,-1.878445,-1.429841,4.423965,1.656921,-1.754545
650.000000,0.141808,0.113008,0.122844,0.111041,-0.221485,0.158741,0.152065,0.155232,0.147747,-0.281595,0.166228,0.165209,0.150293,0.113205,-0.294590,-1.790907,1.827439,-1.590340,1.601134,-1.595215,1.576142,-1.214948,1.293118,4.648664,-4.586418,-2.170056,-1.891863,-1.878990,-1.430289,4.424864,1.657127,-1.754751
651.000000,0.141825,0.113031,0.122862,0.111055,-0.221506,0.158768,0.152085,0.155251,0.147758,-0.281635,0.166248,0.165220,0.150309,0.113219,-0.294642,-1.791334,1.827867,-1.590720,1.601514,-1.595593,1.576521,-1.215247,1.293418,4.649595,-4.587350,-2.170654,-1.892411,-1.879535,-1.430736,4.425762,1.657332,-1.754956
652.000000,0.141841,0.113054,0.122881,0.111068,-0.221527,0.158794,0.152105,0.155270,0.147769,-0.281676,0.166268,0.165231,0.150326,0.113233,-0.294694,-1.791760,1.828294,-1.591099,1.601894,-1.595970,1.576898,-1.215545,1.293717,4.650525,-4.588280,-2.171251,-1.892957,-1.880079,-1.431182,4.426657,1.657537,-1.755160
653.000000,0.141857,0.113077,0.122900,0.111082,-0.221548,0.158821,0.152126,0.155289,0.147780,-0.281717,0.166288,0.165242,0.150343,0.113247,-0.294746,-1.792185,1.828720,-1.591477,1.602273,-1.596346,1.577275,-1.215843,1.294015,4.651452,-4.589209,-2.171847,-1.893503,-1.880621,-1.431627,4.427550,1.657742,-1.755364
654.000000,0.141874,0.113099,0.122918,0.111096,-0.221569,0.158848,0.152146,0.155308,0.147791,-0.281757,0.166308,0.165254,0.150359,0.113261,-0.294798,-1.792609,1.829145,-1.591855,1.602652,-1.596721,1.577652,-1.216139,1.294313,4.652377,-4.590135,-2.172442,-1.894047,-1.881163,-1.432072,4.428442,1.657946,-1.755568
655.000000,0.141890,0.113122,0.122937,0.111109,-0.221590,0.158874,0.152166,0.155326,0.147802,-0.281798,0.166327,0.165265,0.150376,0.113275,-0.294850,-1.793033,1.829570,-1.592232,1.603030,-1.597096,1.578027,-1.216436,1.294610,4.653301,-4.591060,-2.173035,-1.894590,-1.881704,-1.432516,4.429332,1.658150,-1.755772
656.000000,0.141906,0.113145,0.122955,0.111123,-0.221610,0.158901,0.152186,0.155345,0.147813,-0.281838,0.166347,0.165276,0.150392,0.113289,-0.294901,-1.793456,1.829993,-1.592608,1.603407,-1.597470,1.578402,-1.216732,1.294906,4.654223,-4.591983,-2.173627,-1.895132,-1.882243,-1.432958,4.430220,1.658354,-1.755975
657.000000,0.141922,0.113168,0.122974,0.111136,-0.221631,0.158928,0.152206,0.155364,0.147824,-0.281879,0.166367,0.165287,0.150409,0.113303,-0.294953,-1.793878,1.830416,-1.592984,1.603783,-1.597844,1.578776,-1.217027,1.295202,4.655143,-4.592904,-2.174219,-1.895674,-1.882782,-1.433401,4.431106,1.658557,-1.756177
658.000000,0.141938,0.113191,0.122992,0.111150,-0.221652,0.158954,0.152226,0.155382,0.147836,-0.281919,0.166387,0.165298,0.150425,0.113317,-0.295004,-1.794299,1.830838,-1.593358,1.604159,-1.598216,1.579150,-1.217322,1.295498,4.656062,-4.593823,-2.174809,-1.896214,-1.883319,-1.433842,4.431990,1.658759,-1.756380
659.000000,0.141955,0.113213,0.123011,0.111163,-0.221672,0.158981,0.152246,0.155401,0.147847,-0.281959,0.166407,0.165310,0.150442,0.113331,-0.295056,-1.794720,1.831260,-1.593732,1.604534,-1.598588,1.579523,-1.217616,1.295793,4.656978,-4.594740,-2.175398,-1.896753,-1.883856,-1.434282,4.432872,1.658962,-1.756581
660.000000,0.141971,0.113236,0.123029,0.111177,-0.221693,0.159007,0.152266,0.155420,0.147858,-0.281999,0.166427,0.165321,0.150458,0.113345,-0.295107,-1.795139,1.831680,-1.594106,1.604908,-1.598960,1.579895,-1.217910,1.296087,4.657893,-4.595656,-2.175986,-1.897292,-1.884391,-1.434722,4.433753,1.659164,-1.756783
661.000000,0.141987,0.113259,0.123048,0.111190,-0.221713,0.159033,0.152286,0.155438,0.147869,-0.282039,0.166446,0.165332,0.150475,0.113359,-0.295159,-1.795558,1.832100,-1.594479,1.605281,-1.599330,1.580266,-1.218203,1.296381,4.658806,-4.596570,-2.176572,-1.897829,-1.884926,-1.435161,4.434632,1.659365,-1.756984
662.000000,0.142003,0.113281,0.123066,0.111203,-0.221734,0.159060,0.152306,0.155457,0.147880,-0.282079,0.166466,0.165343,0.150491,0.113373,-0.295210,-1.795976,1.832519,-1.594851,1.605654,-1.599700,1.580637,-1.218495,1.296674,4.659717,-4.597482,-2.177158,-1.898365,-1.885459,-1.435599,4.435509,1.659566,-1.757185
663.000000,0.142019,0.113304,0.123084,0.111217,-0.221754,0.159086,0.152326,0.155475,0.147891,-0.282119,0.166486,0.165354,0.150508,0.113387,-0.295261,-1.796394,1.832937,-1.595222,1.606026,-1.600069,1.581007,-1.218787,1.296967,4.660627,-4.598392,-2.177743,-1.898900,-1.885992,-1.436036,4.436384,1.659767,-1.757385
664.000000,0.142035,0.113326,0.123102,0.111230,-0.221775,0.159112,0.152346,0.155494,0.147902,-0.282159,0.166506,0.165366,0.150524,0.113401,-0.295312,-1.796810,1.833355,-1.595593,1.606398,-1.600438,1.581376,-1.219079,1.297259,4.661535,-4.599301,-2.178326,-1.899435,-1.886524,-1.436472,4.437257,1.659968,-1.757585
665.000000,0.142051,0.113348,0.123121,0.111243,-0.221795,0.159138,0.152366,0.155512,0.147913,-0.282199,0.166525,0.165377,0.150541,0.113415,-0.295363,-1.797226,1.833771,-1.595963,1.606769,-1.600806,1.581745,-1.219370,1.297551,4.662441,-4.600207,-2.178909,-1.899968,-1.887054,-1.436908,4.438129,1.660168,-1.757784
666.000000,0.142067,0.113371,0.123139,0.111256,-0.221815,0.159164,0.152386,0.155531,0.147923,-0.282239,0.166545,0.165388,0.150557,0.113429,-0.295414,-1.797641,1.834187,-1.596332,1.607139,-1.601173,1.582113,-1.219660,1.297842,4.663345,-4.601113,-2.179490,-1.900500,-1.887584,-1.437343,4.438999,1.660367,-1.757984
667.000000,0.142082,0.113393,0.123157,0.111270,-0.221836,0.159191,0.152406,0.155549,0.147934,-0.282278,0.166565,0.165399,0.150574,0.113443,-0.295465,-1.798055,1.834602,-1.596701,1.607508,-1.601539,1.582480,-1.219950,1.298133,4.664247,-4.602016,-2.180070,-1.901031,-1.888112,-1.437777,4.439867,1.660566,-1.758182
668.000000,0.142098,0.113415,0.123175,0.111283,-0.221856,0.159217,0.152425,0.155567,0.147945,-0.282318,0.166584,0.165410,0.150590,0.113457,-0.295516,-1.798469,1.835017,-1.597069,1.607877,-1.601905,1.582847,-1.220239,1.298423,4.665148,-4.602918,-2.180649,-1.901562,-1.888640,-1.438210,4.440734,1.660765,-1.758381
669.000000,0.142114,0.113438,0.123193,0.111296,-0.221876,0.159243,0.152445,0.155586,0.147956,-0.282357,0.166604,0.165422,0.150606,0.113471,-0.295566,-1.798882,1.835430,-1.597436,1.608245,-1.602270,1.583213,-1.220528,1.298712,4.666047,-4.603817,-2.181227,-1.902091,-1.889167,-1.438643,4.441598,1.660964,-1.758579
670.000000,0.142130,0.113460,0.123211,0.111309,-0.221896,0.159269,0.152465,0.155604,0.147967,-0.282397,0.166623,0.165433,0.150623,0.113485,-0.295617,-1.799294,1.835843,-1.597803,1.608613,-1.602635,1.583578,-1.220816,1.299001,4.666945,-4.604716,-2.181804,-1.902620,-1.889693,-1.439075,4.442461,1.661162,-1.758776
671.000000,0.142146,0.113482,0.123229,0.111322,-0.221916,0.159295,0.152485,0.155622,0.147978,-0.282436,0.166643,0.165444,0.150639,0.113499,-0.295668,-1.799705,1.836255,-1.598168,1.608979,-1.602999,1.583943,-1.221104,1.299290,4.667840,-4.605612,-2.182380,-1.903147,-1.890217,-1.439506,4.443322,1.661360,-1.758974
672.000000,0.142161,0.113504,0.123247,0.111335,-0.221936,0.159320,0.152504,0.155641,0.147989,-0.282475,0.166663,0.165455,0.150656,0.113512,-0.295718,-1.800115,1.836667,-1.598534,1.609346,-1.603362,1.584307,-1.221391,1.299578,4.668734,-4.606507,-2.182955,-1.903674,-1.890741,-1.439936,4.444182,1.661557,-1.759170
673.000000,0.142177,0.113526,0.123265,0.111349,-0.221956,0.159346,0.152524,0.155659,0.148000,-0.282514,0.166682,0.165466,0.150672,0.113526,-0.295769,-1.800525,1.837077,-1.598898,1.609711,-1.603724,1.584670,-1.221678,1.299865,4.669627,-4.607400,-2.183529,-1.904199,-1.891264,-1.440365,4.445039,1.661754,-1.759367
674.000000,0.142193,0.113548,0.123283,0.111362,-0.221976,0.159372,0.152543,0.155677,0.148010,-0.282553,0.166702,0.165478,0.150688,0.113540,-0.295819,-1.800934,1.837487,-1.599262,1.610076,-1.604086,1.585033,-1.221964,1.300152,4.670517,-4.608291,-2.184102,-1.904724,-1.891786,-1.440794,4.445895,1.661950,-1.759563
675.000000,0.142208,0.113570,0.123300,0.111375,-0.221996,0.159398,0.152563,0.155695,0.148021,-0.282592,0.166721,0.165489,0.150705,0.113554,-0.295869,-1.801342,1.837896,-1.599626,1.610440,-1.604447,1.585395,-1.222250,1.300439,4.671406,-4.609181,-2.184673,-1.905247,-1.892307,-1.441222,4.446750,1.662147,-1.759759
676.000000,0.142224,0.113592,0.123318,0.111388,-0.222015,0.159424,0.152583,0.155713,0.148032,-0.282631,0.166741,0.165500,0.150721,0.113568,-0.295919,-1.801750,1.838305,-1.599988,1.610803,-1.604808,1.585756,-1.222535,1.300724,4.672293,-4.610069,-2.185244,-1.905770,-1.892827,-1.441649,4.447602,1.662343,-1.759954
677.000000,0.142239,0.113614,0.123336,0.111401,-0.222035,0.159449,0.152602,0.155731,0.148043,-0.282670,0.166760,0.165511,0.150737,0.113582,-0.295969,-1.802157,1.838712,-1.600350,1.611166,-1.605168,1.586117,-1.222820,1.301010,4.673179,-4.610955,-2.185814,-1.906292,-1.893346,-1.442075,4.448453,1.662538,-1.760149
678.000000,0.142255,0.113636,0.123354,0.111414,-0.222055,0.159475,0.152621,0.155749,0.148053,-0.282709,0.166780,0.165522,0.150753,0.113595,-0.296020,-1.802563,1.839119,-1.600712,1.611528,-1.605527,1.586477,-1.223104,1.301295,4.674063,-4.611840,-2.186382,-1.906812,-1.893864,-1.442501,4.449302,1.662733,-1.760344
679.000000,0.142270,0.113657,0.123371,0.111427,-0.222075,0.159500,0.152641,0.155767,0.148064,-0.282748,0.166799,0.165533,0.150770,0.113609,-0.296070,-1.802968,1.839525,-1.601072,1.611890,-1.605886,1.586836,-1.223388,1.301579,4.674945,-4.612723,-2.186950,-1.907332,-1.894382,-1.442926,4.450150,1.662928,-1.760538
680.000000,0.142286,0.113679,0.123389,0.111439,-0.222094,0.159526,0.152660,0.155785,0.148075,-0.282786,0.166819,0.165544,0.150786,0.113623,-0.296119,-1.803373,1.839931,-1.601432,1.612251,-1.606244,1.587195,-1.223671,1.301863,4.675826,-4.613604,-2.187516,-1.907851,-1.894898,-1.443350,4.450995,1.663122,-1.760732
681.000000,0.142301,0.113701,0.123407,0.111452,-0.222114,0.159551,0.152680,0.155803,0.148086,-0.282825,0.166838,0.165556,0.150802,0.113637,-0.296169,-1.803776,1.840335,-1.601792,1.612611,-1.606601,1.587553,-1.223953,1.302146,4.676705,-4.614484,-2.188082,-1.908369,-1.895413,-1.443773,4.451840,1.663316,-1.760926
682.000000,0.142317,0.113722,0.123424,0.111465,-0.222133,0.159577,0.152699,0.155821,0.148096,-0.282864,0.166858,0.165567,0.150818,0.113650,-0.296219,-1.804180,1.840739,-1.602151,1.612970,-1.606958,1.587911,-1.224236,1.302429,4.677582,-4.615362,-2.188646,-1.908886,-1.895928,-1.444196,4.452682,1.663510,-1.761119
683.000000,0.142332,0.113744,0.123442,0.111478,-0.222153,0.159602,0.152718,0.155839,0.148107,-0.282902,0.166877,0.165578,0.150835,0.113664,-0.296269,-1.804582,1.841143,-1.602509,1.613329,-1.607314,1.588268,-1.224517,1.302711,4.678458,-4.616238,-2.189209,-1.909402,-1.896441,-1.444618,4.453523,1.663703,-1.761312
684.000000,0.142347,0.113766,0.123459,0.111491,-0.222172,0.159628,0.152738,0.155857,0.148118,-0.282940,0.166896,0.165589,0.150851,0.113678,-0.296318,-1.804984,1.841545,-1.602866,1.613687,-1.607669,1.588624,-1.224798,1.302993,4.679332,-4.617113,-2.189772,-1.909917,-1.896954,-1.445039,4.454362,1.663896,-1.761504
685.000000,0.142362,0.113787,0.123477,0.111504,-0.222192,0.159653,0.152757,0.155875,0.148128,-0.282979,0.166916,0.165600,0.150867,0.113692,-0.296368,-1.805385,1.841947,-1.603223,1.614045,-1.608024,1.588979,-1.225079,1.303274,4.680204,-4.617986,-2.190333,-1.910432,-1.897465,-1.445459,4.455199,1.664089,-1.761696
686.000000,0.142378,0.113809,0.123494,0.111516,-0.222211,0.159678,0.152776,0.155893,0.148139,-0.283017,0.166935,0.165611,0.150883,0.113705,-0.296418,-1.805785,1.842348,-1.603579,1.614402,-1.608378,1.589334,-1.225359,1.303555,4.681075,-4.618858,-2.190893,-1.910945,-1.897976,-1.445879,4.456035,1.664281,-1.761888
687.000000,0.142393,0.113830,0.123512,0.111529,-0.222230,0.159704,0.152795,0.155911,0.148150,-0.283055,0.166954,0.165622,0.150899,0.113719,-0.296467,-1.806184,1.842748,-1.603935,1.614758,-1.608732,1.589689,-1.225639,1.303836,4.681944,-4.619728,-2.191453,-1.911457,-1.898486,-1.446298,4.456869,1.664473,-1.762080
688.000000,0.142408,0.113851,0.123529,0.111542,-0.222250,0.159729,0.152815,0.155929,0.148160,-0.283093,0.166974,0.165634,0.150916,0.113733,-0.296516,-1.806583,1.843148,-1.604290,1.615114,-1.609085,1.590042,-1.225918,1.304115,4.682812,-4.620596,-2.192011,-1.911969,-1.898995,-1.446716,4.457702,1.664665,-1.762271
689.000000,0.142423,0.113873,0.123546,0.111554,-0.222269,0.159754,0.152834,0.155947,0.148171,-0.283131,0.166993,0.165645,0.150932,0.113746,-0.296566,-1.806981,1.843547,-1.604644,1.615469,-1.609437,1.590395,-1.226196,1.304395,4.683678,-4.621463,-2.192568,-1.912479,-1.899503,-1.447134,4.458533,1.664856,-1.762461
690.000000,0.142438,0.113894,0.123564,0.111567,-0.222288,0.159779,0.152853,0.155964,0.148181,-0.283169,0.167012,0.165656,0.150948,0.113760,-0.296615,-1.807379,1.843945,-1.604998,1.615824,-1.609789,1.590748,-1.226475,1.304674,4.684542,-4.622328,-2.193125,-1.912989,-1.900010,-1.447551,4.459362,1.665047,-1.762652
691.000000,0.142453,0.113915,0.123581,0.111580,-0.222307,0.159804,0.152872,0.155982,0.148192,-0.283207,0.167032,0.165667,0.150964,0.113774,-0.296664,-1.807776,1.844343,-1.605351,1.616178,-1.610140,1.591100,-1.226752,1.304952,4.685405,-4.623191,-2.193680,-1.913498,-1.900517,-1.447967,4.460190,1.665237,-1.762842
692.000000,0.142469,0.113937,0.123598,0.111592,-0.222326,0.159829,0.152891,0.156000,0.148202,-0.283245,0.167051,0.165678,0.150980,0.113787,-0.296713,-1.808172,1.844739,-1.605703,1.616531,-1.610490,1.591451,-1.227029,1.305230,4.686266,-4.624053,-2.194234,-1.914006,-1.901022,-1.448382,4.461016,1.665427,-1.763031
693.000000,0.142484,0.113958,0.123615,0.111605,-0.222345,0.159854,0.152910,0.156017,0.148213,-0.283283,0.167070,0.165689,0.150996,0.113801,-0.296762,-1.808567,1.845136,-1.606055,1.616883,-1.610840,1.591801,-1.227306,1.305507,4.687126,-4.624914,-2.194788,-1.914513,-1.901526,-1.448796,4.461841,1.665617,-1.763221
694.000000,0.142499,0.113979,0.123632,0.111618,-0.222364,0.159879,0.152929,0.156035,0.148223,-0.283320,0.167089,0.165700,0.151012,0.113814,-0.296811,-1.808962,1.845531,-1.606406,1.617235,-1.611189,1.592151,-1.227582,1.305784,4.687984,-4.625772,-2.195340,-1.915019,-1.902030,-1.449210,4.462664,1.665807,-1.763410
695.000000,0.142514,0.114000,0.123650,0.111630,-0.222383,0.159904,0.152948,0.156053,0.148234,-0.283358,0.167108,0.165711,0.151028,0.113828,-0.296860,-1.809356,1.845926,-1.606757,1.617587,-1.611538,1.592501,-1.227858,1.306060,4.688841,-4.626630,-2.195891,-1.915524,-1.902533,-1.449624,4.463485,1.665996,-1.763598
696.000000,0.142528,0.114021,0.123667,0.111643,-0.222402,0.159929,0.152967,0.156070,0.148244,-0.283396,0.167128,0.165722,0.151044,0.113842,-0.296909,-1.809749,1.846320,-1.607107,1.617937,-1.611886,1.592849,-1.228133,1.306336,4.689696,-4.627485,-2.196442,-1.916029,-1.903035,-1.450036,4.464305,1.666185,-1.763787
697.000000,0.142543,0.114042,0.123684,0.111655,-0.222421,0.159954,0.152986,0.156088,0.148255,-0.283433,0.167147,0.165733,0.151060,0.113855,-0.296958,-1.810141,1.846713,-1.607456,1.618288,-1.612233,1.593197,-1.228408,1.306612,4.690549,-4.628339,-2.196991,-1.916532,-1.903535,-1.450448,4.465123,1.666373,-1.763975
698.000000,0.142558,0.114063,0.123701,0.111668,-0.222440,0.159979,0.153005,0.156105,0.148265,-0.283471,0.167166,0.165745,0.151076,0.113869,-0.297006,-1.810533,1.847106,-1.607805,1.618637,-1.612580,1.593545,-1.228682,1.306887,4.691401,-4.629192,-2.197540,-1.917035,-1.904036,-1.450859,4.465939,1.666561,-1.764162
699.000000,0.142573,0.114084,0.123718,0.111680,-0.222459,0.160003,0.153024,0.156123,0.148276,-0.283508,0.167185,0.165756,0.151092,0.113882,-0.297055,-1.810924,1.847498,-1.608153,1.618986,-1.612926,1.593892,-1.228956,1.307161,4.692251,-4.630043,-2.198087,-1.917536,-1.904535,-1.451269,4.466754,1.666749,-1.764349
700.000000,0.142588,0.114105,0.123735,0.111692,-0.222477,0.160028,0.153043,0.156140,0.148286,-0.283545,0.167204,0.165767,0.151108,0.113896,-0.297103,-1.811315,1.847889,-1.608501,1.619334,-1.613272,1.594238,-1.229229,1.307435,4.693100,-4.630892,-2.198634,-1.918037,-1.905033,-1.451679,4.467568,1.666936,-1.764536
701.000000,0.142603,0.114126,0.123752,0.111705,-0.222496,0.160053,0.153061,0.156158,0.148297,-0.283582,0.167223,0.165778,0.151124,0.113909,-0.297152,-1.811705,1.848280,-1.608848,1.619682,-1.613617,1.594584,-1.229502,1.307709,4.693947,-4.631740,-2.199179,-1.918537,-1.905530,-1.452088,4.468380,1.667123,-1.764723
702.000000,0.142618,0.114147,0.123768,0.111717,-0.222515,0.160077,0.153080,0.156175,0.148307,-0.283620,0.167242,0.165789,0.151140,0.113923,-0.297200,-1.812094,1.848669,-1.609194,1.620029,-1.613961,1.594929,-1.229775,1.307982,4.694793,-4.632586,-2.199724,-1.919036,-1.906027,-1.452496,4.469190,1.667310,-1.764909
703.000000,0.142632,0.114167,0.123785,0.111730,-0.222533,0.160102,0.153099,0.156193,0.148317,-0.283657,0.167261,0.165800,0.151156,0.113936,-0.297249,-1.812482,1.849059,-1.609540,1.620376,-1.614305,1.595274,-1.230046,1.308254,4.695637,-4.633431,-2.200267,-1.919534,-1.906523,-1.452903,4.469999,1.667497,-1.765095
704.000000,0.142647,0.114188,0.123802,0.111742,-0.222552,0.160127,0.153118,0.156210,0.148328,-0.283694,0.167281,0.165811,0.151172,0.113950,-0.297297,-1.812870,1.849447,-1.609885,1.620722,-1.614648,1.595617,-1.230318,1.308526,4.696480,-4.634275,-2.200810,-1.920032,-1.907018,-1.453310,4.470806,1.667683,-1.765281
705.000000,0.142662,0.114209,0.123819,0.111754,-0.222570,0.160151,0.153136,0.156228,0.148338,-0.283731,0.167300,0.165822,0.151188,0.113963,-0.297345,-1.813257,1.849835,-1.610230,1.621067,-1.614991,1.595961,-1.230589,1.308798,4.697321,-4.635116,-2.201352,-1.920528,-1.907512,-1.453716,4.471612,1.667868,-1.765466
706.000000,0.142676,0.114229,0.123836,0.111767,-0.222589,0.160176,0.153155,0.156245,0.148349,-0.283768,0.167319,0.165833,0.151204,0.113977,-0.297393,-1.813644,1.850222,-1.610574,1.621412,-1.615333,1.596303,-1.230859,1.309069,4.698161,-4.635957,-2.201893,-1.921024,-1.908005,-1.454122,4.472416,1.668054,-1.765651
707.000000,0.142691,0.114250,0.123852,0.111779,-0.222607,0.160200,0.153174,0.156262,0.148359,-0.283804,0.167338,0.165844,0.151220,0.113990,-0.297441,-1.814029,1.850609,-1.610917,1.621756,-1.615674,1.596646,-1.231129,1.309340,4.698999,-4.636795,-2.202433,-1.921519,-1.908497,-1.454527,4.473219,1.668239,-1.765835
708.000000,0.142705,0.114271,0.123869,0.111791,-0.222626,0.160225,0.153192,0.156280,0.148369,-0.283841,0.167357,0.165855,0.151236,0.114004,-0.297489,-1.814415,1.850995,-1.611260,1.622099,-1.616015,1.596987,-1.231399,1.309610,4.699835,-4.637633,-2.202971,-1.922013,-1.908989,-1.454931,4.474020,1.668424,-1.766020
709.000000,0.142720,0.114291,0.123886,0.111803,-0.222644,0.160249,0.153211,0.156297,0.148379,-0.283878,0.167376,0.165866,0.151252,0.114017,-0.297537,-1.814799,1.851380,-1.611602,1.622442,-1.616355,1.597328,-1.231668,1.309880,4.700670,-4.638468,-2.203509,-1.922506,-1.909479,-1.455334,4.474820,1.668608,-1.766204
710.000000,0.142735,0.114312,0.123902,0.111816,-0.222663,0.160273,0.153229,0.156314,0.148390,-0.283915,0.167395,0.165877,0.151268,0.114031,-0.297585,-1.815183,1.851765,-1.611944,1.622785,-1.616695,1.597669,-1.231937,1.310149,4.701504,-4.639303,-2.204046,-1.922998,-1.909969,-1.455737,4.475618,1.668792,-1.766387
711.000000,0.142749,0.114332,0.123919,0.111828,-0.222681,0.160298,0.153248,0.156331,0.148400,-0.283951,0.167413,0.165888,0.151283,0.114044,-0.297633,-1.815566,1.852149,-1.612285,1.623126,-1.617034,1.598008,-1.232205,1.310418,4.702336,-4.640135,-2.204582,-1.923489,-1.910458,-1.456139,4.476414,1.668976,-1.766570
712.000000,0.142764,0.114353,0.123936,0.111840,-0.222699,0.160322,0.153266,0.156349,0.148410,-0.283988,0.167432,0.165899,0.151299,0.114057,-0.297681,-1.815949,1.852532,-1.612625,1.623468,-1.617372,1.598348,-1.232473,1.310686,4.703167,-4.640967,-2.205118,-1.923980,-1.910946,-1.456540,4.477210,1.669159,-1.766753
713.000000,0.142778,0.114373,0.123952,0.111852,-0.222717,0.160346,0.153285,0.156366,0.148421,-0.284024,0.167451,0.165910,0.151315,0.114071,-0.297728,-1.816330,1.852914,-1.612965,1.623808,-1.617710,1.598686,-1.232740,1.310954,4.703996,-4.641796,-2.205652,-1.924470,-1.911433,-1.456941,4.478003,1.669342,-1.766936
714.000000,0.142792,0.114393,0.123969,0.111864,-0.222736,0.160370,0.153303,0.156383,0.148431,-0.284061,0.167470,0.165921,0.151331,0.114084,-0.297776,-1.816712,1.853296,-1.613305,1.624148,-1.618048,1.599024,-1.233007,1.311222,4.704824,-4.642625,-2.206185,-1.924958,-1.911920,-1.457341,4.478795,1.669525,-1.767118
715.000000,0.142807,0.114414,0.123985,0.111876,-0.222754,0.160394,0.153322,0.156400,0.148441,-0.284097,0.167489,0.165932,0.151347,0.114097,-0.297824,-1.817092,1.853678,-1.613643,1.624488,-1.618384,1.599362,-1.233273,1.311489,4.705650,-4.643452,-2.206718,-1.925446,-1.912405,-1.457741,4.479586,1.669708,-1.767300
716.000000,0.142821,0.114434,0.124002,0.111888,-0.222772,0.160418,0.153340,0.156417,0.148451,-0.284133,0.167508,0.165943,0.151363,0.114111,-0.297871,-1.817472,1.854058,-1.613981,1.624827,-1.618721,1.599699,-1.233539,1.311756,4.706475,-4.644277,-2.207249,-1.925934,-1.912890,-1.458139,4.480375,1.669890,-1.767482
717.000000,0.142835,0.114454,0.124018,0.111900,-0.222790,0.160443,0.153359,0.156434,0.148461,-0.284169,0.167527,0.165954,0.151378,0.114124,-0.297919,-1.817851,1.854438,-1.614319,1.625165,-1.619056,1.600035,-1.233805,1.312022,4.707298,-4.645101,-2.207780,-1.926420,-1.913374,-1.458537,4.481163,1.670072,-1.767663
718.000000,0.142850,0.114474,0.124034,0.111912,-0.222808,0.160467,0.153377,0.156451,0.148472,-0.284205,0.167546,0.165965,0.151394,0.114137,-0.297966,-1.818230,1.854818,-1.614656,1.625503,-1.619391,1.600371,-1.234070,1.312287,4.708120,-4.645923,-2.208309,-1.926906,-1.913857,-1.458935,4.481949,1.670253,-1.767844
719.000000,0.142864,0.114495,0.124051,0.111924,-0.222826,0.160491,0.153395,0.156468,0.148482,-0.284242,0.167564,0.165976,0.151410,0.114151,-0.298013,-1.818608,1.855196,-1.614993,1.625840,-1.619726,1.600706,-1.234334,1.312553,4.708941,-4.646744,-2.208838,-1.927390,-1.914340,-1.459331,4.482734,1.670434,-1.768025
720.000000,0.142878,0.114515,0.124067,0.111936,-0.222844,0.160515,0.153414,0.156485,0.148492,-0.284278,0.167583,0.165987,0.151426,0.114164,-0.298060,-1.818985,1.855574,-1.615328,1.626176,-1.620060,1.601041,-1.234599,1.312817,4.709760,-4.647564,-2.209366,-1.927874,-1.914821,-1.459727,4.483517,1.670615,-1.768205
721.000000,0.142892,0.114535,0.124083,0.111948,-0.222862,0.160538,0.153432,0.156502,0.148502,-0.284314,0.167602,0.165998,0.151441,0.114177,-0.298108,-1.819362,1.855952,-1.615664,1.626512,-1.620393,1.601375,-1.234862,1.313082,4.710578,-4.648382,-2.209893,-1.928357,-1.915302,-1.460123,4.484299,1.670796,-1.768385
722.000000,0.142907,0.114555,0.124100,0.111960,-0.222879,0.160562,0.153450,0.156519,0.148512,-0.284349,0.167621,0.166009,0.151457,0.114191,-0.298155,-1.819738,1.856329,-1.615999,1.626848,-1.620726,1.601708,-1.235126,1.313346,4.711394,-4.649199,-2.210419,-1.928840,-1.915782,-1.460518,4.485080,1.670976,-1.768565
723.000000,0.142921,0.114575,0.124116,0.111972,-0.222897,0.160586,0.153468,0.156536,0.148522,-0.284385,0.167639,0.166020,0.151473,0.114204,-0.298202,-1.820113,1.856705,-1.616333,1.627183,-1.621058,1.602041,-1.235388,1.313609,4.712208,-4.650014,-2.210944,-1.929321,-1.916261,-1.460912,4.485859,1.671156,-1.768745
724.000000,0.142935,0.114595,0.124132,0.111984,-0.222915,0.160610,0.153487,0.156553,0.148532,-0.284421,0.167658,0.166031,0.151488,0.114217,-0.298249,-1.820488,1.857080,-1.616666,1.627517,-1.621390,1.602374,-1.235651,1.313872,4.713022,-4.650828,-2.211468,-1.929802,-1.916739,-1.461305,4.486636,1.671336,-1.768924
725.000000,0.142949,0.114615,0.124148,0.111996,-0.222933,0.160634,0.153505,0.156570,0.148542,-0.284457,0.167677,0.166042,0.151504,0.114230,-0.298296,-1.820862,1.857455,-1.617000,1.627851,-1.621721,1.602706,-1.235913,1.314135,4.713834,-4.651641,-2.211992,-1.930282,-1.917217,-1.461698,4.487412,1.671515,-1.769103
726.000000,0.142963,0.114635,0.124164,0.112008,-0.222951,0.160658,0.153523,0.156587,0.148553,-0.284492,0.167696,0.166053,0.151520,0.114244,-0.298342,-1.821236,1.857829,-1.617332,1.628184,-1.622052,1.603037,-1.236174,1.314397,4.714644,-4.652452,-2.212514,-1.930761,-1.917693,-1.462090,4.488187,1.671694,-1.769281
727.000000,0.142977,0.114655,0.124181,0.112020,-0.222968,0.160681,0.153541,0.156604,0.148563,-0.284528,0.167714,0.166064,0.151535,0.114257,-0.298389,-1.821609,1.858203,-1.617664,1.628517,-1.622382,1.603368,-1.236435,1.314659,4.715453,-4.653261,-2.213036,-1.931239,-1.918169,-1.462482,4.488960,1.671873,-1.769459
728.000000,0.142991,0.114674,0.124197,0.112031,-0.222986,0.160705,0.153559,0.156620,0.148573,-0.284564,0.167733,0.166075,0.151551,0.114270,-0.298436,-1.821981,1.858576,-1.617995,1.628849,-1.622712,1.603698,-1.236696,1.314920,4.716261,-4.654069,-2.213556,-1.931717,-1.918644,-1.462873,4.489732,1.672051,-1.769637
729.000000,0.143005,0.114694,0.124213,0.112043,-0.223003,0.160729,0.153577,0.156637,0.148583,-0.284599,0.167752,0.166086,0.151567,0.114283,-0.298483,-1.822353,1.858948,-1.618326,1.629180,-1.623040,1.604027,-1.236956,1.315181,4.717067,-4.654876,-2.214076,-1.932193,-1.919119,-1.463263,4.490503,1.672229,-1.769815
730.000000,0.143019,0.114714,0.124229,0.112055,-0.223021,0.160752,0.153595,0.156654,0.148593,-0.284634,0.167770,0.166097,0.151582,0.114297,-0.298529,-1.822724,1.859320,-1.618657,1.629511,-1.623369,1.604357,-1.237216,1.315441,4.717872,-4.655682,-2.214595,-1.932669,-1.919592,-1.463652,4.491272,1.672407,-1.769992
731.000000,0.143033,0.114734,0.124245,0.112067,-0.223039,0.160776,0.153613,0.156671,0.148603,-0.284670,0.167789,0.166108,0.151598,0.114310,-0.298576,-1.823094,1.859691,-1.618987,1.629842,-1.623697,1.604685,-1.237475,1.315701,4.718676,-4.656486,-2.215113,-1.933144,-1.920065,-1.464041,4.492039,1.672584,-1.770169
732.000000,0.143047,0.114753,0.124261,0.112079,-0.223056,0.160799,0.153631,0.156687,0.148613,-0.284705,0.167807,0.166119,0.151613,0.114323,-0.298622,-1.823464,1.860062,-1.619316,1.630172,-1.624024,1.605013,-1.237734,1.315961,4.719478,-4.657288,-2.215631,-1.933619,-1.920537,-1.464430,4.492806,1.672762,-1.770346
733.000000,0.143061,0.114773,0.124277,0.112090,-0.223073,0.160823,0.153649,0.156704,0.148623,-0.284740,0.167826,0.166130,0.151629,0.114336,-0.298669,-1.823833,1.860432,-1.619644,1.630501,-1.624351,1.605341,-1.237993,1.316220,4.720279,-4.658090,-2.216147,-1.934092,-1.921008,-1.464817,4.493570,1.672938,-1.770522
734.000000,0.143075,0.114793,0.124293,0.112102,-0.223091,0.160846,0.153667,0.156721,0.148633,-0.284775,0.167845,0.166141,0.151645,0.114349,-0.298715,-1.824202,1.860801,-1.619973,1.630830,-1.624677,1.605668,-1.238251,1.316478,4.721078,-4.658890,-2.216662,-1.934565,-1.921479,-1.465205,4.494334,1.673115,-1.770698
735.000000,0.143089,0.114812,0.124308,0.112114,-0.223108,0.160870,0.153685,0.156737,0.148643,-0.284811,0.167863,0.166151,0.151660,0.114362,-0.298761,-1.824570,1.861170,-1.620300,1.631158,-1.625003,1.605994,-1.238509,1.316737,4.721876,-4.659688,-2.217177,-1.935037,-1.921948,-1.465591,4.495096,1.673291,-1.770874
736.000000,0.143102,0.114832,0.124324,0.112125,-0.223126,0.160893,0.153703,0.156754,0.148653,-0.284846,0.167882,0.166162,0.151676,0.114375,-0.298808,-1.824937,1.861538,-1.620627,1.631486,-1.625328,1.606320,-1.238766,1.316994,4.722673,-4.660485,-2.217691,-1.935508,-1.922417,-1.465977,4.495857,1.673467,-1.771049
737.000000,0.143116,0.114851,0.124340,0.112137,-0.223143,0.160916,0.153721,0.156771,0.148662,-0.284881,0.167900,0.166173,0.151691,0.114389,-0.298854,-1.825304,1.861905,-1.620954,1.631813,-1.625653,1.606645,-1.239023,1.317252,4.723468,-4.661281,-2.218204,-1.935978,-1.922885,-1.466362,4.496616,1.673643,-1.771225
738.000000,0.143130,0.114871,0.124356,0.112148,-0.223160,0.160940,0.153739,0.156787,0.148672,-0.284916,0.167919,0.166184,0.151707,0.114402,-0.298900,-1.825670,1.862272,-1.621280,1.632140,-1.625977,1.606970,-1.239279,1.317509,4.724262,-4.662075,-2.218716,-1.936448,-1.923352,-1.466747,4.497374,1.673818,-1.771399
739.000000,0.143144,0.114890,0.124372,0.112160,-0.223177,0.160963,0.153756,0.156804,0.148682,-0.284950,0.167937,0.166195,0.151722,0.114415,-0.298946,-1.826036,1.862638,-1.621605,1.632466,-1.626301,1.607294,-1.239535,1.317765,4.725055,-4.662869,-2.219227,-1.936917,-1.923819,-1.467131,4.498131,1.673993,-1.771574
740.000000,0.143157,0.114910,0.124387,0.112172,-0.223195,0.160986,0.153774,0.156820,0.148692,-0.284985,0.167956,0.166206,0.151738,0.114428,-0.298992,-1.826401,1.863004,-1.621930,1.632792,-1.626624,1.607618,-1.239791,1.318022,4.725846,-4.663660,-2.219737,-1.937385,-1.924285,-1.467514,4.498886,1.674168,-1.771748
741.000000,0.143171,0.114929,0.124403,0.112183,-0.223212,0.161009,0.153792,0.156837,0.148702,-0.285020,0.167974,0.166217,0.151753,0.114441,-0.299038,-1.826765,1.863369,-1.622255,1.633117,-1.626946,1.607941,-1.240046,1.318277,4.726636,-4.664451,-2.220247,-1.937852,-1.924750,-1.467897,4.499640,1.674343,-1.771922
742.000000,0.143185,0.114948,0.124419,0.112195,-0.223229,0.161032,0.153810,0.156853,0.148712,-0.285055,0.167993,0.166228,0.151769,0.114454,-0.299084,-1.827129,1.863734,-1.622579,1.633441,-1.627268,1.608264,-1.240300,1.318533,4.727424,-4.665240,-2.220756,-1.938319,-1.925214,-1.468279,4.500392,1.674517,-1.772096
743.000000,0.143198,0.114968,0.124434,0.112206,-0.223246,0.161056,0.153827,0.156870,0.148722,-0.285089,0.168011,0.166239,0.151784,0.114467,-0.299129,-1.827492,1.864098,-1.622902,1.633765,-1.627590,1.608586,-1.240555,1.318788,4.728212,-4.666027,-2.221263,-1.938785,-1.925677,-1.468660,4.501143,1.674691,-1.772269
744.000000,0.143212,0.114987,0.124450,0.112218,-0.223263,0.161079,0.153845,0.156886,0.148732,-0.285124,0.168029,0.166249,0.151799,0.114480,-0.299175,-1.827855,1.864461,-1.623225,1.634089,-1.627911,1.608908,-1.240809,1.319042,4.728997,-4.666814,-2.221770,-1.939250,-1.926140,-1.469041,4.501893,1.674864,-1.772442
745.000000,0.143226,0.115006,0.124466,0.112229,-0.223280,0.161102,0.153863,0.156903,0.148741,-0.285159,0.168048,0.166260,0.151815,0.114493,-0.299221,-1.828217,1.864824,-1.623547,1.634412,-1.628231,1.609229,-1.241062,1.319296,4.729782,-4.667599,-2.222277,-1.939714,-1.926602,-1.469422,4.502642,1.675038,-1.772615
746.000000,0.143239,0.115025,0.124481,0.112241,-0.223297,0.161125,0.153880,0.156919,0.148751,-0.285193,0.168066,0.166271,0.151830,0.114506,-0.299266,-1.828578,1.865186,-1.623869,1.634734,-1.628551,1.609549,-1.241315,1.319550,4.730565,-4.668382,-2.222782,-1.940177,-1.927063,-1.469801,4.503389,1.675211,-1.772788
747.000000,0.143253,0.115044,0.124497,0.112252,-0.223314,0.161148,0.153898,0.156935,0.148761,-0.285227,0.168085,0.166282,0.151846,0.114519,-0.299312,-1.828939,1.865547,-1.624190,1.635056,-1.628871,1.609869,-1.241568,1.319803,4.731347,-4.669165,-2.223286,-1.940640,-1.927524,-1.470180,4.504135,1.675383,-1.772960
748.000000,0.143266,0.115064,0.124512,0.112263,-0.223331,0.161171,0.153916,0.156952,0.148771,-0.285262,0.168103,0.166293,0.151861,0.114532,-0.299357,-1.829299,1.865908,-1.624511,1.635378,-1.629190,1.610189,-1.241820,1.320056,4.732128,-4.669946,-2.223790,-1.941102,-1.927984,-1.470559,4.504879,1.675556,-1.773132
749.000000,0.143280,0.115083,0.124528,0.112275,-0.223348,0.161194,0.153933,0.156968,0.148781,-0.285296,0.168121,0.166304,0.151876,0.114545,-0.299403,-1.829659,1.866269,-1.624831,1.635699,-1.629508,1.610508,-1.242072,1.320309,4.732907,-4.670726,-2.224293,-1.941564,-1.928443,-1.470937,4.505622,1.675728,-1.773304
750.000000,0.143293,0.115102,0.124543,0.112286,-0.223364,0.161217,0.153951,0.156984,0.148790,-0.285330,0.168140,0.166315,0.151892,0.114558,-0.299448,-1.830018,1.866628,-1.625151,1.636019,-1.629826,1.610827,-1.242324,1.320561,4.733685,-4.671504,-2.224795,-1.942024,-1.928901,-1.471314,4.506364,1.675900,-1.773475
751.000000,0.143307,0.115121,0.124559,0.112298,-0.223381,0.161239,0.153968,0.157001,0.148800,-0.285365,0.168158,0.166325,0.151907,0.114571,-0.299494,-1.830377,1.866987,-1.625470,1.636339,-1.630143,1.611145,-1.242575,1.320812,4.734462,-4.672281,-2.225296,-1.942484,-1.929358,-1.471691,4.507105,1.676072,-1.773646
752.000000,0.143320,0.115140,0.124574,0.112309,-0.223398,0.161262,0.153986,0.157017,0.148810,-0.285399,0.168176,0.166336,0.151922,0.114584,-0.299539,-1.830735,1.867346,-1.625789,1.636658,-1.630460,1.611462,-1.242825,1.321063,4.735237,-4.673057,-2.225797,-1.942943,-1.929815,-1.472067,4.507844,1.676243,-1.773817
753.000000,0.143333,0.115159,0.124589,0.112320,-0.223415,0.161285,0.154003,0.157033,0.148820,-0.285433,0.168194,0.166347,0.151938,0.114597,-0.299584,-1.831092,1.867704,-1.626107,1.636977,-1.630777,1.611779,-1.243076,1.321314,4.736011,-4.673832,-2.226296,-1.943401,-1.930271,-1.472442,4.508582,1.676414,-1.773987
754.000000,0.143347,0.115178,0.124605,0.112332,-0.223431,0.161308,0.154021,0.157049,0.148829,-0.285467,0.168213,0.166358,0.151953,0.114610,-0.299629,-1.831449,1.868062,-1.626425,1.637295,-1.631092,1.612096,-1.243325,1.321565,4.736784,-4.674605,-2.226795,-1.943859,-1.930727,-1.472817,4.509319,1.676585,-1.774158
755.000000,0.143360,0.115196,0.124620,0.112343,-0.223448,0.161331,0.154038,0.157066,0.148839,-0.285501,0.168231,0.166369,0.151968,0.114623,-0.299674,-1.831805,1.868418,-1.626742,1.637613,-1.631408,1.612412,-1.243575,1.321815,4.737556,-4.675377,-2.227293,-1.944316,-1.931181,-1.473191,4.510054,1.676755,-1.774328
756.000000,0.143373,0.115215,0.124635,0.112354,-0.223465,0.161353,0.154055,0.157082,0.148849,-0.285535,0.168249,0.166380,0.151984,0.114636,-0.299719,-1.832161,1.868775,-1.627059,1.637931,-1.631723,1.612727,-1.243824,1.322064,4.738326,-4.676147,-2.227790,-1.944772,-1.931635,-1.473565,4.510788,1.676925,-1.774497
757.000000,0.143387,0.115234,0.124651,0.112365,-0.223481,0.161376,0.154073,0.157098,0.148858,-0.285569,0.168267,0.166390,0.151999,0.114649,-0.299764,-1.832516,1.869131,-1.627375,1.638247,-1.632037,1.613042,-1.244073,1.322314,4.739095,-4.676917,-2.228287,-1.945227,-1.932088,-1.473938,4.511521,1.677095,-1.774667
758.000000,0.143400,0.115253,0.124666,0.112377,-0.223498,0.161398,0.154090,0.157114,0.148868,-0.285602,0.168285,0.166401,0.152014,0.114661,-0.299809,-1.832870,1.869486,-1.627691,1.638564,-1.632351,1.613357,-1.244321,1.322563,4.739863,-4.677685,-2.228782,-1.945682,-1.932541,-1.474311,4.512252,1.677265,-1.774836
759.000000,0.143413,0.115272,0.124681,0.112388,-0.223514,0.161421,0.154108,0.157130,0.148878,-0.285636,0.168304,0.166412,0.152029,0.114674,-0.299854,-1.833224,1.869840,-1.628006,1.638880,-1.632664,1.613671,-1.244569,1.322811,4.740629,-4.678452,-2.229277,-1.946136,-1.932992,-1.474683,4.512983,1.677434,-1.775005
760.000000,0.143426,0.115290,0.124696,0.112399,-0.223531,0.161444,0.154125,0.157146,0.148887,-0.285670,0.168322,0.166423,0.152045,0.114687,-0.299899,-1.833578,1.870194,-1.628321,1.639195,-1.632977,1.613984,-1.244816,1.323059,4.741394,-4.679217,-2.229771,-1.946589,-1.933443,-1.475054,4.513711,1.677603,-1.775173
761.000000,0.143440,0.115309,0.124711,0.112410,-0.223547,0.161466,0.154142,0.157162,0.148897,-0.285704,0.168340,0.166434,0.152060,0.114700,-0.299943,-1.833931,1.870548,-1.628635,1.639510,-1.633290,1.614297,-1.245063,1.323307,4.742158,-4.679982,-2.230264,-1.947042,-1.933894,-1.475425,4.514439,1.677772,-1.775341
762.000000,0.143453,0.115328,0.124726,0.112421,-0.223564,0.161489,0.154159,0.157178,0.148907,-0.285737,0.168358,0.166444,0.152075,0.114713,-0.299988,-1.834283,1.870901,-1.628948,1.639824,-1.633601,1.614610,-1.245310,1.323554,4.742921,-4.680745,-2.230756,-1.947493,-1.934343,-1.475795,4.515166,1.677940,-1.775509
763.000000,0.143466,0.115346,0.124742,0.112432,-0.223580,0.161511,0.154177,0.157194,0.148916,-0.285771,0.168376,0.166455,0.152090,0.114726,-0.300033,-1.834635,1.871253,-1.629262,1.640138,-1.633913,1.614922,-1.245556,1.323801,4.743682,-4.681507,-2.231248,-1.947944,-1.934792,-1.476165,4.515891,1.678109,-1.775677
764.000000,0.143479,0.115365,0.124757,0.112443,-0.223596,0.161534,0.154194,0.157210,0.148926,-0.285804,0.168394,0.166466,0.152105,0.114739,-0.300077,-1.834986,1.871605,-1.629574,1.640451,-1.634224,1.615233,-1.245802,1.324047,4.744442,-4.682267,-2.231739,-1.948395,-1.935240,-1.476534,4.516615,1.678277,-1.775845
765.000000,0.143492,0.115384,0.124772,0.112455,-0.223613,0.161556,0.154211,0.157226,0.148935,-0.285838,0.168412,0.166477,0.152121,0.114751,-0.300122,-1.835336,1.871956,-1.629887,1.640764,-1.634534,1.615544,-1.246048,1.324293,4.745201,-4.683027,-2.232229,-1.948845,-1.935688,-1.476903,4.517337,1.678444,-1.776012
766.000000,0.143505,0.115402,0.124787,0.112466,-0.223629,0.161578,0.154228,0.157242,0.148945,-0.285871,0.168430,0.166487,0.152136,0.114764,-0.300166,-1.835686,1.872307,-1.630198,1.641076,-1.634844,1.615855,-1.246293,1.324539,4.745959,-4.683785,-2.232718,-1.949293,-1.936134,-1.477271,4.518059,1.678612,-1.776179
767.000000,0.143518,0.115421,0.124802,0.112477,-0.223645,0.161601,0.154245,0.157258,0.148954,-0.285904,0.168448,0.166498,0.152151,0.114777,-0.300211,-1.836036,1.872657,-1.630510,1.641388,-1.635153,1.616165,-1.246538,1.324785,4.746715,-4.684541,-2.233206,-1.949742,-1.936580,-1.477638,4.518779,1.678779,-1.776345
768.000000,0.143531,0.115439,0.124817,0.112488,-0.223661,0.161623,0.154262,0.157274,0.148964,-0.285938,0.168466,0.166509,0.152166,0.114790,-0.300255,-1.836385,1.873007,-1.630820,1.641699,-1.635462,1.616474,-1.246782,1.325030,4.747471,-4.685297,-2.233694,-1.950189,-1.937026,-1.478005,4.519498,1.678946,-1.776512
769.000000,0.143544,0.115457,0.124832,0.112499,-0.223678,0.161645,0.154280,0.157290,0.148974,-0.285971,0.168484,0.166520,0.152181,0.114802,-0.300299,-1.836733,1.873356,-1.631131,1.642010,-1.635771,1.616783,-1.247026,1.325274,4.748225,-4.686051,-2.234181,-1.950636,-1.937470,-1.478371,4.520215,1.679112,-1.776678
770.000000,0.143557,0.115476,0.124847,0.112510,-0.223694,0.161667,0.154297,0.157306,0.148983,-0.286004,0.168502,0.166530,0.152196,0.114815,-0.300343,-1.837081,1.873704,-1.631440,1.642321,-1.636079,1.617092,-1.247270,1.325518,4.748977,-4.686804,-2.234667,-1.951082,-1.937914,-1.478737,4.520932,1.679279,-1.776844
771.000000,0.143570,0.115494,0.124861,0.112521,-0.223710,0.161690,0.154314,0.157322,0.148993,-0.286037,0.168520,0.166541,0.152211,0.114828,-0.300388,-1.837429,1.874052,-1.631750,1.642631,-1.636386,1.617400,-1.247513,1.325762,4.749729,-4.687556,-2.235152,-1.951528,-1.938358,-1.479102,4.521647,1.679445,-1.777009
772.000000,0.143583,0.115513,0.124876,0.112532,-0.223726,0.161712,0.154331,0.157338,0.149002,-0.286070,0.168538,0.166552,0.152226,0.114841,-0.300432,-1.837775,1.874400,-1.632058,1.642940,-1.636693,1.617708,-1.247756,1.326006,4.750479,-4.688307,-2.235637,-1.951972,-1.938800,-1.479466,4.522361,1.679611,-1.777175
773.000000,0.143596,0.115531,0.124891,0.112543,-0.223742,0.161734,0.154348,0.157353,0.149012,-0.286103,0.168556,0.166562,0.152241,0.114853,-0.300476,-1.838122,1.874746,-1.632367,1.643249,-1.637000,1.618015,-1.247999,1.326249,4.751228,-4.689057,-2.236121,-1.952416,-1.939242,-1.479830,4.523074,1.679776,-1.777340
774.000000,0.143609,0.115549,0.124906,0.112553,-0.223758,0.161756,0.154365,0.157369,0.149021,-0.286136,0.168574,0.166573,0.152257,0.114866,-0.300520,-1.838467,1.875093,-1.632675,1.643557,-1.637306,1.618321,-1.248241,1.326491,4.751976,-4.689805,-2.236604,-1.952860,-1.939683,-1.480194,4.523785,1.679941,-1.777504
775.000000,0.143622,0.115567,0.124921,0.112564,-0.223774,0.161778,0.154382,0.157385,0.149031,-0.286169,0.168592,0.166584,0.152272,0.114879,-0.300564,-1.838812,1.875438,-1.632982,1.643865,-1.637612,1.618628,-1.248482,1.326734,4.752723,-4.690552,-2.237086,-1.953302,-1.940124,-1.480557,4.524496,1.680106,-1.777669
776.000000,0.143634,0.115586,0.124935,0.112575,-0.223790,0.161800,0.154399,0.157401,0.149040,-0.286202,0.168610,0.166595,0.152287,0.114891,-0.300607,-1.839157,1.875784,-1.633289,1.644173,-1.637917,1.618933,-1.248724,1.326976,4.753468,-4.691298,-2.237568,-1.953744,-1.940563,-1.480919,4.525205,1.680271,-1.777833
777.000000,0.143647,0.115604,0.124950,0.112586,-0.223806,0.161822,0.154416,0.157416,0.149049,-0.286235,0.168628,0.166605,0.152302,0.114904,-0.300651,-1.839501,1.876128,-1.633595,1.644480,-1.638222,1.619239,-1.248965,1.327217,4.754213,-4.692042,-2.238049,-1.954186,-1.941003,-1.481281,4.525913,1.680436,-1.777997
778.000000,0.143660,0.115622,0.124965,0.112597,-0.223822,0.161844,0.154432,0.157432,0.149059,-0.286268,0.168646,0.166616,0.152317,0.114917,-0.300695,-1.839845,1.876473,-1.633901,1.644786,-1.638526,1.619543,-1.249206,1.327458,4.754956,-4.692786,-2.238529,-1.954626,-1.941441,-1.481642,4.526619,1.680600,-1.778161
779.000000,0.143673,0.115640,0.124980,0.112608,-0.223838,0.161866,0.154449,0.157448,0.149068,-0.286300,0.168664,0.166627,0.152332,0.114929,-0.300739,-1.840188,1.876816,-1.634207,1.645093,-1.638829,1.619848,-1.249446,1.327699,4.755698,-4.693528,-2.239008,-1.955066,-1.941879,-1.482003,4.527325,1.680764,-1.778324
780.000000,0.143686,0.115658,0.124994,0.112619,-0.223853,0.161888,0.154466,0.157464,0.149078,-0.286333,0.168682,0.166637,0.152347,0.114942,-0.300782,-1.840530,1.877159,-1.634512,1.645398,-1.639133,1.620152,-1.249686,1.327940,4.756438,-4.694269,-2.239486,-1.955505,-1.942316,-1.482363,4.528029,1.680927,-1.778487
781.000000,0.143698,0.115676,0.125009,0.112629,-0.223869,0.161910,0.154483,0.157479,0.149087,-0.286366,0.168699,0.166648,0.152362,0.114955,-0.300826,-1.840872,1.877502,-1.634816,1.645703,-1.639436,1.620455,-1.249925,1.328180,4.757178,-4.695009,-2.239964,-1.955944,-1.942752,-1.482723,4.528732,1.681091,-1.778650
782.000000,0.143711,0.115694,0.125023,0.112640,-0.223885,0.161932,0.154500,0.157495,0.149096,-0.286398,0.168717,0.166659,0.152376,0.114967,-0.300870,-1.841214,1.877844,-1.635121,1.646008,-1.639738,1.620758,-1.250164,1.328419,4.757916,-4.695748,-2.240441,-1.956382,-1.943188,-1.483082,4.529434,1.681254,-1.778813
783.000000,0.143724,0.115712,0.125038,0.112651,-0.223901,0.161954,0.154517,0.157510,0.149106,-0.286431,0.168735,0.166669,0.152391,0.114980,-0.300913,-1.841555,1.878186,-1.635424,1.646312,-1.640040,1.621060,-1.250403,1.328659,4.758653,-4.696485,-2.240918,-1.956819,-1.943623,-1.483440,4.530135,1.681417,-1.778975
784.000000,0.143736,0.115730,0.125053,0.112662,-0.223916,0.161975,0.154533,0.157526,0.149115,-0.286463,0.168753,0.166680,0.152406,0.114993,-0.300956,-1.841895,1.878527,-1.635727,1.646616,-1.640341,1.621362,-1.250642,1.328898,4.759389,-4.697221,-2.241393,-1.957256,-1.944057,-1.483798,4.530834,1.681580,-1.779137
785.000000,0.143749,0.115748,0.125067,0.112672,-0.223932,0.161997,0.154550,0.157542,0.149125,-0.286495,0.168771,0.166691,0.152421,0.115005,-0.301000,-1.842235,1.878867,-1.636030,1.646919,-1.640642,1.621664,-1.250880,1.329136,4.760124,-4.697956,-2.241868,-1.957691,-1.944491,-1.484156,4.531533,1.681742,-1.779299
786.000000,0.143761,0.115766,0.125082,0.112683,-0.223948,0.162019,0.154567,0.157557,0.149134,-0.286528,0.168788,0.166701,0.152436,0.115018,-0.301043,-1.842574,1.879207,-1.636332,1.647222,-1.640943,1.621965,-1.251117,1.329374,4.760858,-4.698690,-2.242342,-1.958127,-1.944924,-1.484513,4.532230,1.681904,-1.779461
787.000000,0.143774,0.115784,0.125096,0.112694,-0.223963,0.162041,0.154584,0.157573,0.149143,-0.286560,0.168806,0.166712,0.152451,0.115030,-0.301086,-1.842913,1.879546,-1.636634,1.647524,-1.641243,1.622266,-1.251355,1.329612,4.761590,-4.699423,-2.242815,-1.958561,-1.945357,-1.484869,4.532926,1.682066,-1.779622
788.000000,0.143787,0.115802,0.125111,0.112704,-0.223979,0.162062,0.154600,0.157588,0.149152,-0.286592,0.168824,0.166723,0.152466,0.115043,-0.301130,-1.843251,1.879885,-1.636935,1.647826,-1.641542,1.622566,-1.251592,1.329850,4.762322,-4.700155,-2.243288,-1.958995,-1.945788,-1.485225,4.533621,1.682228,-1.779784
789.000000,0.143799,0.115820,0.125125,0.112715,-0.223994,0.162084,0.154617,0.157604,0.149162,-0.286625,0.168841,0.166733,0.152481,0.115055,-0.301173,-1.843589,1.880224,-1.637236,1.648128,-1.641841,1.622865,-1.251828,1.330087,4.763052,-4.700885,-2.243760,-1.959428,-1.946219,-1.485580,4.534315,1.682389,-1.779944
790.000000,0.143812,0.115837,0.125139,0.112726,-0.224010,0.162105,0.154633,0.157619,0.149171,-0.286657,0.168859,0.166744,0.152496,0.115068,-0.301216,-1.843926,1.880562,-1.637537,1.648429,-1.642140,1.623165,-1.252065,1.330324,4.763781,-4.701615,-2.244231,-1.959861,-1.946650,-1.485935,4.535007,1.682550,-1.780105
791.000000,0.143824,0.115855,0.125154,0.112736,-0.224025,0.162127,0.154650,0.157635,0.149180,-0.286689,0.168877,0.166755,0.152511,0.115080,-0.301259,-1.844263,1.880899,-1.637837,1.648729,-1.642438,1.623463,-1.252301,1.330560,4.764509,-4.702343,-2.244702,-1.960293,-1.947080,-1.486289,4.535699,1.682711,-1.780265
792.000000,0.143837,0.115873,0.125168,0.112747,-0.224041,0.162149,0.154667,0.157650,0.149190,-0.286721,0.168895,0.166765,0.152525,0.115093,-0.301302,-1.844600,1.881236,-1.638136,1.649029,-1.642736,1.623762,-1.252536,1.330796,4.765235,-4.703070,-2.245171,-1.960724,-1.947509,-1.486643,4.536389,1.682872,-1.780426
793.000000,0.143849,0.115890,0.125183,0.112758,-0.224056,0.162170,0.154683,0.157665,0.149199,-0.286753,0.168912,0.166776,0.152540,0.115105,-0.301345,-1.844935,1.881572,-1.638435,1.649329,-1.643033,1.624060,-1.252771,1.331032,4.765961,-4.703796,-2.245640,-1.961155,-1.947937,-1.486996,4.537078,1.683032,-1.780585
794.000000,0.143862,0.115908,0.125197,0.112768,-0.224072,0.162192,0.154700,0.157681,0.149208,-0.286785,0.168930,0.166786,0.152555,0.115118,-0.301388,-1.845271,1.881908,-1.638734,1.649628,-1.643330,1.624357,-1.253006,1.331268,4.766685,-4.704521,-2.246109,-1.961585,-1.948365,-1.487349,4.537766,1.683192,-1.780745
795.000000,0.143874,0.115926,0.125211,0.112779,-0.224087,0.162213,0.154716,0.157696,0.149217,-0.286817,0.168947,0.166797,0.152570,0.115130,-0.301430,-1.845605,1.882243,-1.639032,1.649927,-1.643627,1.624654,-1.253241,1.331503,4.767409,-4.705244,-2.246576,-1.962014,-1.948792,-1.487701,4.538453,1.683352,-1.780904
796.000000,0.143886,0.115943,0.125225,0.112789,-0.224102,0.162234,0.154733,0.157711,0.149227,-0.286849,0.168965,0.166808,0.152585,0.115143,-0.301473,-1.845940,1.882578,-1.639330,1.650225,-1.643923,1.624951,-1.253475,1.331737,4.768131,-4.705967,-2.247043,-1.962442,-1.949219,-1.488052,4.539139,1.683512,-1.781064
797.000000,0.143899,0.115961,0.125240,0.112800,-0.224118,0.162256,0.154749,0.157727,0.149236,-0.286880,0.168983,0.166818,0.152599,0.115155,-0.301516,-1.846273,1.882912,-1.639627,1.650523,-1.644218,1.625247,-1.253709,1.331972,4.768852,-4.706688,-2.247509,-1.962870,-1.949645,-1.488404,4.539823,1.683671,-1.781222
798.000000,0.143911,0.115978,0.125254,0.112810,-0.224133,0.162277,0.154766,0.157742,0.149245,-0.286912,0.169000,0.166829,0.152614,0.115168,-0.301559,-1.846606,1.883246,-1.639924,1.650820,-1.644513,1.625542,-1.253942,1.332205,4.769572,-4.707408,-2.247975,-1.963298,-1.950070,-1.488754,4.540507,1.683830,-1.781381
799.000000,0.143923,0.115996,0.125268,0.112821,-0.224148,0.162299,0.154782,0.157757,0.149254,-0.286944,0.169018,0.166839,0.152629,0.115180,-0.301601,-1.846939,1.883580,-1.640220,1.651117,-1.644808,1.625837,-1.254175,1.332439,4.770291,-4.708127,-2.248439,-1.963724,-1.950495,-1.489104,4.541189,1.683989,-1.781539
800.000000,0.143936,0.116013,0.125282,0.112831,-0.224163,0.162320,0.154799,0.157773,0.149263,-0.286976,0.169035,0.166850,0.152644,0.115193,-0.301644,-1.847271,1.883912,-1.640516,1.651414,-1.645102,1.626132,-1.254408,1.332672,4.771008,-4.708845,-2.248903,-1.964151,-1.950919,-1.489454,4.541870,1.684148,-1.781698
801.000000,0.143948,0.116031,0.125296,0.112842,-0.224179,0.162341,0.154815,0.157788,0.149273,-0.287007,0.169053,0.166860,0.152658,0.115205,-0.301686,-1.847603,1.884245,-1.640811,1.651710,-1.645396,1.626427,-1.254640,1.332905,4.771725,-4.709562,-2.249367,-1.964576,-1.951342,-1.489803,4.542550,1.684306,-1.781855
802.000000,0.143960,0.116048,0.125310,0.112852,-0.224194,0.162362,0.154831,0.157803,0.149282,-0.287039,0.169070,0.166871,0.152673,0.115218,-0.301729,-1.847934,1.884577,-1.641106,1.652005,-1.645689,1.626720,-1.254872,1.333138,4.772440,-4.710278,-2.249829,-1.965001,-1.951765,-1.490151,4.543229,1.684464,-1.782013
803.000000,0.143972,0.116066,0.125325,0.112863,-0.224209,0.162384,0.154848,0.157818,0.149291,-0.287070,0.169088,0.166882,0.152688,0.115230,-0.301771,-1.848265,1.884908,-1.641401,1.652300,-1.645982,1.627014,-1.255104,1.333370,4.773155,-4.710992,-2.250291,-1.965425,-1.952187,-1.490499,4.543907,1.684622,-1.782170
804.000000,0.143985,0.116083,0.125339,0.112873,-0.224224,0.162405,0.154864,0.157833,0.149300,-0.287102,0.169105,0.166892,0.152702,0.115242,-0.301813,-1.848595,1.885239,-1.641695,1.652595,-1.646275,1.627307,-1.255336,1.333602,4.773868,-4.711706,-2.250752,-1.965848,-1.952608,-1.490847,4.544584,1.684780,-1.782328
805.000000,0.143997,0.116100,0.125353,0.112883,-0.224239,0.162426,0.154880,0.157849,0.149309,-0.287133,0.169123,0.166903,0.152717,0.115255,-0.301856,-1.848925,1.885569,-1.641989,1.652889,-1.646567,1.627599,-1.255567,1.333833,4.774580,-4.712418,-2.251213,-1.966271,-1.953029,-1.491194,4.545259,1.684937,-1.782485
806.000000,0.144009,0.116118,0.125367,0.112894,-0.224254,0.162447,0.154897,0.157864,0.149318,-0.287164,0.169140,0.166913,0.152732,0.115267,-0.301898,-1.849254,1.885899,-1.642282,1.653183,-1.646858,1.627892,-1.255797,1.334065,4.775291,-4.713130,-2.251673,-1.966694,-1.953449,-1.491540,4.545934,1.685095,-1.782641
807.000000,0.144021,0.116135,0.125381,0.112904,-0.224269,0.162468,0.154913,0.157879,0.149327,-0.287196,0.169158,0.166924,0.152746,0.115279,-0.301940,-1.849583,1.886228,-1.642575,1.653477,-1.647149,1.628183,-1.256028,1.334296,4.776001,-4.713840,-2.252132,-1.967115,-1.953869,-1.491886,4.546607,1.685252,-1.782798
808.000000,0.144033,0.116152,0.125395,0.112914,-0.224284,0.162489,0.154929,0.157894,0.149336,-0.287227,0.169175,0.166934,0.152761,0.115292,-0.301982,-1.849912,1.886557,-1.642867,1.653770,-1.647440,1.628475,-1.256258,1.334526,4.776710,-4.714549,-2.252590,-1.967536,-1.954288,-1.492232,4.547280,1.685408,-1.782954
809.000000,0.144045,0.116170,0.125409,0.112925,-0.224299,0.162510,0.154945,0.157909,0.149346,-0.287258,0.169192,0.166945,0.152776,0.115304,-0.302024,-1.850239,1.886885,-1.643159,1.654062,-1.647730,1.628765,-1.256487,1.334756,4.777417,-4.715257,-2.253048,-1.967957,-1.954706,-1.492577,4.547951,1.685565,-1.783110
810.000000,0.144057,0.116187,0.125423,0.112935,-0.224314,0.162531,0.154962,0.157924,0.149355,-0.287290,0.169210,0.166955,0.152790,0.115316,-0.302066,-1.850567,1.887213,-1.643451,1.654354,-1.648020,1.629056,-1.256717,1.334986,4.778124,-4.715964,-2.253505,-1.968376,-1.955124,-1.492921,4.548621,1.685721,-1.783266
811.000000,0.144070,0.116204,0.125437,0.112945,-0.224329,0.162552,0.154978,0.157939,0.149364,-0.287321,0.169227,0.166966,0.152805,0.115329,-0.302108,-1.850893,1.887541,-1.643742,1.654646,-1.648310,1.629346,-1.256946,1.335216,4.778830,-4.716670,-2.253961,-1.968795,-1.955541,-1.493265,4.549290,1.685877,-1.783421
812.000000,0.144082,0.116221,0.125450,0.112956,-0.224344,0.162573,0.154994,0.157954,0.149373,-0.287352,0.169245,0.166976,0.152819,0.115341,-0.302150,-1.851220,1.887868,-1.644033,1.654937,-1.648599,1.629635,-1.257174,1.335445,4.779534,-4.717374,-2.254417,-1.969214,-1.955957,-1.493609,4.549958,1.686033,-1.783576
813.000000,0.144094,0.116238,0.125464,0.112966,-0.224359,0.162594,0.155010,0.157969,0.149382,-0.287383,0.169262,0.166987,0.152834,0.115353,-0.302192,-1.851546,1.888194,-1.644323,1.655228,-1.648887,1.629925,-1.257403,1.335674,4.780238,-4.718078,-2.254872,-1.969632,-1.956373,-1.493952,4.550625,1.686188,-1.783731
814.000000,0.144106,0.116255,0.125478,0.112976,-0.224373,0.162615,0.155026,0.157984,0.149391,-0.287414,0.169279,0.166997,0.152849,0.115366,-0.302234,-1.851871,1.888520,-1.644613,1.655518,-1.649176,1.630213,-1.257631,1.335902,4.780940,-4.718781,-2.255326,-1.970049,-1.956788,-1.494294,4.551291,1.686344,-1.783886
815.000000,0.144118,0.116272,0.125492,0.112986,-0.224388,0.162636,0.155042,0.157999,0.149400,-0.287445,0.169297,0.167008,0.152863,0.115378,-0.302276,-1.852196,1.888845,-1.644902,1.655808,-1.649463,1.630502,-1.257858,1.336130,4.781641,-4.719482,-2.255780,-1.970466,-1.957203,-1.494636,4.551955,1.686499,-1.784041
816.000000,0.144130,0.116289,0.125506,0.112997,-0.224403,0.162657,0.155058,0.158014,0.149409,-0.287476,0.169314,0.167018,0.152878,0.115390,-0.302318,-1.852520,1.889170,-1.645191,1.656098,-1.649751,1.630789,-1.258086,1.336358,4.782341,-4.720183,-2.256233,-1.970882,-1.957617,-1.494978,4.552619,1.686653,-1.784195
817.000000,0.144142,0.116306,0.125520,0.113007,-0.224418,0.162678,0.155075,0.158029,0.149418,-0.287507,0.169331,0.167029,0.152892,0.115402,-0.302359,-1.852844,1.889495,-1.645480,1.656387,-1.650038,1.631077,-1.258313,1.336585,4.783041,-4.720882,-2.256685,-1.971297,-1.958030,-1.495319,4.553282,1.686808,-1.784349
818.000000,0.144153,0.116323,0.125533,0.113017,-0.224432,0.162698,0.155091,0.158044,0.149427,-0.287537,0.169348,0.167039,0.152907,0.115415,-0.302401,-1.853168,1.889819,-1.645768,1.656676,-1.650324,1.631364,-1.258539,1.336813,4.783739,-4.721580,-2.257137,-1.971712,-1.958443,-1.495659,4.553943,1.686962,-1.784503
819.000000,0.144165,0.116340,0.125547,0.113027,-0.224447,0.162719,0.155107,0.158059,0.149436,-0.287568,0.169366,0.167050,0.152921,0.115427,-0.302442,-1.853491,1.890142,-1.646056,1.656964,-1.650610,1.631650,-1.258766,1.337039,4.784436,-4.722278,-2.257588,-1.972126,-1.958855,-1.495999,4.554604,1.687117,-1.784656
820.000000,0.144177,0.116357,0.125561,0.113037,-0.224462,0.162740,0.155123,0.158074,0.149445,-0.287599,0.169383,0.167060,0.152936,0.115439,-0.302484,-1.853813,1.890466,-1.646343,1.657252,-1.650896,1.631937,-1.258992,1.337266,4.785132,-4.722974,-2.258038,-1.972540,-1.959267,-1.496339,4.555263,1.687270,-1.784810
821.000000,0.144189,0.116374,0.125574,0.113047,-0.224476,0.162761,0.155139,0.158089,0.149454,-0.287630,0.169400,0.167071,0.152950,0.115451,-0.302525,-1.854135,1.890788,-1.646630,1.657539,-1.651181,1.632222,-1.259217,1.337492,4.785827,-4.723669,-2.258488,-1.972953,-1.959678,-1.496678,4.555922,1.687424,-1.784963
822.000000,0.144201,0.116391,0.125588,0.113057,-0.224491,0.162781,0.155155,0.158104,0.149463,-0.287660,0.169417,0.167081,0.152965,0.115464,-0.302567,-1.854457,1.891110,-1.646917,1.657826,-1.651466,1.632508,-1.259443,1.337718,4.786520,-4.724363,-2.258937,-1.973365,-1.960088,-1.497016,4.556579,1.687578,-1.785116
823.000000,0.144213,0.116408,0.125602,0.113068,-0.224505,0.162802,0.155170,0.158118,0.149472,-0.287691,0.169435,0.167091,0.152979,0.115476,-0.302608,-1.854778,1.891432,-1.647203,1.658113,-1.651750,1.632793,-1.259668,1.337943,4.787213,-4.725056,-2.259385,-1.973777,-1.960498,-1.497354,4.557235,1.687731,-1.785269
824.000000,0.144225,0.116425,0.125615,0.113078,-0.224520,0.162823,0.155186,0.158133,0.149480,-0.287721,0.169452,0.167102,0.152994,0.115488,-0.302649,-1.855099,1.891753,-1.647488,1.658399,-1.652034,1.633077,-1.259892,1.338169,4.787905,-4.725748,-2.259833,-1.974189,-1.960907,-1.497692,4.557891,1.687884,-1.785421
825.000000,0.144236,0.116441,0.125629,0.113088,-0.224534,0.162843,0.155202,0.158148,0.149489,-0.287752,0.169469,0.167112,0.153008,0.115500,-0.302691,-1.855419,1.892074,-1.647774,1.658685,-1.652318,1.633361,-1.260117,1.338393,4.788596,-4.726439,-2.260280,-1.974599,-1.961316,-1.498029,4.558545,1.688036,-1.785573
826.000000,0.144248,0.116458,0.125643,0.113098,-0.224549,0.162864,0.155218,0.158163,0.149498,-0.287782,0.169486,0.167123,0.153022,0.115512,-0.302732,-1.855739,1.892394,-1.648058,1.658970,-1.652601,1.633645,-1.260341,1.338618,4.789286,-4.727129,-2.260726,-1.975009,-1.961724,-1.498366,4.559198,1.688189,-1.785725
827.000000,0.144260,0.116475,0.125656,0.113108,-0.224563,0.162884,0.155234,0.158178,0.149507,-0.287813,0.169503,0.167133,0.153037,0.115524,-0.302773,-1.856058,1.892714,-1.648343,1.659255,-1.652884,1.633928,-1.260564,1.338842,4.789974,-4.727818,-2.261172,-1.975419,-1.962132,-1.498702,4.559850,1.688341,-1.785877
828.000000,0.144272,0.116492,0.125670,0.113118,-0.224578,0.162905,0.155250,0.158192,0.149516,-0.287843,0.169520,0.167144,0.153051,0.115536,-0.302814,-1.856377,1.893033,-1.648627,1.659540,-1.653166,1.634211,-1.260788,1.339066,4.790662,-4.728506,-2.261617,-1.975827,-1.962538,-1.499038,4.560501,1.688493,-1.786029
829.000000,0.144283,0.116508,0.125683,0.113128,-0.224592,0.162925,0.155266,0.158207,0.149525,-0.287873,0.169537,0.167154,0.153066,0.115549,-0.302855,-1.856695,1.893352,-1.648910,1.659824,-1.653448,1.634494,-1.261011,1.339290,4.791348,-4.729193,-2.262061,-1.976236,-1.962945,-1.499373,4.561151,1.688645,-1.786180
830.000000,0.144295,0.116525,0.125697,0.113138,-0.224606,0.162946,0.155282,0.158222,0.149534,-0.287904,0.169554,0.167164,0.153080,0.115561,-0.302896,-1.857013,1.893671,-1.649194,1.660107,-1.653730,1.634776,-1.261234,1.339513,4.792034,-4.729878,-2.262505,-1.976643,-1.963350,-1.499707,4.561800,1.688797,-1.786331
831.000000,0.144307,0.116542,0.125710,0.113148,-0.224621,0.162966,0.155297,0.158236,0.149543,-0.287934,0.169572,0.167175,0.153094,0.115573,-0.302937,-1.857331,1.893989,-1.649476,1.660391,-1.654011,1.635058,-1.261456,1.339736,4.792719,-4.730563,-2.262948,-1.977050,-1.963755,-1.500042,4.562448,1.688948,-1.786482
832.000000,0.144318,0.116558,0.125724,0.113158,-0.224635,0.162986,0.155313,0.158251,0.149551,-0.287964,0.169589,0.167185,0.153109,0.115585,-0.302978,-1.857648,1.894306,-1.649759,1.660674,-1.654292,1.635339,-1.261678,1.339958,4.793402,-4.731247,-2.263390,-1.977457,-1.964160,-1.500376,4.563095,1.689099,-1.786633
833.000000,0.144330,0.116575,0.125737,0.113168,-0.224649,0.163007,0.155329,0.158266,0.149560,-0.287994,0.169606,0.167195,0.153123,0.115597,-0.303019,-1.857964,1.894623,-1.650041,1.660956,-1.654572,1.635620,-1.261900,1.340181,4.794085,-4.731930,-2.263832,-1.977863,-1.964564,-1.500709,4.563741,1.689250,-1.786783
834.000000,0.144342,0.116591,0.125750,0.113178,-0.224664,0.163027,0.155345,0.158280,0.149569,-0.288024,0.169623,0.167206,0.153137,0.115609,-0.303060,-1.858280,1.894940,-1.650322,1.661238,-1.654852,1.635900,-1.262122,1.340403,4.794766,-4.732611,-2.264273,-1.978268,-1.964967,-1.501042,4.564386,1.689401,-1.786933
835.000000,0.144353,0.116608,0.125764,0.113188,-0.224678,0.163048,0.155360,0.158295,0.149578,-0.288054,0.169640,0.167216,0.153152,0.115621,-0.303101,-1.858596,1.895256,-1.650604,1.661520,-1.655132,1.636180,-1.262343,1.340624,4.795447,-4.733292,-2.264714,-1.978673,-1.965370,-1.501374,4.565030,1.689552,-1.787083
836.000000,0.144365,0.116624,0.125777,0.113197,-0.224692,0.163068,0.155376,0.158310,0.149587,-0.288085,0.169657,0.167227,0.153166,0.115633,-0.303141,-1.858911,1.895572,-1.650884,1.661801,-1.655411,1.636460,-1.262564,1.340846,4.796126,-4.733972,-2.265154,-1.979077,-1.965772,-1.501706,4.565673,1.689702,-1.787233
837.000000,0.144376,0.116641,0.125790,0.113207,-0.224706,0.163088,0.155392,0.158324,0.149596,-0.288114,0.169674,0.167237,0.153180,0.115645,-0.303182,-1.859226,1.895887,-1.651165,1.662082,-1.655690,1.636739,-1.262784,1.341067,4.796805,-4.734650,-2.265593,-1.979481,-1.966174,-1.502037,4.566315,1.689852,-1.787383
838.000000,0.144388,0.116657,0.125804,0.113217,-0.224720,0.163108,0.155407,0.158339,0.149604,-0.288144,0.169691,0.167247,0.153195,0.115657,-0.303223,-1.859540,1.896202,-1.651445,1.662363,-1.655968,1.637018,-1.263004,1.341287,4.797482,-4.735328,-2.266032,-1.979884,-1.966575,-1.502368,4.566956,1.690002,-1.787532
839.000000,0.144399,0.116674,0.125817,0.113227,-0.224735,0.163129,0.155423,0.158353,0.149613,-0.288174,0.169708,0.167258,0.153209,0.115669,-0.303263,-1.859854,1.896516,-1.651724,1.662643,-1.656246,1.637297,-1.263224,1.341508,4.798159,-4.736005,-2.266470,-1.980286,-1.966975,-1.502699,4.567596,1.690151,-1.787681
840.000000,0.144411,0.116690,0.125830,0.113237,-0.224749,0.163149,0.155439,0.158368,0.149622,-0.288204,0.169725,0.167268,0.153223,0.115681,-0.303304,-1.860167,1.896830,-1.652004,1.662922,-1.656524,1.637575,-1.263444,1.341728,4.798834,-4.736681,-2.266907,-1.980688,-1.967375,-1.503029,4.568235,1.690301,-1.787830
841.000000,0.144422,0.116707,0.125844,0.113247,-0.224763,0.163169,0.155454,0.158382,0.149631,-0.288234,0.169742,0.167278,0.153237,0.115693,-0.303344,-1.860480,1.897143,-1.652282,1.663202,-1.656801,1.637852,-1.263663,1.341948,4.799509,-4.737355,-2.267344,-1.981089,-1.967775,-1.503359,4.568873,1.690450,-1.787979
842.000000,0.144434,0.116723,0.125857,0.113257,-0.224777,0.163189,0.155470,0.158397,0.149639,-0.288264,0.169758,0.167289,0.153252,0.115705,-0.303385,-1.860793,1.897456,-1.652561,1.663481,-1.657078,1.638130,-1.263882,1.342167,4.800182,-4.738029,-2.267780,-1.981490,-1.968174,-1.503688,4.569510,1.690599,-1.788127
843.000000,0.144445,0.116739,0.125870,0.113266,-0.224791,0.163209,0.155485,0.158411,0.149648,-0.288293,0.169775,0.167299,0.153266,0.115717,-0.303425,-1.861105,1.897769,-1.652839,1.663759,-1.657354,1.638407,-1.264101,1.342386,4.800855,-4.738702,-2.268215,-1.981890,-1.968572,-1.504016,4.570146,1.690748,-1.788275
844.000000,0.144457,0.116755,0.125883,0.113276,-0.224805,0.163229,0.155501,0.158426,0.149657,-0.288323,0.169792,0.167309,0.153280,0.115729,-0.303465,-1.861416,1.898081,-1.653116,1.664037,-1.657630,1.638683,-1.264319,1.342605,4.801526,-4.739373,-2.268650,-1.982290,-1.968969,-1.504345,4.570781,1.690896,-1.788423
845.000000,0.144468,0.116772,0.125896,0.113286,-0.224819,0.163249,0.155516,0.158440,0.149666,-0.288353,0.169809,0.167320,0.153294,0.115741,-0.303506,-1.861727,1.898393,-1.653394,1.664315,-1.657906,1.638959,-1.264537,1.342824,4.802197,-4.740044,-2.269084,-1.982689,-1.969366,-1.504673,4.571415,1.691045,-1.788571
846.000000,0.144479,0.116788,0.125910,0.113296,-0.224833,0.163269,0.155532,0.158455,0.149674,-0.288382,0.169826,0.167330,0.153308,0.115753,-0.303546,-1.862038,1.898704,-1.653671,1.664592,-1.658181,1.639235,-1.264755,1.343042,4.802866,-4.740714,-2.269518,-1.983087,-1.969763,-1.505000,4.572048,1.691193,-1.788719
847.000000,0.144491,0.116804,0.125923,0.113305,-0.224847,0.163289,0.155547,0.158469,0.149683,-0.288412,0.169843,0.167340,0.153323,0.115765,-0.303586,-1.862348,1.899015,-1.653947,1.664869,-1.658456,1.639510,-1.264973,1.343260,4.803535,-4.741383,-2.269951,-1.983485,-1.970159,-1.505327,4.572680,1.691341,-1.788866
848.000000,0.144502,0.116820,0.125936,0.113315,-0.224860,0.163309,0.155563,0.158483,0.149692,-0.288441,0.169860,0.167351,0.153337,0.115777,-0.303626,-1.862658,1.899325,-1.654223,1.665146,-1.658730,1.639785,-1.265190,1.343478,4.804202,-4.742050,-2.270383,-1.983883,-1.970554,-1.505653,4.573311,1.691488,-1.789013
849.000000,0.144514,0.116837,0.125949,0.113325,-0.224874,0.163329,0.155578,0.158498,0.149700,-0.288471,0.169877,0.167361,0.153351,0.115789,-0.303666,-1.862968,1.899635,-1.654499,1.665422,-1.659004,1.640060,-1.265407,1.343695,4.804869,-4.742717,-2.270815,-1.984279,-1.970949,-1.505979,4.573941,1.691636,-1.789160
850.000000,0.144525,0.116853,0.125962,0.113334,-0.224888,0.163349,0.155594,0.158512,0.149709,-0.288500,0.169893,0.167371,0.153365,0.115801,-0.303706,-1.863277,1.899944,-1.654774,1.665698,-1.659278,1.640334,-1.265623,1.343912,4.805535,-4.743383,-2.271246,-1.984676,-1.971344,-1.506305,4.574570,1.691783,-1.789307
851.000000,0.144536,0.116869,0.125975,0.113344,-0.224902,0.163369,0.155609,0.158526,0.149718,-0.288530,0.169910,0.167381,0.153379,0.115813,-0.303746,-1.863585,1.900254,-1.655049,1.665973,-1.659551,1.640608,-1.265840,1.344129,4.806199,-4.744048,-2.271677,-1.985071,-1.971737,-1.506630,4.575198,1.691930,-1.789454
852.000000,0.144547,0.116885,0.125988,0.113354,-0.224916,0.163389,0.155624,0.158541,0.149726,-0.288559,0.169927,0.167392,0.153393,0.115825,-0.303786,-1.863893,1.900562,-1.655323,1.666248,-1.659824,1.640881,-1.266056,1.344345,4.806863,-4.744712,-2.272107,-1.985466,-1.972131,-1.506954,4.575826,1.692077,-1.789600
853.000000,0.144559,0.116901,0.126001,0.113363,-0.224930,0.163409,0.155640,0.158555,0.149735,-0.288588,0.169944,0.167402,0.153407,0.115837,-0.303826,-1.864201,1.900870,-1.655598,1.666523,-1.660097,1.641154,-1.266271,1.344561,4.807526,-4.745375,-2.272536,-1.985861,-1.972523,-1.507278,4.576452,1.692223,-1.789746
854.000000,0.144570,0.116917,0.126014,0.113373,-0.224943,0.163429,0.155655,0.158569,0.149744,-0.288618,0.169960,0.167412,0.153422,0.115849,-0.303866,-1.864508,1.901178,-1.655871,1.666797,-1.660369,1.641427,-1.266487,1.344777,4.808188,-4.746037,-2.272965,-1.986255,-1.972915,-1.507602,4.577077,1.692370,-1.789892
855.000000,0.144581,0.116933,0.126027,0.113383,-0.224957,0.163448,0.155670,0.158584,0.149752,-0.288647,0.169977,0.167422,0.153436,0.115860,-0.303906,-1.864815,1.901485,-1.656145,1.667071,-1.660641,1.641699,-1.266702,1.344992,4.808849,-4.746698,-2.273393,-1.986649,-1.973307,-1.507926,4.577702,1.692516,-1.790038
856.000000,0.144592,0.116949,0.126040,0.113392,-0.224971,0.163468,0.155686,0.158598,0.149761,-0.288676,0.169994,0.167433,0.153450,0.115872,-0.303945,-1.865122,1.901792,-1.656418,1.667344,-1.660912,1.641971,-1.266916,1.345208,4.809509,-4.747358,-2.273820,-1.987041,-1.973698,-1.508248,4.578325,1.692662,-1.790183
857.000000,0.144604,0.116965,0.126053,0.113402,-0.224984,0.163488,0.155701,0.158612,0.149769,-0.288705,0.170011,0.167443,0.153464,0.115884,-0.303985,-1.865428,1.902099,-1.656690,1.667618,-1.661183,1.642243,-1.267131,1.345423,4.810168,-4.748017,-2.274247,-1.987434,-1.974088,-1.508571,4.578947,1.692808,-1.790328
858.000000,0.144615,0.116981,0.126066,0.113412,-0.224998,0.163508,0.155716,0.158626,0.149778,-0.288734,0.170027,0.167453,0.153478,0.115896,-0.304025,-1.865733,1.902405,-1.656963,1.667890,-1.661454,1.642514,-1.267345,1.345637,4.810826,-4.748675,-2.274674,-1.987826,-1.974478,-1.508893,4.579569,1.692953,-1.790473
859.000000,0.144626,0.116997,0.126079,0.113421,-0.225012,0.163527,0.155732,0.158640,0.149786,-0.288763,0.170044,0.167463,0.153492,0.115908,-0.304064,-1.866038,1.902710,-1.657235,1.668163,-1.661724,1.642785,-1.267559,1.345852,4.811483,-4.749332,-2.275099,-1.988217,-1.974868,-1.509214,4.580190,1.693099,-1.790618
860.000000,0.144637,0.117013,0.126092,0.113431,-0.225025,0.163547,0.155747,0.158655,0.149795,-0.288792,0.170061,0.167474,0.153506,0.115920,-0.304104,-1.866343,1.903016,-1.657506,1.668435,-1.661994,1.643055,-1.267772,1.346066,4.812139,-4.749988,-2.275524,-1.988608,-1.975257,-1.509535,4.580809,1.693244,-1.790763
861.000000,0.144648,0.117029,0.126104,0.113440,-0.225039,0.163567,0.155762,0.158669,0.149804,-0.288821,0.170077,0.167484,0.153520,0.115931,-0.304143,-1.866647,1.903320,-1.657777,1.668706,-1.662264,1.643325,-1.267986,1.346279,4.812794,-4.750644,-2.275949,-1.988998,-1.975645,-1.509856,4.581428,1.693389,-1.790907
862.000000,0.144659,0.117044,0.126117,0.113450,-0.225052,0.163586,0.155777,0.158683,0.149812,-0.288850,0.170094,0.167494,0.153534,0.115943,-0.304183,-1.866951,1.903625,-1.658048,1.668978,-1.662533,1.643595,-1.268199,1.346493,4.813448,-4.751298,-2.276373,-1.989388,-1.976033,-1.510176,4.582046,1.693534,-1.791052
863.000000,0.144670,0.117060,0.126130,0.113459,-0.225066,0.163606,0.155792,0.158697,0.149821,-0.288879,0.170111,0.167504,0.153548,0.115955,-0.304222,-1.867255,1.903929,-1.658318,1.669248,-1.662802,1.643864,-1.268411,1.346706,4.814102,-4.751952,-2.276796,-1.989777,-1.976420,-1.510496,4.582662,1.693678,-1.791196
864.000000,0.144681,0.117076,0.126143,0.113469,-0.225079,0.163625,0.155808,0.158711,0.149829,-0.288908,0.170127,0.167514,0.153562,0.115967,-0.304262,-1.867558,1.904232,-1.658588,1.669519,-1.663070,1.644133,-1.268624,1.346919,4.814754,-4.752604,-2.277219,-1.990165,-1.976807,-1.510815,4.583278,1.693823,-1.791339
865.000000,0.144692,0.117092,0.126156,0.113478,-0.225093,0.163645,0.155823,0.158725,0.149838,-0.288937,0.170144,0.167525,0.153576,0.115979,-0.304301,-1.867860,1.904535,-1.658858,1.669789,-1.663339,1.644402,-1.268836,1.347131,4.815405,-4.753256,-2.277641,-1.990553,-1.977193,-1.511134,4.583893,1.693967,-1.791483
866.000000,0.144703,0.117108,0.126168,0.113488,-0.225106,0.163664,0.155838,0.158739,0.149846,-0.288966,0.170160,0.167535,0.153590,0.115990,-0.304340,-1.868162,1.904838,-1.659127,1.670059,-1.663606,1.644670,-1.269048,1.347344,4.816056,-4.753906,-2.278062,-1.990941,-1.977578,-1.511453,4.584507,1.694111,-1.791627
867.000000,0.144714,0.117123,0.126181,0.113497,-0.225120,0.163684,0.155853,0.158753,0.149855,-0.288994,0.170177,0.167545,0.153604,0.116002,-0.304380,-1.868464,1.905140,-1.659396,1.670328,-1.663874,1.644938,-1.269259,1.347556,4.816705,-4.754556,-2.278483,-1.991328,-1.977963,-1.511771,4.585120,1.694254,-1.791770
868.000000,0.144725,0.117139,0.126194,0.113507,-0.225133,0.163703,0.155868,0.158767,0.149863,-0.289023,0.170193,0.167555,0.153618,0.116014,-0.304419,-1.868766,1.905442,-1.659665,1.670597,-1.664141,1.645205,-1.269471,1.347767,4.817354,-4.755205,-2.278904,-1.991714,-1.978348,-1.512089,4.585733,1.694398,-1.791913
869.000000,0.144736,0.117155,0.126206,0.113516,-0.225146,0.163723,0.155883,0.158781,0.149872,-0.289052,0.170210,0.167565,0.153632,0.116026,-0.304458,-1.869067,1.905744,-1.659933,1.670866,-1.664407,1.645472,-1.269682,1.347979,4.818002,-4.755853,-2.279324,-1.992100,-1.978732,-1.512406,4.586344,1.694541,-1.792056
870.000000,0.144747,0.117170,0.126219,0.113525,-0.225160,0.163742,0.155898,0.158795,0.149880,-0.289080,0.170227,0.167575,0.153646,0.116037,-0.304497,-1.869367,1.906045,-1.660201,1.671134,-1.664674,1.645739,-1.269892,1.348190,4.818649,-4.756500,-2.279743,-1.992486,-1.979116,-1.512723,4.586954,1.694684,-1.792198
871.000000,0.144758,0.117186,0.126232,0.113535,-0.225173,0.163762,0.155913,0.158809,0.149889,-0.289109,0.170243,0.167586,0.153659,0.116049,-0.304536,-1.869667,1.906345,-1.660468,1.671402,-1.664939,1.646005,-1.270103,1.348401,4.819295,-4.757146,-2.280161,-1.992871,-1.979499,-1.513039,4.587564,1.694827,-1.792341
872.000000,0.144769,0.117202,0.126244,0.113544,-0.225186,0.163781,0.155928,0.158823,0.149897,-0.289137,0.170260,0.167596,0.153673,0.116061,-0.304575,-1.869967,1.906645,-1.660735,1.671670,-1.665205,1.646271,-1.270313,1.348611,4.819940,-4.757791,-2.280580,-1.993255,-1.979881,-1.513355,4.588172,1.694970,-1.792483
873.000000,0.144780,0.117217,0.126257,0.113554,-0.225200,0.163800,0.155943,0.158837,0.149906,-0.289166,0.170276,0.167606,0.153687,0.116072,-0.304614,-1.870266,1.906945,-1.661002,1.671937,-1.665470,1.646537,-1.270523,1.348821,4.820584,-4.758435,-2.280997,-1.993639,-1.980263,-1.513670,4.588780,1.695113,-1.792625
874.000000,0.144791,0.117233,0.126270,0.113563,-0.225213,0.163820,0.155958,0.158851,0.149914,-0.289194,0.170292,0.167616,0.153701,0.116084,-0.304653,-1.870565,1.907245,-1.661268,1.672204,-1.665735,1.646802,-1.270732,1.349031,4.821227,-4.759078,-2.281414,-1.994022,-1.980645,-1.513985,4.589387,1.695255,-1.792767
875.000000,0.144802,0.117248,0.126282,0.113572,-0.225226,0.163839,0.155973,0.158865,0.149922,-0.289223,0.170309,0.167626,0.153715,0.116096,-0.304692,-1.870864,1.907543,-1.661534,1.672470,-1.665999,1.647067,-1.270941,1.349241,4.821869,-4.759721,-2.281830,-1.994405,-1.981026,-1.514300,4.589992,1.695397,-1.792908
876.000000,0.144813,0.117264,0.126295,0.113582,-0.225239,0.163858,0.155988,0.158879,0.149931,-0.289251,0.170325,0.167636,0.153729,0.116107,-0.304731,-1.871162,1.907842,-1.661800,1.672736,-1.666264,1.647332,-1.271150,1.349450,4.822511,-4.760362,-2.282246,-1.994787,-1.981406,-1.514614,4.590597,1.695539,-1.793050
877.000000,0.144824,0.117279,0.126307,0.113591,-0.225253,0.163877,0.156003,0.158893,0.149939,-0.289279,0.170342,0.167646,0.153743,0.116119,-0.304770,-1.871459,1.908140,-1.662065,1.673002,-1.666527,1.647596,-1.271359,1.349660,4.823151,-4.761003,-2.282661,-1.995169,-1.981786,-1.514928,4.591201,1.695681,-1.793191
878.000000,0.144834,0.117295,0.126320,0.113600,-0.225266,0.163897,0.156018,0.158907,0.149948,-0.289308,0.170358,0.167657,0.153756,0.116131,-0.304808,-1.871757,1.908438,-1.662330,1.673267,-1.666791,1.647860,-1.271567,1.349868,4.823791,-4.761643,-2.283076,-1.995550,-1.982165,-1.515242,4.591805,1.695822,-1.793332
879.000000,0.144845,0.117310,0.126332,0.113610,-0.225279,0.163916,0.156033,0.158921,0.149956,-0.289336,0.170375,0.167667,0.153770,0.116142,-0.304847,-1.872054,1.908735,-1.662595,1.673532,-1.667054,1.648123,-1.271776,1.350077,4.824429,-4.762281,-2.283490,-1.995931,-1.982544,-1.515555,4.592407,1.695964,-1.793473
880.000000,0.144856,0.117326,0.126345,0.113619,-0.225292,0.163935,0.156048,0.158935,0.149964,-0.289364,0.170391,0.167677,0.153784,0.116154,-0.304886,-1.872350,1.909032,-1.662859,1.673797,-1.667316,1.648386,-1.271983,1.350285,4.825067,-4.762919,-2.283903,-1.996311,-1.982922,-1.515867,4.593008,1.696105,-1.793613
881.000000,0.144867,0.117341,0.126357,0.113628,-0.225305,0.163954,0.156063,0.158949,0.149973,-0.289392,0.170407,0.167687,0.153798,0.116166,-0.304924,-1.872646,1.909329,-1.663123,1.674061,-1.667579,1.648649,-1.272191,1.350493,4.825704,-4.763556,-2.284316,-1.996691,-1.983300,-1.516179,4.593609,1.696246,-1.793754
882.000000,0.144877,0.117356,0.126370,0.113637,-0.225318,0.163973,0.156078,0.158962,0.149981,-0.289421,0.170424,0.167697,0.153812,0.116177,-0.304963,-1.872942,1.909625,-1.663386,1.674325,-1.667841,1.648912,-1.272398,1.350701,4.826340,-4.764192,-2.284729,-1.997070,-1.983678,-1.516491,4.594208,1.696386,-1.793894
883.000000,0.144888,0.117372,0.126382,0.113647,-0.225331,0.163992,0.156092,0.158976,0.149990,-0.289449,0.170440,0.167707,0.153825,0.116189,-0.305001,-1.873237,1.909921,-1.663650,1.674589,-1.668102,1.649174,-1.272605,1.350908,4.826975,-4.764828,-2.285140,-1.997448,-1.984054,-1.516802,4.594807,1.696527,-1.794034
884.000000,0.144899,0.117387,0.126395,0.113656,-0.225344,0.164011,0.156107,0.158990,0.149998,-0.289477,0.170456,0.167717,0.153839,0.116200,-0.305040,-1.873532,1.910216,-1.663912,1.674852,-1.668364,1.649435,-1.272812,1.351116,4.827609,-4.765462,-2.285552,-1.997827,-1.984431,-1.517113,4.595405,1.696667,-1.794174
885.000000,0.144910,0.117402,0.126407,0.113665,-0.225357,0.164031,0.156122,0.159004,0.150006,-0.289505,0.170473,0.167727,0.153853,0.116212,-0.305078,-1.873827,1.910511,-1.664175,1.675115,-1.668625,1.649697,-1.273019,1.351323,4.828243,-4.766096,-2.285962,-1.998204,-1.984807,-1.517424,4.596002,1.696808,-1.794314
886.000000,0.144920,0.117418,0.126419,0.113674,-0.225370,0.164050,0.156137,0.159017,0.150015,-0.289533,0.170489,0.167737,0.153867,0.116223,-0.305117,-1.874121,1.910806,-1.664437,1.675377,-1.668885,1.649958,-1.273225,1.351529,4.828875,-4.766728,-2.286372,-1.998581,-1.985182,-1.517734,4.596598,1.696948,-1.794453
887.000000,0.144931,0.117433,0.126432,0.113683,-0.225383,0.164069,0.156152,0.159031,0.150023,-0.289561,0.170505,0.167747,0.153880,0.116235,-0.305155,-1.874414,1.911100,-1.664699,1.675640,-1.669145,1.650218,-1.273431,1.351735,4.829507,-4.767360,-2.286782,-1.998958,-1.985557,-1.518044,4.597193,1.697087,-1.794593
888.000000,0.144942,0.117448,0.126444,0.113693,-0.225396,0.164088,0.156166,0.159045,0.150031,-0.289589,0.170522,0.167757,0.153894,0.116247,-0.305193,-1.874708,1.911394,-1.664960,1.675902,-1.669405,1.650479,-1.273636,1.351942,4.830138,-4.767991,-2.287191,-1.999334,-1.985931,-1.518353,4.597787,1.697227,-1.794732
889.000000,0.144952,0.117463,0.126456,0.113702,-0.225409,0.164107,0.156181,0.159059,0.150039,-0.289617,0.170538,0.167768,0.153908,0.116258,-0.305231,-1.875001,1.911687,-1.665221,1.676163,-1.669665,1.650739,-1.273842,1.352147,4.830767,-4.768621,-2.287600,-1.999710,-1.986305,-1.518662,4.598381,1.697366,-1.794871
890.000000,0.144963,0.117479,0.126469,0.113711,-0.225422,0.164125,0.156196,0.159072,0.150048,-0.289644,0.170554,0.167778,0.153921,0.116270,-0.305270,-1.875293,1.911980,-1.665482,1.676424,-1.669924,1.650998,-1.274047,1.352353,4.831396,-4.769250,-2.288007,-2.000085,-1.986678,-1.518970,4.598973,1.697506,-1.795009
891.000000,0.144974,0.117494,0.126481,0.113720,-0.225435,0.164144,0.156210,0.159086,0.150056,-0.289672,0.170570,0.167788,0.153935,0.116281,-0.305308,-1.875585,1.912273,-1.665742,1.676685,-1.670183,1.651258,-1.274252,1.352558,4.832025,-4.769878,-2.288415,-2.000460,-1.987051,-1.519279,4.599565,1.697645,-1.795148
892.000000,0.144984,0.117509,0.126493,0.113729,-0.225448,0.164163,0.156225,0.159100,0.150064,-0.289700,0.170587,0.167798,0.153949,0.116293,-0.305346,-1.875877,1.912565,-1.666002,1.676945,-1.670442,1.651517,-1.274456,1.352763,4.832652,-4.770505,-2.288822,-2.000834,-1.987423,-1.519586,4.600156,1.697784,-1.795286
893.000000,0.144995,0.117524,0.126505,0.113738,-0.225460,0.164182,0.156240,0.159113,0.150073,-0.289728,0.170603,0.167808,0.153962,0.116304,-0.305384,-1.876169,1.912857,-1.666262,1.677206,-1.670700,1.651775,-1.274660,1.352968,4.833278,-4.771132,-2.289228,-2.001207,-1.987795,-1.519894,4.600746,1.697922,-1.795424
894.000000,0.145005,0.117539,0.126518,0.113747,-0.225473,0.164201,0.156254,0.159127,0.150081,-0.289755,0.170619,0.167818,0.153976,0.116316,-0.305422,-1.876460,1.913148,-1.666521,1.677465,-1.670958,1.652034,-1.274864,1.353172,4.833904,-4.771757,-2.289634,-2.001580,-1.988167,-1.520200,4.601335,1.698061,-1.795562
895.000000,0.145016,0.117554,0.126530,0.113756,-0.225486,0.164220,0.156269,0.159141,0.150089,-0.289783,0.170635,0.167828,0.153990,0.116327,-0.305460,-1.876750,1.913439,-1.666780,1.677725,-1.671215,1.652291,-1.275068,1.353376,4.834528,-4.772382,-2.290039,-2.001953,-1.988537,-1.520507,4.601923,1.698199,-1.795700
896.000000,0.145026,0.117569,0.126542,0.113766,-0.225499,0.164239,0.156284,0.159154,0.150097,-0.289811,0.170651,0.167838,0.154003,0.116339,-0.305498,-1.877040,1.913730,-1.667039,1.677984,-1.671472,1.652549,-1.275272,1.353580,4.835152,-4.773006,-2.290443,-2.002325,-1.988908,-1.520813,4.602511,1.698337,-1.795838
897.000000,0.145037,0.117584,0.126554,0.113775,-0.225511,0.164257,0.156298,0.159168,0.150106,-0.289838,0.170668,0.167848,0.154017,0.116350,-0.305536,-1.877330,1.914020,-1.667297,1.678243,-1.671729,1.652806,-1.275475,1.353784,4.835775,-4.773629,-2.290847,-2.002697,-1.989278,-1.521119,4.603098,1.698475,-1.795975
898.000000,0.145047,0.117599,0.126566,0.113784,-0.225524,0.164276,0.156313,0.159181,0.150114,-0.289866,0.170684,0.167858,0.154031,0.116362,-0.305574,-1.877620,1.914310,-1.667555,1.678501,-1.671986,1.653063,-1.275678,1.353987,4.836397,-4.774251,-2.291251,-2.003068,-1.989647,-1.521424,4.603683,1.698613,-1.796112
899.000000,0.145058,0.117614,0.126578,0.113793,-0.225537,0.164295,0.156327,0.159195,0.150122,-0.289893,0.170700,0.167868,0.154044,0.116373,-0.305612,-1.877909,1.914599,-1.667813,1.678759,-1.672242,1.653320,-1.275881,1.354190,4.837019,-4.774873,-2.291654,-2.003439,-1.990016,-1.521729,4.604268,1.698750,-1.796249
900.000000,0.145068,0.117629,0.126591,0.113802,-0.225550,0.164314,0.156342,0.159208,0.150130,-0.289921,0.170716,0.167878,0.154058,0.116384,-0.305649,-1.878197,1.914888,-1.668070,1.679017,-1.672497,1.653576,-1.276083,1.354393,4.837639,-4.775493,-2.292056,-2.003809,-1.990384,-1.522033,4.604852,1.698888,-1.796386
901.000000,0.145079,0.117644,0.126603,0.113811,-0.225562,0.164332,0.156357,0.159222,0.150138,-0.289948,0.170732,0.167888,0.154071,0.116396,-0.305687,-1.878486,1.915177,-1.668327,1.679274,-1.672753,1.653832,-1.276285,1.354596,4.838259,-4.776113,-2.292458,-2.004179,-1.990752,-1.522338,4.605436,1.699025,-1.796523
902.000000,0.145089,0.117659,0.126615,0.113820,-0.225575,0.164351,0.156371,0.159235,0.150147,-0.289976,0.170748,0.167898,0.154085,0.116407,-0.305725,-1.878774,1.915466,-1.668584,1.679531,-1.673008,1.654088,-1.276487,1.354798,4.838877,-4.776731,-2.292860,-2.004548,-1.991120,-1.522641,4.606018,1.699162,-1.796659
903.000000,0.145100,0.117674,0.126627,0.113829,-0.225587,0.164369,0.156386,0.159249,0.150155,-0.290003,0.170764,0.167908,0.154098,0.116419,-0.305762,-1.879061,1.915754,-1.668840,1.679788,-1.673263,1.654343,-1.276689,1.355000,4.839495,-4.777349,-2.293261,-2.004917,-1.991487,-1.522945,4.606599,1.699299,-1.796795
904.000000,0.145110,0.117689,0.126639,0.113838,-0.225600,0.164388,0.156400,0.159262,0.150163,-0.290030,0.170780,0.167918,0.154112,0.116430,-0.305800,-1.879348,1.916041,-1.669096,1.680044,-1.673517,1.654598,-1.276890,1.355202,4.840112,-4.777966,-2.293661,-2.005285,-1.991853,-1.523248,4.607180,1.699435,-1.796932
905.000000,0.145120,0.117704,0.126651,0.113847,-0.225613,0.164407,0.156414,0.159276,0.150171,-0.290058,0.170796,0.167928,0.154126,0.116441,-0.305838,-1.879635,1.916328,-1.669352,1.680300,-1.673772,1.654852,-1.277091,1.355403,4.840728,-4.778583,-2.294061,-2.005653,-1.992219,-1.523550,4.607760,1.699572,-1.797068
906.000000,0.145131,0.117719,0.126663,0.113856,-0.225625,0.164425,0.156429,0.159289,0.150179,-0.290085,0.170812,0.167938,0.154139,0.116453,-0.305875,-1.879922,1.916615,-1.669607,1.680556,-1.674025,1.655106,-1.277292,1.355605,4.841344,-4.779198,-2.294460,-2.006020,-1.992585,-1.523852,4.608339,1.699708,-1.797203
907.000000,0.145141,0.117733,0.126675,0.113864,-0.225638,0.164444,0.156443,0.159303,0.150187,-0.290112,0.170828,0.167947,0.154153,0.116464,-0.305913,-1.880208,1.916902,-1.669862,1.680811,-1.674279,1.655360,-1.277493,1.355806,4.841958,-4.779813,-2.294859,-2.006387,-1.992950,-1.524154,4.608917,1.699844,-1.797339
908.000000,0.145151,0.117748,0.126687,0.113873,-0.225650,0.164462,0.156458,0.159316,0.150195,-0.290139,0.170844,0.167957,0.154166,0.116476,-0.305950,-1.880493,1.917188,-1.670116,1.681066,-1.674532,1.655614,-1.277693,1.356006,4.842572,-4.780427,-2.295257,-2.006753,-1.993314,-1.524455,4.609495,1.699980,-1.797474
909.000000,0.145162,0.117763,0.126699,0.113882,-0.225663,0.164481,0.156472,0.159329,0.150204,-0.290166,0.170860,0.167967,0.154180,0.116487,-0.305987,-1.880779,1.917474,-1.670371,1.681321,-1.674785,1.655867,-1.277893,1.356207,4.843185,-4.781040,-2.295655,-2.007119,-1.993678,-1.524756,4.610071,1.700115,-1.797609
910.000000,0.145172,0.117778,0.126711,0.113891,-0.225675,0.164499,0.156487,0.159343,0.150212,-0.290194,0.170876,0.167977,0.154193,0.116498,-0.306025,-1.881064,1.917759,-1.670625,1.681576,-1.675037,1.656120,-1.278093,1.356407,4.843797,-4.781652,-2.296052,-2.007484,-1.994042,-1.525057,4.610647,1.700251,-1.797744
911.000000,0.145182,0.117793,0.126723,0.113900,-0.225687,0.164518,0.156501,0.159356,0.150220,-0.290221,0.170892,0.167987,0.154206,0.116510,-0.306062,-1.881348,1.918044,-1.670878,1.681830,-1.675289,1.656373,-1.278292,1.356607,4.844408,-4.782263,-2.296449,-2.007849,-1.994405,-1.525357,4.611222,1.700386,-1.797879
912.000000,0.145193,0.117807,0.126735,0.113909,-0.225700,0.164536,0.156515,0.159370,0.150228,-0.290248,0.170908,0.167997,0.154220,0.116521,-0.306099,-1.881632,1.918329,-1.671132,1.682083,-1.675541,1.656625,-1.278492,1.356807,4.845019,-4.782873,-2.296845,-2.008214,-1.994768,-1.525657,4.611796,1.700521,-1.798014
913.000000,0.145203,0.117822,0.126746,0.113918,-0.225712,0.164555,0.156530,0.159383,0.150236,-0.290275,0.170924,0.168007,0.154233,0.116532,-0.306137,-1.881916,1.918613,-1.671385,1.682337,-1.675793,1.656877,-1.278691,1.357006,4.845628,-4.783483,-2.297240,-2.008577,-1.995130,-1.525957,4.612370,1.700656,-1.798148
914.000000,0.145213,0.117837,0.126758,0.113927,-0.225725,0.164573,0.156544,0.159396,0.150244,-0.290302,0.170940,0.168017,0.154247,0.116544,-0.306174,-1.882200,1.918897,-1.671637,1.682590,-1.676044,1.657128,-1.278889,1.357205,4.846237,-4.784092,-2.297635,-2.008941,-1.995492,-1.526256,4.612942,1.700791,-1.798283
915.000000,0.145223,0.117851,0.126770,0.113935,-0.225737,0.164591,0.156558,0.159410,0.150252,-0.290329,0.170956,0.168027,0.154260,0.116555,-0.306211,-1.882483,1.919180,-1.671890,1.682843,-1.676295,1.657380,-1.279088,1.357404,4.846845,-4.784700,-2.298030,-2.009304,-1.995853,-1.526554,4.613514,1.700926,-1.798417
916.000000,0.145233,0.117866,0.126782,0.113944,-0.225749,0.164610,0.156572,0.159423,0.150260,-0.290355,0.170972,0.168037,0.154274,0.116566,-0.306248,-1.882765,1.919463,-1.672142,1.683095,-1.676545,1.657631,-1.279286,1.357603,4.847452,-4.785307,-2.298424,-2.009666,-1.996214,-1.526853,4.614085,1.701060,-1.798551
917.000000,0.145244,0.117880,0.126794,0.113953,-0.225762,0.164628,0.156587,0.159436,0.150268,-0.290382,0.170988,0.168047,0.154287,0.116577,-0.306285,-1.883048,1.919746,-1.672393,1.683347,-1.676796,1.657881,-1.279484,1.357801,4.848059,-4.785913,-2.298818,-2.010029,-1.996574,-1.527151,4.614655,1.701195,-1.798684
918.000000,0.145254,0.117895,0.126806,0.113962,-0.225774,0.164646,0.156601,0.159449,0.150276,-0.290409,0.171004,0.168056,0.154300,0.116589,-0.306322,-1.883330,1.920029,-1.672645,1.683599,-1.677046,1.658132,-1.279682,1.357999,4.848664,-4.786519,-2.299211,-2.010390,-1.996934,-1.527448,4.615224,1.701329,-1.798818
919.000000,0.145264,0.117910,0.126817,0.113971,-0.225786,0.164665,0.156615,0.159463,0.150284,-0.290436,0.171020,0.168066,0.154314,0.116600,-0.306359,-1.883611,1.920311,-1.672896,1.683850,-1.677295,1.658382,-1.279879,1.358197,4.849269,-4.787124,-2.299603,-2.010751,-1.997293,-1.527745,4.615793,1.701463,-1.798951
920.000000,0.145274,0.117924,0.126829,0.113979,-0.225798,0.164683,0.156629,0.159476,0.150292,-0.290463,0.171035,0.168076,0.154327,0.116611,-0.306396,-1.883893,1.920592,-1.673146,1.684101,-1.677544,1.658631,-1.280077,1.358395,4.849873,-4.787728,-2.299995,-2.011112,-1.997652,-1.528042,4.616360,1.701596,-1.799085
921.000000,0.145284,0.117939,0.126841,0.113988,-0.225811,0.164701,0.156644,0.159489,0.150300,-0.290489,0.171051,0.168086,0.154341,0.116622,-0.306433,-1.884174,1.920874,-1.673397,1.684352,-1.677793,1.658881,-1.280274,1.358592,4.850476,-4.788331,-2.300387,-2.011472,-1.998011,-1.528339,4.616927,1.701730,-1.799218
922.000000,0.145294,0.117953,0.126853,0.113997,-0.225823,0.164719,0.156658,0.159502,0.150308,-0.290516,0.171067,0.168096,0.154354,0.116634,-0.306470,-1.884454,1.921155,-1.673647,1.684603,-1.678042,1.659130,-1.280470,1.358789,4.851078,-4.788933,-2.300778,-2.011832,-1.998369,-1.528635,4.617493,1.701863,-1.799351
923.000000,0.145305,0.117968,0.126864,0.114006,-0.225835,0.164737,0.156672,0.159515,0.150316,-0.290543,0.171083,0.168106,0.154367,0.116645,-0.306507,-1.884734,1.921435,-1.673897,1.684853,-1.678290,1.659378,-1.280667,1.358986,4.851680,-4.789535,-2.301168,-2.012191,-1.998726,-1.528931,4.618059,1.701997,-1.799483
924.000000,0.145315,0.117982,0.126876,0.114014,-0.225847,0.164756,0.156686,0.159529,0.150324,-0.290569,0.171099,0.168116,0.154381,0.116656,-0.306543,-1.885014,1.921715,-1.674146,1.685103,-1.678538,1.659627,-1.280863,1.359183,4.852280,-4.790136,-2.301558,-2.012550,-1.999083,-1.529226,4.618623,1.702130,-1.799616
925.000000,0.145325,0.117997,0.126888,0.114023,-0.225859,0.164774,0.156700,0.159542,0.150332,-0.290596,0.171115,0.168125,0.154394,0.116667,-0.306580,-1.885294,1.921995,-1.674395,1.685352,-1.678786,1.659875,-1.281059,1.359379,4.852880,-4.790736,-2.301948,-2.012908,-1.999440,-1.529521,4.619187,1.702262,-1.799748
926.000000,0.145335,0.118011,0.126900,0.114032,-0.225871,0.164792,0.156714,0.159555,0.150340,-0.290623,0.171130,0.168135,0.154407,0.116678,-0.306617,-1.885573,1.922275,-1.674644,1.685601,-1.679033,1.660123,-1.281255,1.359575,4.853480,-4.791335,-2.302337,-2.013266,-1.999796,-1.529815,4.619750,1.702395,-1.799880
927.000000,0.145345,0.118025,0.126911,0.114041,-0.225883,0.164810,0.156728,0.159568,0.150348,-0.290649,0.171146,0.168145,0.154420,0.116690,-0.306653,-1.885852,1.922554,-1.674892,1.685850,-1.679281,1.660370,-1.281450,1.359771,4.854078,-4.791933,-2.302725,-2.013624,-2.000152,-1.530110,4.620312,1.702528,-1.800012
928.000000,0.145355,0.118040,0.126923,0.114049,-0.225896,0.164828,0.156743,0.159581,0.150356,-0.290676,0.171162,0.168155,0.154434,0.116701,-0.306690,-1.886130,1.922833,-1.675141,1.686099,-1.679527,1.660617,-1.281646,1.359967,4.854675,-4.792531,-2.303113,-2.013981,-2.000507,-1.530404,4.620873,1.702660,-1.800144
929.000000,0.145365,0.118054,0.126934,0.114058,-0.225908,0.164846,0.156757,0.159594,0.150364,-0.290702,0.171178,0.168165,0.154447,0.116712,-0.306727,-1.886408,1.923111,-1.675388,1.686347,-1.679774,1.660864,-1.281841,1.360162,4.855272,-4.793127,-2.303500,-2.014337,-2.000862,-1.530697,4.621434,1.702792,-1.800276
930.000000,0.145375,0.118069,0.126946,0.114067,-0.225920,0.164864,0.156771,0.159607,0.150372,-0.290728,0.171193,0.168175,0.154460,0.116723,-0.306763,-1.886686,1.923389,-1.675636,1.686595,-1.680020,1.661111,-1.282035,1.360358,4.855868,-4.793723,-2.303887,-2.014693,-2.001216,-1.530990,4.621994,1.702924,-1.800407
931.000000,0.145385,0.118083,0.126958,0.114075,-0.225932,0.164882,0.156785,0.159620,0.150380,-0.290755,0.171209,0.168184,0.154474,0.116734,-0.306800,-1.886963,1.923667,-1.675883,1.686843,-1.680266,1.661357,-1.282230,1.360552,4.856463,-4.794319,-2.304274,-2.015049,-2.001570,-1.531283,4.622553,1.703056,-1.800539
932.000000,0.145395,0.118097,0.126969,0.114084,-0.225944,0.164900,0.156799,0.159634,0.150388,-0.290781,0.171225,0.168194,0.154487,0.116745,-0.306836,-1.887240,1.923945,-1.676130,1.687090,-1.680511,1.661603,-1.282424,1.360747,4.857058,-4.794913,-2.304660,-2.015404,-2.001924,-1.531575,4.623111,1.703188,-1.800670
933.000000,0.145405,0.118111,0.126981,0.114093,-0.225956,0.164918,0.156813,0.159647,0.150396,-0.290808,0.171240,0.168204,0.154500,0.116757,-0.306873,-1.887517,1.924222,-1.676377,1.687337,-1.680756,1.661848,-1.282618,1.360941,4.857651,-4.795507,-2.305045,-2.015759,-2.002277,-1.531867,4.623669,1.703319,-1.800801
934.000000,0.145415,0.118126,0.126992,0.114101,-0.225968,0.164936,0.156827,0.159660,0.150404,-0.290834,0.171256,0.168214,0.154513,0.116768,-0.306909,-1.887793,1.924498,-1.676623,1.687584,-1.681001,1.662094,-1.282812,1.361136,4.858244,-4.796100,-2.305430,-2.016113,-2.002629,-1.532159,4.624226,1.703451,-1.800932
935.000000,0.145425,0.118140,0.127004,0.114110,-0.225980,0.164954,0.156841,0.159673,0.150412,-0.290860,0.171272,0.168224,0.154526,0.116779,-0.306945,-1.888069,1.924775,-1.676869,1.687830,-1.681246,1.662339,-1.283006,1.361330,4.858836,-4.796692,-2.305815,-2.016467,-2.002982,-1.532450,4.624781,1.703582,-1.801062
936.000000,0.145435,0.118154,0.127015,0.114118,-0.225991,0.164972,0.156855,0.159686,0.150420,-0.290886,0.171287,0.168233,0.154540,0.116790,-0.306982,-1.888345,1.925051,-1.677115,1.688076,-1.681490,1.662583,-1.283199,1.361523,4.859428,-4.797283,-2.306199,-2.016820,-2.003333,-1.532741,4.625337,1.703713,-1.801193
937.000000,0.145445,0.118168,0.127027,0.114127,-0.226003,0.164990,0.156869,0.159699,0.150428,-0.290912,0.171303,0.168243,0.154553,0.116801,-0.307018,-1.888620,1.925326,-1.677360,1.688322,-1.681734,1.662828,-1.283392,1.361717,4.860018,-4.797874,-2.306582,-2.017173,-2.003684,-1.533032,4.625891,1.703843,-1.801323
938.000000,0.145454,0.118183,0.127038,0.114135,-0.226015,0.165008,0.156883,0.159712,0.150436,-0.290939,0.171319,0.168253,0.154566,0.116812,-0.307054,-1.888895,1.925602,-1.677605,1.688568,-1.681978,1.663072,-1.283585,1.361910,4.860608,-4.798463,-2.306965,-2.017526,-2.004035,-1.533322,4.626445,1.703974,-1.801453
939.000000,0.145464,0.118197,0.127050,0.114144,-0.226027,0.165026,0.156897,0.159725,0.150443,-0.290965,0.171334,0.168263,0.154579,0.116823,-0.307090,-1.889169,1.925877,-1.677850,1.688813,-1.682221,1.663315,-1.283777,1.362103,4.861197,-4.799052,-2.307348,-2.017878,-2.004386,-1.533612,4.626998,1.704105,-1.801583
940.000000,0.145474,0.118211,0.127061,0.114153,-0.226039,0.165043,0.156910,0.159738,0.150451,-0.290991,0.171350,0.168272,0.154592,0.116834,-0.307126,-1.889444,1.926151,-1.678094,1.689058,-1.682464,1.663559,-1.283970,1.362296,4.861785,-4.799641,-2.307730,-2.018230,-2.004736,-1.533901,4.627550,1.704235,-1.801713
941.000000,0.145484,0.118225,0.127073,0.114161,-0.226051,0.165061,0.156924,0.159750,0.150459,-0.291017,0.171365,0.168282,0.154605,0.116845,-0.307162,-1.889717,1.926425,-1.678339,1.689302,-1.682707,1.663802,-1.284162,1.362488,4.862373,-4.800228,-2.308111,-2.018581,-2.005085,-1.534191,4.628101,1.704365,-1.801843
942.000000,0.145494,0.118239,0.127084,0.114170,-0.226063,0.165079,0.156938,0.159763,0.150467,-0.291043,0.171381,0.168292,0.154619,0.116856,-0.307198,-1.889991,1.926699,-1.678582,1.689546,-1.682949,1.664045,-1.284354,1.362680,4.862959,-4.800815,-2.308493,-2.018932,-2.005434,-1.534479,4.628652,1.704495,-1.801972
943.000000,0.145504,0.118253,0.127095,0.114178,-0.226074,0.165097,0.156952,0.159776,0.150475,-0.291069,0.171397,0.168302,0.154632,0.116867,-0.307234,-1.890264,1.926973,-1.678826,1.689790,-1.683191,1.664287,-1.284545,1.362872,4.863545,-4.801401,-2.308873,-2.019282,-2.005783,-1.534768,4.629202,1.704625,-1.802101
944.000000,0.145513,0.118267,0.127107,0.114187,-0.226086,0.165114,0.156966,0.159789,0.150483,-0.291095,0.171412,0.168311,0.154645,0.116878,-0.307270,-1.890537,1.927246,-1.679069,1.690034,-1.683433,1.664530,-1.284737,1.363064,4.864131,-4.801986,-2.309253,-2.019632,-2.006131,-1.535056,4.629751,1.704754,-1.802231
945.000000,0.145523,0.118281,0.127118,0.114195,-0.226098,0.165132,0.156980,0.159802,0.150491,-0.291121,0.171428,0.168321,0.154658,0.116889,-0.307306,-1.890809,1.927519,-1.679312,1.690277,-1.683675,1.664771,-1.284928,1.363256,4.864715,-4.802571,-2.309633,-2.019981,-2.006479,-1.535344,4.630299,1.704884,-1.802360
946.000000,0.145533,0.118295,0.127130,0.114204,-0.226110,0.165150,0.156994,0.159815,0.150498,-0.291147,0.171443,0.168331,0.154671,0.116901,-0.307342,-1.891082,1.927792,-1.679555,1.690520,-1.683916,1.665013,-1.285119,1.363447,4.865299,-4.803154,-2.310012,-2.020330,-2.006826,-1.535631,4.630847,1.705013,-1.802488
947.000000,0.145543,0.118309,0.127141,0.114212,-0.226121,0.165168,0.157007,0.159828,0.150506,-0.291173,0.171459,0.168340,0.154684,0.116912,-0.307378,-1.891353,1.928064,-1.679797,1.690763,-1.684157,1.665254,-1.285309,1.363638,4.865882,-4.803737,-2.310391,-2.020679,-2.007173,-1.535918,4.631394,1.705142,-1.802617
948.000000,0.145553,0.118323,0.127152,0.114220,-0.226133,0.165185,0.157021,0.159841,0.150514,-0.291198,0.171474,0.168350,0.154697,0.116923,-0.307414,-1.891625,1.928336,-1.680039,1.691005,-1.684398,1.665495,-1.285500,1.363829,4.866464,-4.804319,-2.310769,-2.021027,-2.007519,-1.536205,4.631940,1.705271,-1.802746
949.000000,0.145562,0.118337,0.127163,0.114229,-0.226145,0.165203,0.157035,0.159853,0.150522,-0.291224,0.171490,0.168360,0.154710,0.116933,-0.307450,-1.891896,1.928607,-1.680281,1.691247,-1.684638,1.665736,-1.285690,1.364019,4.867045,-4.804901,-2.311147,-2.021374,-2.007865,-1.536491,4.632486,1.705400,-1.802874
950.000000,0.145572,0.118351,0.127175,0.114237,-0.226156,0.165221,0.157049,0.159866,0.150530,-0.291250,0.171505,0.168370,0.154723,0.116944,-0.307485,-1.892167,1.928879,-1.680522,1.691489,-1.684878,1.665977,-1.285880,1.364210,4.867626,-4.805481,-2.311524,-2.021722,-2.008211,-1.536777,4.633030,1.705529,-1.803002
951.000000,0.145582,0.118365,0.127186,0.114246,-0.226168,0.165238,0.157062,0.159879,0.150537,-0.291276,0.171521,0.168379,0.154736,0.116955,-0.307521,-1.892437,1.929149,-1.680763,1.691731,-1.685118,1.666217,-1.286070,1.364400,4.868206,-4.806061,-2.311901,-2.022069,-2.008556,-1.537063,4.633574,1.705657,-1.803130
952.000000,0.145591,0.118379,0.127197,0.114254,-0.226180,0.165256,0.157076,0.159892,0.150545,-0.291301,0.171536,0.168389,0.154749,0.116966,-0.307557,-1.892708,1.929420,-1.681004,1.691972,-1.685357,1.666457,-1.286259,1.364590,4.868785,-4.806641,-2.312277,-2.022415,-2.008901,-1.537348,4.634117,1.705786,-1.803258
953.000000,0.145601,0.118393,0.127209,0.114263,-0.226191,0.165273,0.157090,0.159905,0.150553,-0.291327,0.171551,0.168399,0.154762,0.116977,-0.307592,-1.892977,1.929690,-1.681245,1.692213,-1.685596,1.666696,-1.286449,1.364779,4.869364,-4.807219,-2.312653,-2.022761,-2.009245,-1.537633,4.634660,1.705914,-1.803385
954.000000,0.145611,0.118407,0.127220,0.114271,-0.226203,0.165291,0.157104,0.159917,0.150561,-0.291353,0.171567,0.168408,0.154775,0.116988,-0.307628,-1.893247,1.929960,-1.681485,1.692454,-1.685835,1.666935,-1.286638,1.364969,4.869941,-4.807797,-2.313028,-2.023106,-2.009589,-1.537918,4.635202,1.706042,-1.803513
955.000000,0.145620,0.118421,0.127231,0.114279,-0.226214,0.165308,0.157117,0.159930,0.150568,-0.291378,0.171582,0.168418,0.154788,0.116999,-0.307664,-1.893516,1.930230,-1.681725,1.692694,-1.686074,1.667174,-1.286826,1.365158,4.870518,-4.808374,-2.313403,-2.023452,-2.009933,-1.538202,4.635743,1.706170,-1.803640
956.000000,0.145630,0.118435,0.127242,0.114288,-0.226226,0.165326,0.157131,0.159943,0.150576,-0.291404,0.171598,0.168428,0.154801,0.117010,-0.307699,-1.893785,1.930499,-1.681965,1.692934,-1.686312,1.667413,-1.287015,1.365347,4.871095,-4.808950,-2.313777,-2.023796,-2.010276,-1.538486,4.636283,1.706297,-1.803768
957.000000,0.145640,0.118448,0.127253,0.114296,-0.226237,0.165343,0.157145,0.159956,0.150584,-0.291429,0.171613,0.168437,0.154814,0.117021,-0.307735,-1.894053,1.930768,-1.682204,1.693174,-1.686550,1.667651,-1.287203,1.365535,4.871670,-4.809526,-2.314151,-2.024140,-2.010618,-1.538769,4.636823,1.706425,-1.803895
958.000000,0.145649,0.118462,0.127264,0.114304,-0.226249,0.165361,0.157158,0.159968,0.150592,-0.291455,0.171628,0.168447,0.154827,0.117032,-0.307770,-1.894321,1.931036,-1.682443,1.693413,-1.686788,1.667889,-1.287391,1.365724,4.872245,-4.810100,-2.314525,-2.024484,-2.010960,-1.539052,4.637361,1.706552,-1.804021
959.000000,0.145659,0.118476,0.127276,0.114313,-0.226260,0.165378,0.157172,0.159981,0.150599,-0.291480,0.171644,0.168457,0.154840,0.117043,-0.307805,-1.894589,1.931304,-1.682682,1.693652,-1.687025,1.668127,-1.287579,1.365912,4.872819,-4.810674,-2.314898,-2.024828,-2.011302,-1.539335,4.637900,1.706680,-1.804148
960.000000,0.145668,0.118490,0.127287,0.114321,-0.226272,0.165396,0.157185,0.159994,0.150607,-0.291506,0.171659,0.168466,0.154853,0.117054,-0.307841,-1.894857,1.931572,-1.682920,1.693891,-1.687262,1.668365,-1.287767,1.366100,4.873392,-4.811248,-2.315271,-2.025171,-2.011644,-1.539618,4.638437,1.706807,-1.804275
961.000000,0.145678,0.118503,0.127298,0.114329,-0.226283,0.165413,0.157199,0.160006,0.150615,-0.291531,0.171674,0.168476,0.154866,0.117065,-0.307876,-1.895124,1.931840,-1.683159,1.694130,-1.687499,1.668602,-1.287954,1.366288,4.873965,-4.811820,-2.315643,-2.025513,-2.011984,-1.539900,4.638974,1.706934,-1.804401
962.000000,0.145688,0.118517,0.127309,0.114338,-0.226295,0.165430,0.157213,0.160019,0.150622,-0.291557,0.171690,0.168485,0.154879,0.117076,-0.307911,-1.895391,1.932107,-1.683397,1.694368,-1.687736,1.668839,-1.288142,1.366475,4.874537,-4.812392,-2.316014,-2.025855,-2.012325,-1.540182,4.639510,1.707060,-1.804527
963.000000,0.145697,0.118531,0.127320,0.114346,-0.226306,0.165448,0.157226,0.160032,0.150630,-0.291582,0.171705,0.168495,0.154892,0.117086,-0.307947,-1.895657,1.932374,-1.683634,1.694606,-1.687972,1.669075,-1.288329,1.366663,4.875108,-4.812963,-2.316385,-2.026197,-2.012665,-1.540463,4.640045,1.707187,-1.804653
964.000000,0.145707,0.118545,0.127331,0.114354,-0.226317,0.165465,0.157240,0.160044,0.150638,-0.291607,0.171720,0.168505,0.154905,0.117097,-0.307982,-1.895924,1.932640,-1.683872,1.694844,-1.688208,1.669312,-1.288515,1.366850,4.875678,-4.813534,-2.316756,-2.026538,-2.013005,-1.540745,4.640579,1.707313,-1.804779
965.000000,0.145716,0.118558,0.127342,0.114363,-0.226329,0.165482,0.157253,0.160057,0.150645,-0.291632,0.171736,0.168514,0.154918,0.117108,-0.308017,-1.896189,1.932907,-1.684109,1.695081,-1.688444,1.669548,-1.288702,1.367037,4.876248,-4.814103,-2.317126,-2.026879,-2.013344,-1.541026,4.641113,1.707439,-1.804905
966.000000,0.145726,0.118572,0.127353,0.114371,-0.226340,0.165500,0.157267,0.160069,0.150653,-0.291658,0.171751,0.168524,0.154931,0.117119,-0.308052,-1.896455,1.933173,-1.684345,1.695318,-1.688679,1.669783,-1.288888,1.367223,4.876817,-4.814672,-2.317496,-2.027220,-2.013683,-1.541306,4.641646,1.707566,-1.805031
967.000000,0.145735,0.118586,0.127364,0.114379,-0.226352,0.165517,0.157280,0.160082,0.150661,-0.291683,0.171766,0.168533,0.154944,0.117130,-0.308087,-1.896720,1.933438,-1.684582,1.695555,-1.688914,1.670019,-1.289074,1.367410,4.877385,-4.815241,-2.317866,-2.027560,-2.014021,-1.541586,4.642179,1.707692,-1.805156
968.000000,0.145745,0.118599,0.127375,0.114387,-0.226363,0.165534,0.157294,0.160094,0.150668,-0.291708,0.171781,0.168543,0.154957,0.117141,-0.308122,-1.896985,1.933703,-1.684818,1.695792,-1.689149,1.670254,-1.289260,1.367596,4.877953,-4.815808,-2.318235,-2.027900,-2.014359,-1.541866,4.642710,1.707817,-1.805281
969.000000,0.145754,0.118613,0.127386,0.114396,-0.226374,0.165551,0.157307,0.160107,0.150676,-0.291733,0.171797,0.168553,0.154969,0.117151,-0.308157,-1.897250,1.933968,-1.685054,1.696028,-1.689383,1.670489,-1.289446,1.367782,4.878520,-4.816375,-2.318603,-2.028239,-2.014697,-1.542146,4.643241,1.707943,-1.805406
970.000000,0.145764,0.118626,0.127397,0.114404,-0.226385,0.165569,0.157321,0.160120,0.150684,-0.291758,0.171812,0.168562,0.154982,0.117162,-0.308192,-1.897514,1.934233,-1.685290,1.696264,-1.689618,1.670724,-1.289631,1.367968,4.879086,-4.816941,-2.318971,-2.028578,-2.015034,-1.542425,4.643772,1.708068,-1.805531
971.000000,0.145773,0.118640,0.127408,0.114412,-0.226397,0.165586,0.157334,0.160132,0.150691,-0.291784,0.171827,0.168572,0.154995,0.117173,-0.308227,-1.897778,1.934497,-1.685525,1.696500,-1.689852,1.670958,-1.289816,1.368153,4.879651,-4.817506,-2.319339,-2.028916,-2.015371,-1.542704,4.644301,1.708194,-1.805656
972.000000,0.145782,0.118653,0.127419,0.114420,-0.226408,0.165603,0.157348,0.160145,0.150699,-0.291809,0.171842,0.168581,0.155008,0.117184,-0.308262,-1.898041,1.934761,-1.685760,1.696735,-1.690085,1.671192,-1.290001,1.368339,4.880216,-4.818071,-2.319706,-2.029254,-2.015707,-1.542982,4.644830,1.708319,-1.805781
973.000000,0.145792,0.118667,0.127430,0.114428,-0.226419,0.165620,0.157361,0.160157,0.150707,-0.291834,0.171857,0.168591,0.155021,0.117195,-0.308297,-1.898305,1.935025,-1.685995,1.696970,-1.690319,1.671426,-1.290186,1.368524,4.880780,-4.818635,-2.320072,-2.029592,-2.016043,-1.543260,4.645358,1.708444,-1.805905
974.000000,0.145801,0.118680,0.127441,0.114436,-0.226430,0.165637,0.157374,0.160170,0.150714,-0.291859,0.171873,0.168600,0.155034,0.117205,-0.308332,-1.898568,1.935288,-1.686229,1.697205,-1.690552,1.671659,-1.290370,1.368708,4.881343,-4.819198,-2.320438,-2.029929,-2.016379,-1.543538,4.645886,1.708569,-1.806030
975.000000,0.145811,0.118694,0.127452,0.114445,-0.226442,0.165654,0.157388,0.160182,0.150722,-0.291884,0.171888,0.168610,0.155046,0.117216,-0.308367,-1.898830,1.935551,-1.686463,1.697440,-1.690785,1.671892,-1.290555,1.368893,4.881906,-4.819761,-2.320804,-2.030266,-2.016714,-1.543816,4.646413,1.708693,-1.806154
976.000000,0.145820,0.118707,0.127463,0.114453,-0.226453,0.165672,0.157401,0.160195,0.150729,-0.291909,0.171903,0.168620,0.155059,0.117227,-0.308401,-1.899093,1.935814,-1.686697,1.697674,-1.691017,1.672125,-1.290739,1.369078,4.882468,-4.820323,-2.321170,-2.030602,-2.017049,-1.544093,4.646939,1.708818,-1.806278
977.000000,0.145829,0.118721,0.127474,0.114461,-0.226464,0.165689,0.157415,0.160207,0.150737,-0.291934,0.171918,0.168629,0.155072,0.117238,-0.308436,-1.899355,1.936076,-1.686931,1.697908,-1.691250,1.672358,-1.290923,1.369262,4.883029,-4.820884,-2.321534,-2.030938,-2.017383,-1.544370,4.647464,1.708942,-1.806402
978.000000,0.145839,0.118734,0.127485,0.114469,-0.226475,0.165706,0.157428,0.160219,0.150745,-0.291958,0.171933,0.168639,0.155085,0.117248,-0.308471,-1.899617,1.936338,-1.687164,1.698142,-1.691482,1.672590,-1.291106,1.369446,4.883590,-4.821444,-2.321899,-2.031274,-2.017717,-1.544646,4.647989,1.709067,-1.806526
979.000000,0.145848,0.118748,0.127495,0.114477,-0.226486,0.165723,0.157441,0.160232,0.150752,-0.291983,0.171948,0.168648,0.155097,0.117259,-0.308505,-1.899878,1.936600,-1.687397,1.698375,-1.691713,1.672822,-1.291290,1.369629,4.884149,-4.822004,-2.322263,-2.031609,-2.018051,-1.544922,4.648513,1.709191,-1.806649
980.000000,0.145857,0.118761,0.127506,0.114485,-0.226497,0.165740,0.157455,0.160244,0.150760,-0.292008,0.171963,0.168658,0.155110,0.117270,-0.308540,-1.900139,1.936862,-1.687630,1.698608,-1.691945,1.673054,-1.291473,1.369813,4.884709,-4.822563,-2.322626,-2.031944,-2.018384,-1.545198,4.649036,1.709315,-1.806773
981.000000,0.145867,0.118775,0.127517,0.114493,-0.226508,0.165757,0.157468,0.160257,0.150767,-0.292033,0.171979,0.168667,0.155123,0.117281,-0.308575,-1.900400,1.937123,-1.687863,1.698841,-1.692176,1.673286,-1.291656,1.369996,4.885267,-4.823122,-2.322989,-2.032278,-2.018717,-1.545474,4.649559,1.709439,-1.806896
982.000000,0.145876,0.118788,0.127528,0.114501,-0.226519,0.165774,0.157481,0.160269,0.150775,-0.292058,0.171994,0.168677,0.155136,0.117291,-0.308609,-1.900660,1.937384,-1.688095,1.699074,-1.692407,1.673517,-1.291838,1.370179,4.885825,-4.823679,-2.323352,-2.032612,-2.019049,-1.545749,4.650081,1.709562,-1.807019
983.000000,0.145885,0.118801,0.127539,0.114510,-0.226530,0.165791,0.157495,0.160281,0.150782,-0.292082,0.172009,0.168686,0.155148,0.117302,-0.308644,-1.900920,1.937644,-1.688327,1.699306,-1.692638,1.673748,-1.292021,1.370362,4.886382,-4.824236,-2.323714,-2.032945,-2.019381,-1.546024,4.650602,1.709686,-1.807142
984.000000,0.145894,0.118815,0.127549,0.114518,-0.226542,0.165808,0.157508,0.160294,0.150790,-0.292107,0.172024,0.168696,0.155161,0.117313,-0.308678,-1.901180,1.937904,-1.688559,1.699538,-1.692868,1.673979,-1.292203,1.370545,4.886938,-4.824793,-2.324076,-2.033279,-2.019713,-1.546299,4.651123,1.709809,-1.807265
985.000000,0.145904,0.118828,0.127560,0.114526,-0.226553,0.165825,0.157521,0.160306,0.150797,-0.292132,0.172039,0.168705,0.155174,0.117323,-0.308712,-1.901440,1.938164,-1.688790,1.699770,-1.693098,1.674209,-1.292385,1.370727,4.887494,-4.825348,-2.324437,-2.033611,-2.020044,-1.546573,4.651643,1.709932,-1.807388
986.000000,0.145913,0.118841,0.127571,0.114534,-0.226564,0.165842,0.157534,0.160318,0.150805,-0.292156,0.172054,0.168715,0.155187,0.117334,-0.308747,-1.901699,1.938424,-1.689021,1.700001,-1.693328,1.674439,-1.292567,1.370910,4.888049,-4.825903,-2.324798,-2.033944,-2.020375,-1.546847,4.652162,1.710055,-1.807510
987.000000,0.145922,0.118854,0.127582,0.114542,-0.226575,0.165858,0.157548,0.160331,0.150812,-0.292181,0.172069,0.168724,0.155199,0.117345,-0.308781,-1.901958,1.938683,-1.689252,1.700232,-1.693557,1.674669,-1.292749,1.371092,4.888603,-4.826457,-2.325159,-2.034276,-2.020705,-1.547121,4.652681,1.710178,-1.807633
988.000000,0.145931,0.118868,0.127592,0.114550,-0.226585,0.165875,0.157561,0.160343,0.150820,-0.292206,0.172084,0.168734,0.155212,0.117355,-0.308816,-1.902217,1.938942,-1.689483,1.700463,-1.693787,1.674899,-1.292930,1.371273,4.889157,-4.827011,-2.325519,-2.034607,-2.021035,-1.547394,4.653199,1.710301,-1.807755
989.000000,0.145941,0.118881,0.127603,0.114558,-0.226596,0.165892,0.157574,0.160355,0.150827,-0.292230,0.172099,0.168743,0.155225,0.117366,-0.308850,-1.902475,1.939201,-1.689713,1.700694,-1.694016,1.675128,-1.293112,1.371455,4.889710,-4.827564,-2.325878,-2.034939,-2.021365,-1.547667,4.653716,1.710423,-1.807877
990.000000,0.145950,0.118894,0.127614,0.114566,-0.226607,0.165909,0.157587,0.160368,0.150835,-0.292255,0.172114,0.168753,0.155237,0.117377,-0.308884,-1.902733,1.939459,-1.689943,1.700925,-1.694244,1.675357,-1.293293,1.371636,4.890262,-4.828116,-2.326237,-2.035269,-2.021694,-1.547940,4.654233,1.710546,-1.807999
991.000000,0.145959,0.118907,0.127624,0.114574,-0.226618,0.165926,0.157600,0.160380,0.150842,-0.292279,0.172129,0.168762,0.155250,0.117387,-0.308918,-1.902991,1.939717,-1.690173,1.701155,-1.694473,1.675586,-1.293474,1.371817,4.890814,-4.828668,-2.326596,-2.035600,-2.022023,-1.548212,4.654749,1.710668,-1.808121
992.000000,0.145968,0.118921,0.127635,0.114582,-0.226629,0.165943,0.157613,0.160392,0.150850,-0.292304,0.172144,0.168771,0.155262,0.117398,-0.308952,-1.903248,1.939975,-1.690402,1.701384,-1.694701,1.675815,-1.293654,1.371998,4.891364,-4.829218,-2.326955,-2.035930,-2.022351,-1.548484,4.655264,1.710790,-1.808242
993.000000,0.145977,0.118934,0.127646,0.114590,-0.226640,0.165959,0.157627,0.160404,0.150857,-0.292328,0.172159,0.168781,0.155275,0.117409,-0.308987,-1.903505,1.940232,-1.690632,1.701614,-1.694929,1.676043,-1.293834,1.372179,4.891915,-4.829769,-2.327312,-2.036259,-2.022679,-1.548756,4.655779,1.710912,-1.808364
994.000000,0.145986,0.118947,0.127656,0.114598,-0.226651,0.165976,0.157640,0.160417,0.150865,-0.292353,0.172174,0.168790,0.155288,0.117419,-0.309021,-1.903762,1.940489,-1.690861,1.701843,-1.695157,1.676271,-1.294015,1.372360,4.892464,-4.830318,-2.327670,-2.036589,-2.023007,-1.549027,4.656293,1.711034,-1.808485
995.000000,0.145996,0.118960,0.127667,0.114606,-0.226662,0.165993,0.157653,0.160429,0.150872,-0.292377,0.172189,0.168800,0.155300,0.117430,-0.309055,-1.904018,1.940746,-1.691089,1.702072,-1.695384,1.676499,-1.294195,1.372540,4.893013,-4.830867,-2.328027,-2.036917,-2.023334,-1.549298,4.656806,1.711156,-1.808606
996.000000,0.146005,0.118973,0.127678,0.114614,-0.226673,0.166010,0.157666,0.160441,0.150880,-0.292401,0.172203,0.168809,0.155313,0.117440,-0.309089,-1.904274,1.941003,-1.691318,1.702301,-1.695611,1.676726,-1.294374,1.372720,4.893561,-4.831415,-2.328383,-2.037246,-2.023661,-1.549569,4.657318,1.711277,-1.808727
997.000000,0.146014,0.118986,0.127688,0.114622,-0.226683,0.166026,0.157679,0.160453,0.150887,-0.292426,0.172218,0.168819,0.155326,0.117451,-0.309123,-1.904530,1.941259,-1.691546,1.702530,-1.695838,1.676953,-1.294554,1.372900,4.894109,-4.831963,-2.328740,-2.037574,-2.023988,-1.549839,4.657830,1.711399,-1.808848
998.000000,0.146023,0.118999,0.127699,0.114630,-0.226694,0.166043,0.157692,0.160465,0.150894,-0.292450,0.172233,0.168828,0.155338,0.117462,-0.309157,-1.904786,1.941515,-1.691774,1.702758,-1.696065,1.677180,-1.294733,1.373080,4.894656,-4.832509,-2.329095,-2.037902,-2.024314,-1.550110,4.658342,1.711520,-1.808969
999.000000,0.146032,0.119012,0.127709,0.114638,-0.226705,0.166060,0.157705,0.160478,0.150902,-0.292474,0.172248,0.168837,0.155351,0.117472,-0.309191,-1.905041,1.941770,-1.692001,1.702986,-1.696291,1.677407,-1.294912,1.373259,4.895202,-4.833056,-2.329451,-2.038229,-2.024640,-1.550379,4.658852,1.711641,-1.809090
1000.000000,0.146041,0.119025,0.127720,0.114645,-0.226716,0.166076,0.157718,0.160490,0.150909,-0.292498,0.172263,0.168847,0.155363,0.117483,-0.309225,-1.905296,1.942026,-1.692229,1.703214,-1.696517,1.677633,-1.295091,1.373438,4.895748,-4.833601,-2.329806,-2.038556,-2.024965,-1.550649,4.659362,1.711762,-1.809210
