epoca,w1_0,w1_1,w1_2,w1_3,w1_4,w1_5,w1_6,w1_7,w1_8,w2_0,w2_1,w2_2,w2_3,w2_4,w2_5,w2_6,w2_7,w2_8,b1_0,b1_1,b1_2,b2_0,b2_1,b2_2
1.000000,0.022696,0.033984,0.051934,0.091505,0.038533,0.024335,0.000105,0.086939,0.018641,-0.090953,0.011725,0.023744,-0.092882,-0.030553,-0.000948,-0.064857,-0.001235,0.010312,-0.001083,0.000722,-0.001167,-0.133149,-0.125698,-0.091740
2.000000,0.042096,0.050974,0.068865,0.113350,0.058192,0.040121,0.022769,0.106972,0.035019,-0.169941,-0.035889,0.000311,-0.180008,-0.077022,-0.029314,-0.135460,-0.041486,-0.021460,0.000793,0.003543,0.000970,-0.205514,-0.210287,-0.152498
3.000000,0.056031,0.062700,0.084312,0.131293,0.073434,0.055472,0.041425,0.122582,0.050956,-0.224754,-0.063539,-0.011625,-0.237622,-0.103868,-0.044032,-0.184950,-0.063419,-0.039700,0.001605,0.004977,0.002562,-0.236602,-0.267038,-0.192687
4.000000,0.062972,0.068266,0.094531,0.142315,0.082311,0.065171,0.053032,0.131837,0.061219,-0.261026,-0.078370,-0.016404,-0.274695,-0.118223,-0.050434,-0.218181,-0.073201,-0.050100,0.000941,0.004869,0.002888,-0.243436,-0.306656,-0.220536
5.000000,0.065395,0.069825,0.100986,0.148894,0.087107,0.070629,0.060118,0.137029,0.067239,-0.285932,-0.085704,-0.016591,-0.299732,-0.125135,-0.051795,-0.241121,-0.075748,-0.055755,-0.000785,0.003678,0.002211,-0.237073,-0.336197,-0.241389
6.000000,0.065088,0.068930,0.105193,0.152996,0.089598,0.073479,0.064689,0.139939,0.070666,-0.304334,-0.088699,-0.013902,-0.318032,-0.127654,-0.050119,-0.258027,-0.073998,-0.058614,-0.003251,0.001740,0.000816,-0.223500,-0.359777,-0.258332
7.000000,0.063078,0.066503,0.108129,0.155799,0.090876,0.074785,0.067947,0.141662,0.072578,-0.319073,-0.089205,-0.009373,-0.332593,-0.127591,-0.046561,-0.271463,-0.069644,-0.059860,-0.006268,-0.000754,-0.001117,-0.205892,-0.379757,-0.273119
8.000000,0.059945,0.063088,0.110391,0.157990,0.091608,0.075184,0.070594,0.142866,0.073622,-0.331762,-0.088324,-0.003598,-0.345092,-0.126039,-0.041765,-0.282916,-0.063671,-0.060193,-0.009735,-0.003697,-0.003482,-0.185969,-0.397503,-0.286756
9.000000,0.056014,0.059010,0.112342,0.159972,0.092208,0.075053,0.073039,0.143965,0.074179,-0.343318,-0.086725,0.003097,-0.356469,-0.123676,-0.036075,-0.293242,-0.056648,-0.060027,-0.013595,-0.007031,-0.006221,-0.164681,-0.413809,-0.299827
10.000000,0.051462,0.054463,0.114207,0.161974,0.092931,0.074609,0.075515,0.145215,0.074471,-0.354259,-0.084822,0.010538,-0.367250,-0.120930,-0.029670,-0.302935,-0.048906,-0.059610,-0.017821,-0.010725,-0.009300,-0.142559,-0.429134,-0.312684
11.000000,0.046372,0.049549,0.116126,0.164117,0.093920,0.073969,0.078146,0.146759,0.074620,-0.364876,-0.082878,0.018637,-0.377730,-0.118074,-0.022634,-0.312277,-0.040627,-0.059096,-0.022402,-0.014762,-0.012703,-0.119899,-0.443747,-0.325540
12.000000,0.040771,0.044309,0.118185,0.166459,0.095247,0.073189,0.080988,0.148665,0.074683,-0.375333,-0.081063,0.027357,-0.388071,-0.115290,-0.015007,-0.321431,-0.031907,-0.058592,-0.027335,-0.019138,-0.016424,-0.096870,-0.457799,-0.338532
13.000000,0.034649,0.038741,0.120440,0.169017,0.096928,0.072285,0.084057,0.150951,0.074680,-0.385723,-0.079499,0.036686,-0.398364,-0.112699,-0.006804,-0.330496,-0.022789,-0.058176,-0.032625,-0.023855,-0.020461,-0.073568,-0.471374,-0.351753
14.000000,0.027978,0.032816,0.122931,0.171787,0.098950,0.071249,0.087348,0.153599,0.074602,-0.396099,-0.078279,0.046637,-0.408662,-0.110384,0.001974,-0.339534,-0.013281,-0.057917,-0.038278,-0.028920,-0.024815,-0.050055,-0.484516,-0.365271
15.000000,0.020713,0.026488,0.125691,0.174759,0.101282,0.070056,0.090846,0.156578,0.074430,-0.406493,-0.077488,0.057235,-0.418999,-0.108410,0.011334,-0.348591,-0.003369,-0.057875,-0.044304,-0.034340,-0.029492,-0.026374,-0.497245,-0.379139
16.000000,0.012800,0.019704,0.128751,0.177916,0.103889,0.068674,0.094534,0.159849,0.074133,-0.416926,-0.077208,0.068521,-0.429402,-0.106831,0.021291,-0.357706,0.006978,-0.058111,-0.050714,-0.040125,-0.034496,-0.002564,-0.509564,-0.393400
17.000000,0.004176,0.012407,0.132149,0.181244,0.106736,0.067064,0.098393,0.163374,0.073675,-0.427413,-0.077534,0.080555,-0.439895,-0.105700,0.031874,-0.366920,0.017806,-0.058687,-0.057518,-0.046287,-0.039836,0.021335,-0.521465,-0.408093
18.000000,-0.005236,0.004539,0.135926,0.184731,0.109793,0.065180,0.102408,0.167121,0.073016,-0.437958,-0.078573,0.093415,-0.450499,-0.105072,0.043120,-0.376277,0.029174,-0.059666,-0.064730,-0.052838,-0.045520,0.045280,-0.532927,-0.423251
19.000000,-0.015533,-0.003960,0.140136,0.188366,0.113037,0.062972,0.106562,0.171064,0.072109,-0.448560,-0.080463,0.107204,-0.461239,-0.105009,0.055086,-0.385830,0.041157,-0.061119,-0.072362,-0.059790,-0.051559,0.069216,-0.543920,-0.438908
20.000000,-0.026839,-0.013152,0.144841,0.192140,0.116453,0.060383,0.110842,0.175184,0.070904,-0.459203,-0.083375,0.122054,-0.472142,-0.105584,0.067842,-0.395644,0.053849,-0.063120,-0.080429,-0.067157,-0.057966,0.093075,-0.554400,-0.455094
21.000000,-0.039319,-0.023107,0.150117,0.196043,0.120031,0.057349,0.115230,0.179469,0.069344,-0.469855,-0.087542,0.138140,-0.483238,-0.106884,0.081481,-0.405806,0.067364,-0.065753,-0.088945,-0.074952,-0.064756,0.116770,-0.564306,-0.471839
22.000000,-0.053203,-0.033898,0.156057,0.200067,0.123770,0.053798,0.119707,0.183912,0.067366,-0.480452,-0.093275,0.155691,-0.494566,-0.109012,0.096118,-0.416428,0.081844,-0.069106,-0.097925,-0.083191,-0.071948,0.140183,-0.573557,-0.489171
23.000000,-0.068824,-0.045608,0.162774,0.204200,0.127677,0.049654,0.124247,0.188516,0.064905,-0.490878,-0.101017,0.175018,-0.506178,-0.112086,0.111901,-0.427668,0.097465,-0.073279,-0.107384,-0.091890,-0.079565,0.163148,-0.582045,-0.507116
24.000000,-0.086677,-0.058323,0.170405,0.208435,0.131771,0.044840,0.128818,0.193296,0.061896,-0.500931,-0.111417,0.196552,-0.518151,-0.116246,0.129017,-0.439749,0.114443,-0.078369,-0.117333,-0.101063,-0.087633,0.185431,-0.589624,-0.525689
25.000000,-0.107525,-0.072115,0.179119,0.212777,0.136094,0.039293,0.133389,0.198287,0.058293,-0.510247,-0.125452,0.220905,-0.530610,-0.121637,0.147703,-0.452997,0.133046,-0.084460,-0.127778,-0.110729,-0.096183,0.206688,-0.596095,-0.544885
26.000000,-0.132557,-0.087013,0.189123,0.217291,0.140723,0.032998,0.137965,0.203565,0.054098,-0.518169,-0.144621,0.248946,-0.543763,-0.128396,0.168263,-0.467900,0.153594,-0.091588,-0.138706,-0.120901,-0.105249,0.226405,-0.601195,-0.564652
27.000000,-0.163519,-0.102945,0.200652,0.222246,0.145783,0.026033,0.142719,0.209256,0.049406,-0.523546,-0.171124,0.281849,-0.557935,-0.136614,0.191082,-0.485150,0.176446,-0.099675,-0.150061,-0.131593,-0.114868,0.243859,-0.604588,-0.584843
28.000000,-0.202329,-0.119773,0.213905,0.228438,0.151397,0.018566,0.148339,0.215487,0.044402,-0.524693,-0.207533,0.320865,-0.573471,-0.146319,0.216580,-0.505530,0.201941,-0.108497,-0.161677,-0.142831,-0.125080,0.258233,-0.605914,-0.605195
29.000000,-0.249379,-0.137664,0.228857,0.237307,0.157439,0.010632,0.156234,0.222122,0.039132,-0.520310,-0.254951,0.366519,-0.590227,-0.157585,0.245015,-0.529322,0.230332,-0.117901,-0.173240,-0.154677,-0.135961,0.269225,-0.604881,-0.625503
30.000000,-0.302347,-0.157544,0.245218,0.249822,0.163377,0.001924,0.167476,0.228594,0.033295,-0.511076,-0.311179,0.417990,-0.607031,-0.170864,0.276321,-0.555831,0.261818,-0.128206,-0.184426,-0.167246,-0.147636,0.277549,-0.601297,-0.645983
31.000000,-0.358227,-0.180713,0.262842,0.265364,0.168813,-0.007757,0.181558,0.234448,0.026709,-0.499092,-0.372504,0.473791,-0.622221,-0.187335,0.310503,-0.584243,0.296551,-0.139982,-0.195106,-0.180613,-0.160209,0.284050,-0.595044,-0.667137
32.000000,-0.414930,-0.208368,0.281874,0.282511,0.173915,-0.018100,0.197103,0.239771,0.019695,-0.486205,-0.436036,0.532557,-0.634308,-0.208836,0.347943,-0.614471,0.334502,-0.153476,-0.205332,-0.194731,-0.173711,0.288814,-0.586164,-0.689259
33.000000,-0.471054,-0.241540,0.302420,0.300067,0.179306,-0.028490,0.212942,0.245074,0.012873,-0.473572,-0.499926,0.593135,-0.642025,-0.237259,0.389056,-0.646892,0.375354,-0.168509,-0.215194,-0.209430,-0.188130,0.291417,-0.574930,-0.712287
34.000000,-0.525590,-0.280636,0.324232,0.317286,0.185861,-0.038375,0.228369,0.251133,0.006782,-0.461827,-0.562978,0.654495,-0.644571,-0.273436,0.433687,-0.681651,0.418495,-0.184717,-0.224773,-0.224431,-0.203466,0.291638,-0.561858,-0.735994
35.000000,-0.577869,-0.324691,0.346659,0.333751,0.194300,-0.047557,0.243018,0.258669,0.001598,-0.451216,-0.624409,0.715686,-0.642298,-0.316155,0.480822,-0.718122,0.463157,-0.201918,-0.234128,-0.239408,-0.219758,0.290033,-0.547606,-0.760299
36.000000,-0.627503,-0.371619,0.368934,0.349253,0.204675,-0.056081,0.256736,0.267856,-0.002747,-0.441752,-0.683725,0.775883,-0.636693,-0.362803,0.529083,-0.755109,0.508607,-0.220180,-0.243295,-0.254105,-0.237061,0.287768,-0.532809,-0.785358
37.000000,-0.674253,-0.419333,0.390477,0.363727,0.216413,-0.063923,0.269513,0.278269,-0.006258,-0.433372,-0.740634,0.834450,-0.629410,-0.410968,0.577369,-0.791540,0.554206,-0.239539,-0.252288,-0.268394,-0.255399,0.285934,-0.518016,-0.811353
38.000000,-0.717974,-0.466354,0.410904,0.377191,0.228784,-0.070949,0.281411,0.289297,-0.008833,-0.426011,-0.795009,0.890963,-0.621626,-0.459106,0.624988,-0.826780,0.599381,-0.259831,-0.261103,-0.282239,-0.274759,0.285206,-0.503714,-0.838302
39.000000,-0.758629,-0.511755,0.429919,0.389695,0.241225,-0.077022,0.292513,0.300458,-0.010367,-0.419603,-0.846845,0.945182,-0.614024,-0.506368,0.671537,-0.860554,0.643631,-0.280735,-0.269732,-0.295640,-0.295110,0.285908,-0.490327,-0.866065
40.000000,-0.796271,-0.555003,0.447277,0.401293,0.253378,-0.082052,0.302896,0.311452,-0.010805,-0.414063,-0.896215,0.997007,-0.606958,-0.552316,0.716787,-0.892806,0.686558,-0.301859,-0.278164,-0.308610,-0.316417,0.288154,-0.478188,-0.894416
41.000000,-0.831028,-0.595825,0.462786,0.412040,0.265040,-0.085999,0.312630,0.322116,-0.010141,-0.409289,-0.943242,1.046437,-0.600577,-0.596740,0.760616,-0.923600,0.727874,-0.322819,-0.286396,-0.321170,-0.338645,0.291956,-0.467522,-0.923109
42.000000,-0.863069,-0.634128,0.476310,0.421985,0.276105,-0.088857,0.321773,0.332371,-0.008402,-0.405165,-0.988071,1.093534,-0.594909,-0.639559,0.802971,-0.953068,0.767410,-0.343265,-0.294427,-0.333344,-0.361765,0.297271,-0.458452,-0.951921
43.000000,-0.892588,-0.669932,0.487771,0.431177,0.286523,-0.090650,0.330379,0.342187,-0.005636,-0.401568,-1.030855,1.138400,-0.589915,-0.680764,0.843849,-0.981379,0.805091,-0.362908,-0.302264,-0.345160,-0.385746,0.304034,-0.451014,-0.980663
44.000000,-0.919785,-0.703327,0.497140,0.439662,0.296282,-0.091412,0.338494,0.351562,-0.001903,-0.398375,-1.071748,1.181161,-0.585519,-0.720395,0.883281,-1.008717,0.840921,-0.381511,-0.309916,-0.356647,-0.410564,0.312172,-0.445179,-1.009192
45.000000,-0.944857,-0.734447,0.504428,0.447486,0.305388,-0.091193,0.346161,0.360510,0.002732,-0.395465,-1.110898,1.221955,-0.581624,-0.758512,0.921317,-1.035273,0.874963,-0.398895,-0.317394,-0.367835,-0.436199,0.321610,-0.440870,-1.037402
46.000000,-0.967993,-0.763442,0.509681,0.454689,0.313860,-0.090048,0.353418,0.369051,0.008203,-0.392724,-1.148445,1.260921,-0.578126,-0.795193,0.958024,-1.061237,0.907318,-0.414926,-0.324711,-0.378753,-0.462634,0.332275,-0.437985,-1.065224
47.000000,-0.989368,-0.790471,0.512965,0.461313,0.321724,-0.088039,0.360300,0.377211,0.014441,-0.390049,-1.184521,1.298194,-0.574924,-0.830521,0.993473,-1.086791,0.938116,-0.429511,-0.331881,-0.389430,-0.489854,0.344096,-0.436400,-1.092619
48.000000,-1.009143,-0.815689,0.514368,0.467395,0.329008,-0.085232,0.366838,0.385015,0.021379,-0.387346,-1.219245,1.333902,-0.571920,-0.864578,1.027737,-1.112106,0.967499,-0.442589,-0.338918,-0.399891,-0.517852,0.357005,-0.435988,-1.119573
49.000000,-1.027465,-0.839244,0.513989,0.472973,0.335744,-0.081695,0.373059,0.392490,0.028954,-0.384532,-1.252726,1.368162,-0.569027,-0.897446,1.060886,-1.137344,0.995616,-0.454127,-0.345837,-0.410161,-0.546621,0.370936,-0.436621,-1.146090
50.000000,-1.044467,-0.861277,0.511936,0.478079,0.341962,-0.077498,0.378989,0.399660,0.037103,-0.381537,-1.285063,1.401080,-0.566165,-0.929203,1.092988,-1.162652,1.022616,-0.464115,-0.352649,-0.420262,-0.576157,0.385824,-0.438175,-1.172189
51.000000,-1.060266,-0.881915,0.508328,0.482745,0.347691,-0.072712,0.384650,0.406547,0.045765,-0.378301,-1.316344,1.432752,-0.563267,-0.959922,1.124103,-1.188163,1.048646,-0.472560,-0.359366,-0.430214,-0.606456,0.401604,-0.440531,-1.197903
52.000000,-1.074970,-0.901274,0.503283,0.487001,0.352962,-0.067406,0.390061,0.413172,0.054885,-0.374780,-1.346650,1.463257,-0.560279,-0.989669,1.154283,-1.213995,1.073846,-0.479488,-0.366000,-0.440034,-0.637517,0.418211,-0.443580,-1.223271
53.000000,-1.088671,-0.919459,0.496927,0.490875,0.357802,-0.061649,0.395242,0.419554,0.064410,-0.370937,-1.376049,1.492667,-0.557156,-1.018505,1.183576,-1.240253,1.098348,-0.484932,-0.372559,-0.449736,-0.669338,0.435579,-0.447222,-1.248337
54.000000,-1.101453,-0.936565,0.489385,0.494393,0.362236,-0.055505,0.400208,0.425711,0.074291,-0.366750,-1.404605,1.521043,-0.553866,-1.046486,1.212021,-1.267025,1.122274,-0.488941,-0.379052,-0.459335,-0.701912,0.453639,-0.451366,-1.273147
55.000000,-1.113390,-0.952676,0.480783,0.497580,0.366290,-0.049037,0.404974,0.431658,0.084481,-0.362204,-1.432372,1.548434,-0.550386,-1.073663,1.239651,-1.294385,1.145737,-0.491571,-0.385485,-0.468841,-0.735233,0.472324,-0.455931,-1.297750
56.000000,-1.124548,-0.967866,0.471244,0.500459,0.369988,-0.042303,0.409556,0.437411,0.094937,-0.357295,-1.459400,1.574884,-0.546703,-1.100079,1.266493,-1.322392,1.168837,-0.492883,-0.391864,-0.478263,-0.769290,0.491567,-0.460845,-1.322192
57.000000,-1.134984,-0.982205,0.460890,0.503052,0.373352,-0.035356,0.413965,0.442983,0.105619,-0.352026,-1.485732,1.600430,-0.542811,-1.125776,1.292573,-1.351092,1.191666,-0.492945,-0.398192,-0.487608,-0.804067,0.511298,-0.466045,-1.346515
58.000000,-1.144751,-0.995749,0.449840,0.505379,0.376403,-0.028247,0.418213,0.448387,0.116487,-0.346406,-1.511407,1.625103,-0.538714,-1.150791,1.317909,-1.380515,1.214302,-0.491831,-0.404472,-0.496882,-0.839544,0.531452,-0.471479,-1.370757
59.000000,-1.153892,-1.008554,0.438208,0.507461,0.379161,-0.021023,0.422312,0.453634,0.127502,-0.340452,-1.536459,1.648929,-0.534418,-1.175155,1.342520,-1.410678,1.236814,-0.489614,-0.410706,-0.506090,-0.875698,0.551965,-0.477101,-1.394951
60.000000,-1.162449,-1.020666,0.426104,0.509316,0.381645,-0.013727,0.426273,0.458735,0.138626,-0.334181,-1.560919,1.671934,-0.529936,-1.198900,1.366421,-1.441588,1.259261,-0.486371,-0.416893,-0.515235,-0.912498,0.572777,-0.482872,-1.419125
61.000000,-1.170458,-1.032127,0.413632,0.510960,0.383874,-0.006398,0.430103,0.463700,0.149824,-0.327617,-1.584814,1.694139,-0.525284,-1.222052,1.389627,-1.473239,1.281693,-0.482178,-0.423033,-0.524317,-0.949911,0.593830,-0.488763,-1.443299
62.000000,-1.177952,-1.042975,0.400890,0.512411,0.385863,0.000926,0.433813,0.468537,0.161058,-0.320784,-1.608168,1.715567,-0.520481,-1.244636,1.412154,-1.505616,1.304149,-0.477108,-0.429125,-0.533340,-0.987900,0.615072,-0.494750,-1.467487
63.000000,-1.184960,-1.053245,0.387973,0.513682,0.387628,0.008213,0.437409,0.473256,0.172293,-0.313708,-1.631004,1.736238,-0.515545,-1.266675,1.434016,-1.538697,1.326661,-0.471235,-0.435167,-0.542303,-1.026422,0.636454,-0.500813,-1.491699
64.000000,-1.191509,-1.062967,0.374966,0.514787,0.389185,0.015432,0.440899,0.477864,0.183495,-0.306416,-1.653342,1.756173,-0.510497,-1.288188,1.455230,-1.572449,1.349254,-0.464629,-0.441156,-0.551206,-1.065434,0.657934,-0.506940,-1.515937
65.000000,-1.197623,-1.072170,0.361948,0.515741,0.390547,0.022559,0.444289,0.482368,0.194631,-0.298932,-1.675201,1.775393,-0.505357,-1.309195,1.475811,-1.606836,1.371944,-0.457354,-0.447089,-0.560048,-1.104890,0.679474,-0.513121,-1.540199
66.000000,-1.203324,-1.080879,0.348991,0.516553,0.391727,0.029570,0.447585,0.486774,0.205671,-0.291282,-1.696597,1.793921,-0.500146,-1.329714,1.495777,-1.641817,1.394745,-0.449474,-0.452965,-0.568830,-1.144742,0.701041,-0.519352,-1.564480
67.000000,-1.208634,-1.089119,0.336161,0.517236,0.392738,0.036448,0.450791,0.491087,0.216586,-0.283490,-1.717547,1.811777,-0.494882,-1.349763,1.515146,-1.677345,1.417662,-0.441046,-0.458779,-0.577550,-1.184941,0.722608,-0.525632,-1.588769
68.000000,-1.213571,-1.096911,0.323515,0.517799,0.393589,0.043176,0.453912,0.495314,0.227350,-0.275580,-1.738066,1.828984,-0.489582,-1.369356,1.533937,-1.713371,1.440695,-0.432123,-0.464530,-0.586207,-1.225440,0.744149,-0.531959,-1.613054
69.000000,-1.218155,-1.104276,0.311102,0.518252,0.394292,0.049744,0.456952,0.499457,0.237940,-0.267571,-1.758167,1.845566,-0.484264,-1.388509,1.552170,-1.749845,1.463844,-0.422754,-0.470214,-0.594802,-1.266190,0.765645,-0.538337,-1.637322
70.000000,-1.222402,-1.111234,0.298965,0.518602,0.394856,0.056144,0.459913,0.503521,0.248333,-0.259485,-1.777865,1.861544,-0.478943,-1.407236,1.569864,-1.786715,1.487102,-0.412985,-0.475829,-0.603332,-1.307144,0.787080,-0.544769,-1.661556
71.000000,-1.226329,-1.117802,0.287142,0.518858,0.395291,0.062371,0.462798,0.507510,0.258511,-0.251338,-1.797171,1.876943,-0.473631,-1.425552,1.587039,-1.823929,1.510460,-0.402856,-0.481373,-0.611798,-1.348256,0.808438,-0.551259,-1.685740
72.000000,-1.229951,-1.123999,0.275660,0.519025,0.395604,0.068422,0.465610,0.511426,0.268455,-0.243148,-1.816097,1.891785,-0.468342,-1.443469,1.603716,-1.861435,1.533908,-0.392405,-0.486843,-0.620200,-1.389482,0.829709,-0.557813,-1.709857
73.000000,-1.233284,-1.129840,0.264547,0.519112,0.395803,0.074298,0.468351,0.515273,0.278149,-0.234930,-1.834656,1.906093,-0.463085,-1.461000,1.619914,-1.899182,1.557434,-0.381666,-0.492239,-0.628536,-1.430779,0.850881,-0.564434,-1.733892
74.000000,-1.236341,-1.135342,0.253821,0.519122,0.395895,0.080003,0.471022,0.519052,0.287577,-0.226698,-1.852857,1.919888,-0.457872,-1.478157,1.635652,-1.937120,1.581025,-0.370670,-0.497559,-0.636807,-1.472107,0.871945,-0.571126,-1.757827
75.000000,-1.239136,-1.140519,0.243500,0.519063,0.395888,0.085539,0.473624,0.522765,0.296724,-0.218464,-1.870713,1.933193,-0.452711,-1.494952,1.650951,-1.975203,1.604666,-0.359445,-0.502802,-0.645013,-1.513429,0.892895,-0.577894,-1.781649
76.000000,-1.241683,-1.145386,0.233596,0.518938,0.395787,0.090913,0.476160,0.526415,0.305578,-0.210241,-1.888231,1.946029,-0.447610,-1.511396,1.665828,-2.013383,1.628343,-0.348017,-0.507968,-0.653155,-1.554708,0.913722,-0.584740,-1.805342
77.000000,-1.243993,-1.149957,0.224119,0.518753,0.395599,0.096132,0.478630,0.530003,0.314125,-0.202040,-1.905423,1.958415,-0.442575,-1.527500,1.680302,-2.051618,1.652042,-0.336408,-0.513055,-0.661232,-1.595910,0.934419,-0.591667,-1.828894
78.000000,-1.246080,-1.154245,0.215077,0.518511,0.395328,0.101204,0.481036,0.533529,0.322353,-0.193869,-1.922298,1.970372,-0.437613,-1.543275,1.694391,-2.089867,1.675748,-0.324642,-0.518065,-0.669246,-1.637005,0.954981,-0.598675,-1.852294
79.000000,-1.247954,-1.158262,0.206475,0.518217,0.394981,0.106138,0.483378,0.536997,0.330250,-0.185739,-1.938864,1.981919,-0.432729,-1.558730,1.708110,-2.128091,1.699447,-0.312735,-0.522996,-0.677196,-1.677964,0.975401,-0.605765,-1.875529
80.000000,-1.249626,-1.162021,0.198317,0.517874,0.394563,0.110941,0.485656,0.540406,0.337807,-0.177658,-1.955129,1.993073,-0.427929,-1.573874,1.721477,-2.166255,1.723124,-0.300707,-0.527851,-0.685085,-1.718760,0.995672,-0.612937,-1.898591
81.000000,-1.251108,-1.165533,0.190606,0.517486,0.394077,0.115622,0.487873,0.543757,0.345014,-0.169634,-1.971102,2.003853,-0.423216,-1.588718,1.734507,-2.204325,1.746768,-0.288574,-0.532629,-0.692912,-1.759368,1.015791,-0.620191,-1.921472
82.000000,-1.252409,-1.168810,0.183341,0.517056,0.393529,0.120189,0.490029,0.547051,0.351865,-0.161673,-1.986791,2.014275,-0.418595,-1.603270,1.747213,-2.242270,1.770364,-0.276348,-0.537331,-0.700680,-1.799766,1.035750,-0.627523,-1.944163
83.000000,-1.253539,-1.171862,0.176520,0.516587,0.392923,0.124650,0.492123,0.550290,0.358354,-0.153783,-2.002202,2.024354,-0.414069,-1.617537,1.759612,-2.280064,1.793902,-0.264045,-0.541959,-0.708388,-1.839933,1.055545,-0.634933,-1.966659
84.000000,-1.254508,-1.174700,0.170140,0.516083,0.392263,0.129013,0.494158,0.553473,0.364478,-0.145970,-2.017344,2.034107,-0.409641,-1.631529,1.771715,-2.317679,1.817369,-0.251675,-0.546513,-0.716039,-1.879852,1.075171,-0.642418,-1.988954
85.000000,-1.255324,-1.177333,0.164194,0.515547,0.391553,0.133283,0.496133,0.556602,0.370237,-0.138239,-2.032222,2.043548,-0.405313,-1.645254,1.783536,-2.355094,1.840756,-0.239249,-0.550996,-0.723634,-1.919506,1.094624,-0.649975,-2.011044
86.000000,-1.255997,-1.179772,0.158677,0.514980,0.390797,0.137466,0.498050,0.559676,0.375632,-0.130595,-2.046844,2.052691,-0.401089,-1.658717,1.795086,-2.392287,1.864053,-0.226777,-0.555409,-0.731173,-1.958879,1.113898,-0.657599,-2.032926
87.000000,-1.256533,-1.182025,0.153578,0.514387,0.389999,0.141566,0.499908,0.562697,0.380668,-0.123044,-2.061215,2.061548,-0.396969,-1.671928,1.806378,-2.429240,1.887250,-0.214268,-0.559753,-0.738658,-1.997958,1.132990,-0.665289,-2.054595
88.000000,-1.256942,-1.184102,0.148886,0.513770,0.389161,0.145589,0.501709,0.565664,0.385352,-0.115589,-2.075342,2.070133,-0.392956,-1.684892,1.817422,-2.465936,1.910339,-0.201729,-0.564030,-0.746091,-2.036731,1.151897,-0.673039,-2.076051
89.000000,-1.257230,-1.186010,0.144587,0.513131,0.388288,0.149537,0.503452,0.568579,0.389692,-0.108235,-2.089230,2.078458,-0.389051,-1.697617,1.828229,-2.502360,1.933313,-0.189167,-0.568243,-0.753472,-2.075188,1.170615,-0.680846,-2.097291
90.000000,-1.257405,-1.187757,0.140667,0.512473,0.387383,0.153413,0.505138,0.571441,0.393700,-0.100985,-2.102886,2.086533,-0.385255,-1.710108,1.838808,-2.538500,1.956164,-0.176588,-0.572393,-0.760804,-2.113320,1.189140,-0.688706,-2.118315
91.000000,-1.257473,-1.189353,0.137111,0.511799,0.386449,0.157219,0.506767,0.574251,0.397388,-0.093843,-2.116314,2.094371,-0.381569,-1.722372,1.849169,-2.574344,1.978886,-0.163999,-0.576483,-0.768087,-2.151118,1.207471,-0.696613,-2.139122
92.000000,-1.257441,-1.190803,0.133901,0.511111,0.385489,0.160957,0.508341,0.577010,0.400770,-0.086810,-2.129520,2.101980,-0.377993,-1.734415,1.859321,-2.609881,2.001474,-0.151403,-0.580513,-0.775322,-2.188575,1.225604,-0.704563,-2.159712
93.000000,-1.257316,-1.192116,0.131018,0.510412,0.384506,0.164628,0.509858,0.579716,0.403862,-0.079889,-2.142510,2.109372,-0.374528,-1.746242,1.869272,-2.645104,2.023921,-0.138806,-0.584487,-0.782511,-2.225685,1.243538,-0.712552,-2.180085
94.000000,-1.257103,-1.193298,0.128444,0.509703,0.383503,0.168234,0.511320,0.582372,0.406680,-0.073083,-2.155287,2.116555,-0.371173,-1.757860,1.879030,-2.680005,2.046224,-0.126212,-0.588405,-0.789656,-2.262443,1.261271,-0.720574,-2.200242
95.000000,-1.256807,-1.194356,0.126161,0.508989,0.382482,0.171775,0.512727,0.584977,0.409240,-0.066393,-2.167858,2.123539,-0.367928,-1.769274,1.888602,-2.714578,2.068377,-0.113624,-0.592271,-0.796757,-2.298844,1.278800,-0.728624,-2.220185
96.000000,-1.256435,-1.195296,0.124149,0.508270,0.381447,0.175254,0.514079,0.587532,0.411559,-0.059820,-2.180226,2.130331,-0.364793,-1.780489,1.897997,-2.748818,2.090378,-0.101046,-0.596086,-0.803815,-2.334885,1.296125,-0.736697,-2.239913
97.000000,-1.255991,-1.196125,0.122388,0.507549,0.380399,0.178671,0.515377,0.590036,0.413653,-0.053364,-2.192397,2.136940,-0.361767,-1.791511,1.907220,-2.782719,2.112224,-0.088480,-0.599852,-0.810831,-2.370563,1.313244,-0.744789,-2.259430
98.000000,-1.255481,-1.196848,0.120862,0.506828,0.379341,0.182027,0.516621,0.592491,0.415537,-0.047028,-2.204375,2.143374,-0.358848,-1.802343,1.916278,-2.816279,2.133910,-0.075929,-0.603571,-0.817807,-2.405875,1.330157,-0.752894,-2.278736
99.000000,-1.254909,-1.197470,0.119551,0.506110,0.378276,0.185323,0.517812,0.594896,0.417229,-0.040810,-2.216165,2.149639,-0.356036,-1.812992,1.925176,-2.849495,2.155435,-0.063397,-0.607244,-0.824743,-2.440819,1.346863,-0.761006,-2.297834
100.000000,-1.254279,-1.197998,0.118439,0.505396,0.377205,0.188560,0.518951,0.597253,0.418742,-0.034710,-2.227771,2.155743,-0.353329,-1.823463,1.933922,-2.882364,2.176798,-0.050884,-0.610874,-0.831641,-2.475395,1.363361,-0.769122,-2.316725
101.000000,-1.253595,-1.198436,0.117508,0.504689,0.376131,0.191740,0.520037,0.599561,0.420092,-0.028730,-2.239197,2.161691,-0.350725,-1.833759,1.942520,-2.914886,2.197995,-0.038394,-0.614463,-0.838501,-2.509600,1.379652,-0.777236,-2.335413
102.000000,-1.252863,-1.198789,0.116744,0.503990,0.375055,0.194864,0.521072,0.601821,0.421291,-0.022866,-2.250447,2.167491,-0.348223,-1.843885,1.950975,-2.947058,2.219025,-0.025929,-0.618011,-0.845324,-2.543436,1.395736,-0.785344,-2.353899
103.000000,-1.252084,-1.199061,0.116130,0.503301,0.373980,0.197932,0.522056,0.604034,0.422354,-0.017120,-2.261527,2.173148,-0.345821,-1.853846,1.959292,-2.978880,2.239888,-0.013490,-0.621520,-0.852111,-2.576901,1.411612,-0.793441,-2.372186
104.000000,-1.251264,-1.199258,0.115654,0.502624,0.372907,0.200945,0.522991,0.606199,0.423291,-0.011490,-2.272439,2.178667,-0.343517,-1.863647,1.967476,-3.010353,2.260582,-0.001079,-0.624993,-0.858862,-2.609996,1.427283,-0.801522,-2.390277
105.000000,-1.250404,-1.199383,0.115303,0.501960,0.371838,0.203905,0.523875,0.608318,0.424116,-0.005974,-2.283188,2.184053,-0.341308,-1.873290,1.975531,-3.041476,2.281107,0.011303,-0.628430,-0.865579,-2.642722,1.442747,-0.809584,-2.408175
106.000000,-1.249509,-1.199440,0.115065,0.501311,0.370774,0.206811,0.524712,0.610391,0.424838,-0.000572,-2.293778,2.189313,-0.339193,-1.882782,1.983462,-3.072250,2.301463,0.023652,-0.631833,-0.872262,-2.675080,1.458007,-0.817622,-2.425881
107.000000,-1.248582,-1.199433,0.114928,0.500678,0.369716,0.209664,0.525500,0.612418,0.425468,0.004718,-2.304212,2.194449,-0.337169,-1.892124,1.991271,-3.102677,2.321649,0.035969,-0.635202,-0.878911,-2.707071,1.473063,-0.825633,-2.443400
108.000000,-1.247625,-1.199366,0.114882,0.500063,0.368667,0.212465,0.526241,0.614400,0.426015,0.009898,-2.314494,2.199468,-0.335234,-1.901322,1.998964,-3.132757,2.341665,0.048252,-0.638540,-0.885527,-2.738697,1.487916,-0.833614,-2.460733
109.000000,-1.246641,-1.199242,0.114919,0.499466,0.367627,0.215214,0.526937,0.616338,0.426489,0.014970,-2.324628,2.204372,-0.333386,-1.910380,2.006544,-3.162493,2.361511,0.060499,-0.641848,-0.892111,-2.769960,1.502569,-0.841560,-2.477884
110.000000,-1.245633,-1.199065,0.115029,0.498889,0.366597,0.217910,0.527586,0.618232,0.426897,0.019935,-2.334618,2.209167,-0.331622,-1.919300,2.014013,-3.191886,2.381187,0.072709,-0.645126,-0.898663,-2.800863,1.517023,-0.849469,-2.494855
111.000000,-1.244603,-1.198837,0.115205,0.498333,0.365579,0.220555,0.528191,0.620083,0.427248,0.024795,-2.344466,2.213856,-0.329941,-1.928086,2.021375,-3.220938,2.400695,0.084881,-0.648375,-0.905184,-2.831407,1.531280,-0.857339,-2.511650
112.000000,-1.243553,-1.198561,0.115440,0.497799,0.364573,0.223147,0.528752,0.621890,0.427549,0.029552,-2.354177,2.218442,-0.328339,-1.936743,2.028634,-3.249652,2.420034,0.097014,-0.651597,-0.911674,-2.861595,1.545341,-0.865166,-2.528271
113.000000,-1.242485,-1.198240,0.115727,0.497287,0.363580,0.225688,0.529270,0.623656,0.427806,0.034209,-2.363753,2.222929,-0.326815,-1.945273,2.035792,-3.278030,2.439205,0.109107,-0.654793,-0.918133,-2.891431,1.559209,-0.872948,-2.544721
114.000000,-1.241402,-1.197878,0.116060,0.496799,0.362601,0.228177,0.529746,0.625380,0.428026,0.038767,-2.373199,2.227320,-0.325366,-1.953679,2.042853,-3.306075,2.458209,0.121158,-0.657963,-0.924562,-2.920918,1.572885,-0.880683,-2.561003
115.000000,-1.240305,-1.197475,0.116434,0.496335,0.361638,0.230614,0.530180,0.627063,0.428213,0.043228,-2.382516,2.231619,-0.323991,-1.961965,2.049818,-3.333791,2.477047,0.133168,-0.661108,-0.930961,-2.950058,1.586373,-0.888369,-2.577120
116.000000,-1.239196,-1.197036,0.116844,0.495895,0.360689,0.233000,0.530574,0.628705,0.428374,0.047594,-2.391708,2.235829,-0.322686,-1.970134,2.056690,-3.361180,2.495720,0.145134,-0.664229,-0.937331,-2.978855,1.599674,-0.896004,-2.593074
117.000000,-1.238077,-1.196561,0.117285,0.495480,0.359757,0.235335,0.530928,0.630308,0.428513,0.051867,-2.400778,2.239952,-0.321449,-1.978189,2.063472,-3.388245,2.514229,0.157057,-0.667326,-0.943671,-3.007313,1.612790,-0.903587,-2.608869
118.000000,-1.236950,-1.196054,0.117753,0.495091,0.358842,0.237619,0.531243,0.631871,0.428634,0.056050,-2.409729,2.243991,-0.320279,-1.986132,2.070167,-3.414990,2.532574,0.168935,-0.670401,-0.949983,-3.035435,1.625725,-0.911117,-2.624506
119.000000,-1.235815,-1.195515,0.118244,0.494727,0.357944,0.239854,0.531519,0.633395,0.428741,0.060144,-2.418564,2.247949,-0.319174,-1.993968,2.076776,-3.441418,2.550758,0.180767,-0.673453,-0.956266,-3.063226,1.638480,-0.918591,-2.639990
120.000000,-1.234675,-1.194948,0.118755,0.494390,0.357063,0.242039,0.531759,0.634882,0.428837,0.064152,-2.427286,2.251829,-0.318131,-2.001697,2.083302,-3.467533,2.568781,0.192554,-0.676484,-0.962521,-3.090689,1.651059,-0.926009,-2.655322
121.000000,-1.233530,-1.194354,0.119283,0.494080,0.356201,0.244175,0.531962,0.636330,0.428925,0.068075,-2.435896,2.255632,-0.317148,-2.009323,2.089747,-3.493338,2.586645,0.204294,-0.679494,-0.968747,-3.117829,1.663464,-0.933370,-2.670505
122.000000,-1.232382,-1.193735,0.119824,0.493796,0.355356,0.246263,0.532129,0.637742,0.429008,0.071916,-2.444399,2.259361,-0.316223,-2.016849,2.096113,-3.518838,2.604351,0.215987,-0.682483,-0.974946,-3.144648,1.675697,-0.940673,-2.685541
123.000000,-1.231233,-1.193092,0.120376,0.493539,0.354531,0.248305,0.532262,0.639117,0.429088,0.075676,-2.452795,2.263018,-0.315355,-2.024277,2.102401,-3.544035,2.621900,0.227632,-0.685452,-0.981117,-3.171153,1.687762,-0.947918,-2.700434
124.000000,-1.230082,-1.192427,0.120937,0.493310,0.353725,0.250301,0.532360,0.640456,0.429166,0.079358,-2.461088,2.266606,-0.314541,-2.031609,2.108615,-3.568934,2.639294,0.239229,-0.688401,-0.987260,-3.197346,1.699661,-0.955104,-2.715185
125.000000,-1.228932,-1.191742,0.121503,0.493107,0.352937,0.252252,0.532425,0.641760,0.429246,0.082963,-2.469281,2.270126,-0.313780,-2.038848,2.114755,-3.593539,2.656534,0.250778,-0.691331,-0.993376,-3.223233,1.711396,-0.962231,-2.729797
126.000000,-1.227783,-1.191038,0.122074,0.492931,0.352169,0.254160,0.532458,0.643029,0.429327,0.086493,-2.477375,2.273580,-0.313070,-2.045995,2.120824,-3.617853,2.673622,0.262277,-0.694241,-0.999465,-3.248816,1.722970,-0.969298,-2.744272
127.000000,-1.226636,-1.190316,0.122648,0.492783,0.351421,0.256025,0.532458,0.644264,0.429411,0.089951,-2.485372,2.276971,-0.312409,-2.053054,2.126822,-3.641880,2.690559,0.273727,-0.697133,-1.005527,-3.274102,1.734387,-0.976305,-2.758614
128.000000,-1.225492,-1.189577,0.123222,0.492662,0.350692,0.257850,0.532428,0.645465,0.429500,0.093337,-2.493275,2.280299,-0.311796,-2.060027,2.132753,-3.665625,2.707347,0.285127,-0.700007,-1.011562,-3.299094,1.745648,-0.983251,-2.772823
129.000000,-1.224353,-1.188824,0.123795,0.492568,0.349984,0.259635,0.532368,0.646634,0.429593,0.096654,-2.501087,2.283568,-0.311228,-2.066914,2.138616,-3.689091,2.723987,0.296477,-0.702863,-1.017570,-3.323796,1.756757,-0.990138,-2.786903
130.000000,-1.223217,-1.188056,0.124366,0.492501,0.349295,0.261382,0.532277,0.647769,0.429692,0.099904,-2.508808,2.286778,-0.310705,-2.073719,2.144415,-3.712282,2.740481,0.307777,-0.705700,-1.023552,-3.348213,1.767715,-0.996964,-2.800855
131.000000,-1.222087,-1.187276,0.124934,0.492461,0.348626,0.263092,0.532159,0.648873,0.429797,0.103088,-2.516442,2.289931,-0.310224,-2.080443,2.150150,-3.735203,2.756831,0.319026,-0.708520,-1.029507,-3.372349,1.778526,-1.003730,-2.814682
132.000000,-1.220963,-1.186483,0.125496,0.492447,0.347976,0.264767,0.532012,0.649945,0.429908,0.106208,-2.523989,2.293028,-0.309785,-2.087088,2.155823,-3.757856,2.773037,0.330224,-0.711323,-1.035436,-3.396208,1.789193,-1.010435,-2.828386
133.000000,-1.219846,-1.185680,0.126054,0.492461,0.347347,0.266407,0.531837,0.650986,0.430025,0.109266,-2.531453,2.296072,-0.309385,-2.093656,2.161436,-3.780247,2.789103,0.341371,-0.714108,-1.041339,-3.419796,1.799717,-1.017081,-2.841968
134.000000,-1.218736,-1.184867,0.126605,0.492500,0.346738,0.268015,0.531637,0.651997,0.430149,0.112263,-2.538834,2.299063,-0.309024,-2.100149,2.166989,-3.802378,2.805028,0.352466,-0.716877,-1.047216,-3.443115,1.810102,-1.023668,-2.855432
135.000000,-1.217634,-1.184044,0.127149,0.492566,0.346148,0.269591,0.531410,0.652978,0.430279,0.115201,-2.546134,2.302003,-0.308699,-2.106569,2.172484,-3.824254,2.820815,0.363510,-0.719628,-1.053067,-3.466171,1.820350,-1.030194,-2.868779
136.000000,-1.216540,-1.183214,0.127685,0.492658,0.345579,0.271137,0.531157,0.653930,0.430415,0.118081,-2.553356,2.304894,-0.308411,-2.112916,2.177922,-3.845880,2.836466,0.374503,-0.722363,-1.058892,-3.488967,1.830463,-1.036662,-2.882010
137.000000,-1.215455,-1.182376,0.128212,0.492775,0.345029,0.272654,0.530881,0.654853,0.430558,0.120905,-2.560501,2.307736,-0.308156,-2.119193,2.183305,-3.867257,2.851982,0.385444,-0.725081,-1.064692,-3.511508,1.840444,-1.043071,-2.895128
138.000000,-1.214379,-1.181532,0.128731,0.492918,0.344498,0.274143,0.530580,0.655748,0.430707,0.123674,-2.567571,2.310531,-0.307935,-2.125401,2.188634,-3.888391,2.867364,0.396333,-0.727783,-1.070466,-3.533797,1.850296,-1.049421,-2.908135
139.000000,-1.213313,-1.180682,0.129240,0.493086,0.343987,0.275606,0.530256,0.656615,0.430862,0.126391,-2.574567,2.313280,-0.307745,-2.131542,2.193909,-3.909286,2.882614,0.407170,-0.730468,-1.076214,-3.555840,1.860020,-1.055714,-2.921033
140.000000,-1.212257,-1.179827,0.129740,0.493280,0.343495,0.277044,0.529909,0.657454,0.431022,0.129055,-2.581490,2.315984,-0.307587,-2.137617,2.199133,-3.929944,2.897735,0.417956,-0.733137,-1.081938,-3.577639,1.869619,-1.061949,-2.933823
141.000000,-1.211212,-1.178967,0.130229,0.493498,0.343023,0.278457,0.529540,0.658268,0.431187,0.131669,-2.588343,2.318645,-0.307457,-2.143627,2.204306,-3.950370,2.912726,0.428689,-0.735789,-1.087636,-3.599199,1.879095,-1.068127,-2.946507
142.000000,-1.210177,-1.178103,0.130708,0.493740,0.342569,0.279848,0.529150,0.659055,0.431357,0.134234,-2.595127,2.321263,-0.307357,-2.149575,2.209429,-3.970567,2.927591,0.439370,-0.738426,-1.093308,-3.620524,1.888451,-1.074248,-2.959087
143.000000,-1.209154,-1.177236,0.131177,0.494006,0.342135,0.281217,0.528739,0.659816,0.431532,0.136751,-2.601842,2.323839,-0.307284,-2.155460,2.214503,-3.990539,2.942330,0.450000,-0.741047,-1.098956,-3.641618,1.897688,-1.080313,-2.971564
144.000000,-1.208142,-1.176367,0.131635,0.494297,0.341719,0.282564,0.528308,0.660552,0.431711,0.139222,-2.608492,2.326375,-0.307237,-2.161286,2.219530,-4.010290,2.956945,0.460577,-0.743651,-1.104579,-3.662484,1.906810,-1.086323,-2.983941
145.000000,-1.207143,-1.175495,0.132082,0.494610,0.341321,0.283892,0.527857,0.661263,0.431895,0.141647,-2.615076,2.328872,-0.307216,-2.167052,2.224510,-4.029822,2.971438,0.471102,-0.746240,-1.110177,-3.683127,1.915818,-1.092277,-2.996218
146.000000,-1.206155,-1.174621,0.132519,0.494947,0.340942,0.285201,0.527387,0.661951,0.432081,0.144028,-2.621596,2.331330,-0.307220,-2.172760,2.229444,-4.049141,2.985809,0.481576,-0.748813,-1.115751,-3.703549,1.924714,-1.098177,-3.008398
147.000000,-1.205179,-1.173747,0.132944,0.495307,0.340581,0.286492,0.526898,0.662615,0.432271,0.146366,-2.628054,2.333750,-0.307247,-2.178412,2.234334,-4.068248,3.000062,0.491997,-0.751370,-1.121300,-3.723755,1.933500,-1.104023,-3.020482
148.000000,-1.204216,-1.172871,0.133358,0.495689,0.340237,0.287765,0.526392,0.663255,0.432464,0.148662,-2.634451,2.336133,-0.307298,-2.184008,2.239180,-4.087147,3.014196,0.502367,-0.753912,-1.126824,-3.743749,1.942179,-1.109816,-3.032471
149.000000,-1.203266,-1.171996,0.133762,0.496094,0.339911,0.289023,0.525868,0.663873,0.432659,0.150918,-2.640788,2.338481,-0.307370,-2.189549,2.243982,-4.105842,3.028214,0.512685,-0.756438,-1.132324,-3.763533,1.950752,-1.115556,-3.044368
150.000000,-1.202329,-1.171120,0.134154,0.496520,0.339603,0.290264,0.525327,0.664469,0.432856,0.153133,-2.647066,2.340793,-0.307463,-2.195037,2.248743,-4.124336,3.042117,0.522951,-0.758948,-1.137800,-3.783111,1.959221,-1.121244,-3.056172
151.000000,-1.201405,-1.170245,0.134536,0.496968,0.339311,0.291491,0.524770,0.665043,0.433055,0.155310,-2.653286,2.343072,-0.307577,-2.200473,2.253463,-4.142633,3.055906,0.533166,-0.761442,-1.143251,-3.802487,1.967588,-1.126881,-3.067887
152.000000,-1.200494,-1.169371,0.134907,0.497437,0.339036,0.292704,0.524197,0.665596,0.433256,0.157450,-2.659449,2.345317,-0.307710,-2.205858,2.258142,-4.160735,3.069583,0.543329,-0.763921,-1.148678,-3.821664,1.975856,-1.132466,-3.079513
153.000000,-1.199596,-1.168498,0.135267,0.497927,0.338778,0.293903,0.523608,0.666128,0.433458,0.159552,-2.665557,2.347529,-0.307862,-2.211192,2.262781,-4.178645,3.083150,0.553441,-0.766384,-1.154082,-3.840646,1.984025,-1.138002,-3.091051
154.000000,-1.198712,-1.167626,0.135617,0.498437,0.338536,0.295089,0.523005,0.666640,0.433661,0.161619,-2.671611,2.349709,-0.308032,-2.216477,2.267382,-4.196367,3.096607,0.563502,-0.768832,-1.159461,-3.859435,1.992098,-1.143487,-3.102504
155.000000,-1.197842,-1.166757,0.135956,0.498968,0.338310,0.296264,0.522387,0.667132,0.433864,0.163651,-2.677611,2.351858,-0.308220,-2.221713,2.271945,-4.213903,3.109956,0.573512,-0.771264,-1.164817,-3.878035,2.000077,-1.148924,-3.113871
156.000000,-1.196986,-1.165889,0.136285,0.499518,0.338100,0.297426,0.521756,0.667605,0.434068,0.165649,-2.683558,2.353977,-0.308425,-2.226902,2.276471,-4.231257,3.123198,0.583470,-0.773681,-1.170149,-3.896448,2.007962,-1.154312,-3.125156
157.000000,-1.196143,-1.165024,0.136603,0.500088,0.337906,0.298578,0.521111,0.668059,0.434272,0.167614,-2.689454,2.356065,-0.308646,-2.232044,2.280959,-4.248432,3.136336,0.593378,-0.776082,-1.175458,-3.914679,2.015757,-1.159653,-3.136358
158.000000,-1.195315,-1.164161,0.136912,0.500677,0.337726,0.299719,0.520452,0.668495,0.434476,0.169547,-2.695300,2.358125,-0.308883,-2.237141,2.285413,-4.265430,3.149369,0.603236,-0.778468,-1.180743,-3.932730,2.023462,-1.164947,-3.147479
159.000000,-1.194500,-1.163302,0.137211,0.501284,0.337561,0.300850,0.519782,0.668913,0.434680,0.171448,-2.701096,2.360156,-0.309134,-2.242193,2.289830,-4.282254,3.162299,0.613042,-0.780838,-1.186005,-3.950603,2.031080,-1.170194,-3.158521
160.000000,-1.193700,-1.162446,0.137500,0.501911,0.337411,0.301971,0.519099,0.669313,0.434883,0.173319,-2.706843,2.362159,-0.309400,-2.247200,2.294214,-4.298907,3.175129,0.622799,-0.783193,-1.191244,-3.968303,2.038611,-1.175395,-3.169484
161.000000,-1.192914,-1.161593,0.137779,0.502555,0.337276,0.303083,0.518405,0.669696,0.435085,0.175160,-2.712542,2.364134,-0.309681,-2.252165,2.298564,-4.315392,3.187858,0.632505,-0.785533,-1.196459,-3.985831,2.046058,-1.180551,-3.180370
162.000000,-1.192142,-1.160743,0.138049,0.503217,0.337154,0.304187,0.517699,0.670063,0.435287,0.176971,-2.718195,2.366083,-0.309974,-2.257086,2.302880,-4.331712,3.200488,0.642161,-0.787857,-1.201652,-4.003191,2.053421,-1.185662,-3.191180
163.000000,-1.191385,-1.159898,0.138310,0.503896,0.337046,0.305282,0.516982,0.670413,0.435487,0.178755,-2.723801,2.368006,-0.310281,-2.261967,2.307164,-4.347868,3.213021,0.651768,-0.790166,-1.206821,-4.020385,2.060703,-1.190730,-3.201914
164.000000,-1.190642,-1.159056,0.138561,0.504592,0.336951,0.306369,0.516255,0.670748,0.435687,0.180510,-2.729362,2.369903,-0.310600,-2.266806,2.311416,-4.363865,3.225457,0.661325,-0.792460,-1.211968,-4.037416,2.067905,-1.195754,-3.212575
165.000000,-1.189913,-1.158218,0.138804,0.505305,0.336870,0.307448,0.515518,0.671067,0.435885,0.182239,-2.734879,2.371775,-0.310931,-2.271605,2.315637,-4.379703,3.237798,0.670833,-0.794738,-1.217092,-4.054286,2.075028,-1.200735,-3.223163
166.000000,-1.189199,-1.157385,0.139038,0.506035,0.336802,0.308520,0.514771,0.671372,0.436081,0.183941,-2.740352,2.373623,-0.311273,-2.276364,2.319827,-4.395386,3.250046,0.680291,-0.797001,-1.222194,-4.070999,2.082074,-1.205675,-3.233679
167.000000,-1.188499,-1.156556,0.139264,0.506781,0.336746,0.309585,0.514015,0.671662,0.436276,0.185617,-2.745781,2.375446,-0.311627,-2.281084,2.323987,-4.410917,3.262200,0.689701,-0.799248,-1.227273,-4.087556,2.089043,-1.210572,-3.244124
168.000000,-1.187813,-1.155732,0.139481,0.507542,0.336702,0.310642,0.513250,0.671937,0.436470,0.187269,-2.751169,2.377246,-0.311991,-2.285767,2.328117,-4.426297,3.274263,0.699061,-0.801481,-1.232330,-4.103960,2.095938,-1.215429,-3.254500
169.000000,-1.187143,-1.154912,0.139690,0.508319,0.336671,0.311693,0.512476,0.672199,0.436661,0.188895,-2.756515,2.379023,-0.312366,-2.290411,2.332218,-4.441529,3.286235,0.708374,-0.803698,-1.237365,-4.120214,2.102760,-1.220246,-3.264806
170.000000,-1.186486,-1.154098,0.139892,0.509111,0.336651,0.312738,0.511695,0.672448,0.436851,0.190498,-2.761820,2.380777,-0.312750,-2.295019,2.336291,-4.456615,3.298117,0.717637,-0.805900,-1.242377,-4.136320,2.109510,-1.225023,-3.275045
171.000000,-1.185844,-1.153288,0.140085,0.509918,0.336643,0.313777,0.510905,0.672684,0.437039,0.192078,-2.767084,2.382509,-0.313144,-2.299590,2.340335,-4.471557,3.309912,0.726853,-0.808086,-1.247368,-4.152281,2.116189,-1.229760,-3.285217
172.000000,-1.185217,-1.152483,0.140271,0.510739,0.336646,0.314809,0.510108,0.672907,0.437225,0.193635,-2.772310,2.384219,-0.313548,-2.304126,2.344353,-4.486359,3.321619,0.736021,-0.810258,-1.252337,-4.168098,2.122799,-1.234459,-3.295324
173.000000,-1.184603,-1.151684,0.140450,0.511575,0.336659,0.315836,0.509303,0.673118,0.437409,0.195170,-2.777496,2.385908,-0.313960,-2.308626,2.348343,-4.501021,3.333240,0.745142,-0.812414,-1.257284,-4.183773,2.129340,-1.239120,-3.305365
174.000000,-1.184005,-1.150890,0.140622,0.512424,0.336684,0.316857,0.508492,0.673317,0.437591,0.196683,-2.782644,2.387576,-0.314380,-2.313092,2.352306,-4.515546,3.344776,0.754215,-0.814555,-1.262210,-4.199310,2.135814,-1.243744,-3.315342
175.000000,-1.183421,-1.150101,0.140786,0.513287,0.336718,0.317872,0.507674,0.673505,0.437771,0.198174,-2.787755,2.389223,-0.314809,-2.317523,2.356244,-4.529937,3.356228,0.763241,-0.816682,-1.267114,-4.214711,2.142222,-1.248331,-3.325256
176.000000,-1.182851,-1.149318,0.140944,0.514163,0.336763,0.318882,0.506850,0.673681,0.437949,0.199646,-2.792828,2.390851,-0.315246,-2.321921,2.360156,-4.544195,3.367597,0.772220,-0.818793,-1.271996,-4.229976,2.148566,-1.252881,-3.335108
177.000000,-1.182295,-1.148540,0.141095,0.515053,0.336818,0.319887,0.506019,0.673847,0.438125,0.201096,-2.797865,2.392459,-0.315690,-2.326286,2.364043,-4.558322,3.378884,0.781152,-0.820889,-1.276858,-4.245109,2.154845,-1.257396,-3.344898
178.000000,-1.181754,-1.147768,0.141239,0.515955,0.336882,0.320886,0.505184,0.674002,0.438298,0.202528,-2.802867,2.394047,-0.316142,-2.330619,2.367906,-4.572321,3.390090,0.790038,-0.822970,-1.281698,-4.260112,2.161062,-1.261875,-3.354627
179.000000,-1.181228,-1.147001,0.141377,0.516870,0.336956,0.321881,0.504342,0.674147,0.438470,0.203939,-2.807832,2.395617,-0.316600,-2.334920,2.371744,-4.586192,3.401216,0.798878,-0.825035,-1.286517,-4.274986,2.167218,-1.266320,-3.364297
180.000000,-1.180715,-1.146241,0.141510,0.517797,0.337038,0.322870,0.503496,0.674283,0.438640,0.205332,-2.812763,2.397168,-0.317065,-2.339189,2.375558,-4.599939,3.412263,0.807672,-0.827086,-1.291315,-4.289733,2.173312,-1.270730,-3.373908
181.000000,-1.180217,-1.145486,0.141636,0.518735,0.337130,0.323855,0.502645,0.674409,0.438807,0.206707,-2.817660,2.398701,-0.317537,-2.343427,2.379349,-4.613563,3.423232,0.816420,-0.829123,-1.296093,-4.304356,2.179348,-1.275106,-3.383461
182.000000,-1.179733,-1.144737,0.141756,0.519686,0.337230,0.324835,0.501789,0.674526,0.438972,0.208063,-2.822523,2.400216,-0.318015,-2.347635,2.383117,-4.627066,3.434123,0.825123,-0.831144,-1.300850,-4.318856,2.185324,-1.279450,-3.392956
183.000000,-1.179263,-1.143994,0.141870,0.520648,0.337338,0.325810,0.500929,0.674633,0.439136,0.209402,-2.827353,2.401713,-0.318500,-2.351813,2.386862,-4.640450,3.444939,0.833781,-0.833150,-1.305586,-4.333235,2.191243,-1.283760,-3.402394
184.000000,-1.178808,-1.143257,0.141980,0.521621,0.337455,0.326781,0.500065,0.674733,0.439297,0.210724,-2.832150,2.403193,-0.318990,-2.355961,2.390585,-4.653716,3.455679,0.842394,-0.835141,-1.310302,-4.347495,2.197106,-1.288039,-3.411777
185.000000,-1.178366,-1.142525,0.142083,0.522605,0.337579,0.327747,0.499197,0.674824,0.439457,0.212029,-2.836915,2.404656,-0.319485,-2.360079,2.394286,-4.666866,3.466344,0.850962,-0.837118,-1.314998,-4.361637,2.202912,-1.292285,-3.421104
186.000000,-1.177939,-1.141800,0.142182,0.523599,0.337711,0.328708,0.498325,0.674907,0.439614,0.213317,-2.841648,2.406103,-0.319986,-2.364169,2.397966,-4.679902,3.476937,0.859486,-0.839080,-1.319674,-4.375664,2.208664,-1.296500,-3.430377
187.000000,-1.177525,-1.141081,0.142275,0.524604,0.337850,0.329665,0.497450,0.674983,0.439769,0.214589,-2.846350,2.407533,-0.320492,-2.368231,2.401625,-4.692826,3.487456,0.867966,-0.841027,-1.324329,-4.389577,2.214362,-1.300685,-3.439596
188.000000,-1.177126,-1.140368,0.142364,0.525619,0.337996,0.330617,0.496572,0.675051,0.439923,0.215845,-2.851021,2.408948,-0.321003,-2.372264,2.405263,-4.705639,3.497904,0.876403,-0.842960,-1.328965,-4.403378,2.220007,-1.304839,-3.448762
189.000000,-1.176740,-1.139662,0.142448,0.526645,0.338150,0.331565,0.495691,0.675112,0.440075,0.217086,-2.855662,2.410346,-0.321519,-2.376270,2.408881,-4.718343,3.508281,0.884795,-0.844877,-1.333581,-4.417068,2.225600,-1.308963,-3.457876
190.000000,-1.176368,-1.138961,0.142527,0.527679,0.338310,0.332509,0.494807,0.675166,0.440225,0.218312,-2.860273,2.411730,-0.322039,-2.380249,2.412478,-4.730940,3.518587,0.893145,-0.846781,-1.338177,-4.430649,2.231141,-1.313057,-3.466937
191.000000,-1.176010,-1.138267,0.142602,0.528724,0.338476,0.333448,0.493921,0.675214,0.440373,0.219523,-2.864854,2.413098,-0.322564,-2.384201,2.416056,-4.743430,3.528825,0.901451,-0.848669,-1.342753,-4.444123,2.236631,-1.317122,-3.475948
192.000000,-1.175666,-1.137579,0.142672,0.529777,0.338649,0.334383,0.493033,0.675255,0.440519,0.220720,-2.869406,2.414451,-0.323093,-2.388127,2.419615,-4.755816,3.538994,0.909715,-0.850543,-1.347310,-4.457490,2.242072,-1.321159,-3.484908
193.000000,-1.175336,-1.136897,0.142738,0.530840,0.338829,0.335314,0.492142,0.675290,0.440664,0.221902,-2.873929,2.415790,-0.323627,-2.392027,2.423154,-4.768100,3.549095,0.917936,-0.852403,-1.351848,-4.470753,2.247464,-1.325168,-3.493819
194.000000,-1.175019,-1.136221,0.142800,0.531911,0.339014,0.336240,0.491250,0.675319,0.440807,0.223070,-2.878424,2.417114,-0.324164,-2.395900,2.426675,-4.780281,3.559130,0.926115,-0.854248,-1.356367,-4.483913,2.252808,-1.329148,-3.502680
195.000000,-1.174715,-1.135552,0.142858,0.532991,0.339204,0.337162,0.490356,0.675343,0.440948,0.224225,-2.882891,2.418424,-0.324705,-2.399749,2.430177,-4.792363,3.569098,0.934252,-0.856079,-1.360866,-4.496972,2.258104,-1.333101,-3.511493
196.000000,-1.174426,-1.134889,0.142912,0.534080,0.339401,0.338080,0.489460,0.675361,0.441088,0.225367,-2.887330,2.419720,-0.325249,-2.403572,2.433661,-4.804346,3.579001,0.942347,-0.857896,-1.365347,-4.509931,2.263353,-1.337027,-3.520258
197.000000,-1.174149,-1.134232,0.142962,0.535177,0.339602,0.338994,0.488564,0.675374,0.441227,0.226495,-2.891742,2.421002,-0.325797,-2.407371,2.437127,-4.816232,3.588840,0.950402,-0.859698,-1.369809,-4.522791,2.268557,-1.340927,-3.528975
198.000000,-1.173886,-1.133582,0.143008,0.536282,0.339809,0.339904,0.487666,0.675382,0.441364,0.227611,-2.896128,2.422272,-0.326349,-2.411145,2.440575,-4.828021,3.598614,0.958415,-0.861486,-1.374252,-4.535553,2.273715,-1.344800,-3.537646
199.000000,-1.173637,-1.132937,0.143051,0.537394,0.340021,0.340809,0.486767,0.675385,0.441499,0.228714,-2.900487,2.423527,-0.326904,-2.414896,2.444007,-4.839717,3.608326,0.966387,-0.863259,-1.378676,-4.548220,2.278828,-1.348647,-3.546270
200.000000,-1.173400,-1.132300,0.143090,0.538515,0.340237,0.341710,0.485867,0.675384,0.441633,0.229805,-2.904819,2.424770,-0.327461,-2.418622,2.447421,-4.851319,3.617975,0.974318,-0.865019,-1.383082,-4.560791,2.283897,-1.352469,-3.554849
201.000000,-1.173177,-1.131668,0.143126,0.539642,0.340459,0.342607,0.484966,0.675378,0.441766,0.230884,-2.909126,2.426001,-0.328022,-2.422325,2.450818,-4.862829,3.627562,0.982210,-0.866764,-1.387470,-4.573270,2.288923,-1.356266,-3.563382
202.000000,-1.172967,-1.131043,0.143159,0.540777,0.340685,0.343500,0.484065,0.675368,0.441898,0.231951,-2.913408,2.427218,-0.328586,-2.426005,2.454199,-4.874249,3.637089,0.990061,-0.868496,-1.391839,-4.585656,2.293907,-1.360037,-3.571871
203.000000,-1.172770,-1.130424,0.143189,0.541920,0.340915,0.344389,0.483164,0.675355,0.442028,0.233007,-2.917664,2.428423,-0.329152,-2.429662,2.457564,-4.885579,3.646555,0.997872,-0.870213,-1.396190,-4.597952,2.298848,-1.363785,-3.580316
204.000000,-1.172587,-1.129811,0.143215,0.543069,0.341149,0.345273,0.482262,0.675337,0.442157,0.234051,-2.921896,2.429617,-0.329721,-2.433297,2.460913,-4.896821,3.655962,1.005645,-0.871916,-1.400523,-4.610157,2.303748,-1.367508,-3.588717
205.000000,-1.172416,-1.129205,0.143239,0.544225,0.341387,0.346154,0.481361,0.675316,0.442285,0.235084,-2.926103,2.430798,-0.330292,-2.436909,2.464246,-4.907975,3.665309,1.013377,-0.873606,-1.404839,-4.622275,2.308607,-1.371207,-3.597075
206.000000,-1.172258,-1.128605,0.143259,0.545388,0.341630,0.347030,0.480459,0.675291,0.442412,0.236106,-2.930286,2.431967,-0.330866,-2.440499,2.467563,-4.919044,3.674599,1.021071,-0.875281,-1.409136,-4.634304,2.313426,-1.374883,-3.605391
207.000000,-1.172113,-1.128012,0.143277,0.546557,0.341876,0.347902,0.479558,0.675264,0.442538,0.237117,-2.934445,2.433125,-0.331443,-2.444067,2.470865,-4.930029,3.683830,1.028727,-0.876943,-1.413416,-4.646248,2.318205,-1.378536,-3.613665
208.000000,-1.171980,-1.127424,0.143292,0.547732,0.342125,0.348770,0.478657,0.675233,0.442663,0.238118,-2.938580,2.434272,-0.332021,-2.447614,2.474152,-4.940930,3.693005,1.036344,-0.878591,-1.417678,-4.658107,2.322945,-1.382166,-3.621897
209.000000,-1.171860,-1.126843,0.143304,0.548914,0.342378,0.349634,0.477756,0.675199,0.442787,0.239108,-2.942692,2.435407,-0.332602,-2.451140,2.477424,-4.951748,3.702124,1.043922,-0.880226,-1.421923,-4.669882,2.327646,-1.385773,-3.630088
210.000000,-1.171753,-1.126268,0.143314,0.550101,0.342635,0.350494,0.476856,0.675162,0.442910,0.240089,-2.946781,2.436532,-0.333184,-2.454644,2.480682,-4.962485,3.711186,1.051463,-0.881846,-1.426151,-4.681573,2.332310,-1.389359,-3.638238
211.000000,-1.171659,-1.125700,0.143321,0.551295,0.342894,0.351350,0.475957,0.675123,0.443032,0.241059,-2.950848,2.437645,-0.333769,-2.458128,2.483925,-4.973142,3.720194,1.058967,-0.883453,-1.430361,-4.693184,2.336936,-1.392922,-3.646348
212.000000,-1.171577,-1.125138,0.143325,0.552494,0.343157,0.352202,0.475058,0.675081,0.443153,0.242020,-2.954892,2.438748,-0.334355,-2.461592,2.487154,-4.983719,3.729147,1.066433,-0.885047,-1.434554,-4.704713,2.341525,-1.396464,-3.654418
213.000000,-1.171507,-1.124581,0.143327,0.553698,0.343422,0.353050,0.474161,0.675037,0.443273,0.242971,-2.958913,2.439840,-0.334944,-2.465035,2.490369,-4.994218,3.738046,1.073862,-0.886627,-1.438731,-4.716163,2.346078,-1.399984,-3.662450
214.000000,-1.171450,-1.124032,0.143327,0.554909,0.343691,0.353894,0.473264,0.674991,0.443393,0.243913,-2.962913,2.440922,-0.335534,-2.468458,2.493570,-5.004640,3.746892,1.081254,-0.888194,-1.442890,-4.727533,2.350595,-1.403484,-3.670442
215.000000,-1.171405,-1.123488,0.143325,0.556124,0.343962,0.354734,0.472369,0.674943,0.443512,0.244845,-2.966891,2.441994,-0.336125,-2.471862,2.496758,-5.014986,3.755685,1.088609,-0.889747,-1.447033,-4.738827,2.355076,-1.406962,-3.678396
216.000000,-1.171373,-1.122951,0.143320,0.557345,0.344236,0.355570,0.471475,0.674893,0.443630,0.245769,-2.970848,2.443056,-0.336719,-2.475245,2.499932,-5.025257,3.764426,1.095929,-0.891287,-1.451159,-4.750043,2.359523,-1.410421,-3.686312
217.000000,-1.171352,-1.122419,0.143313,0.558570,0.344512,0.356402,0.470582,0.674841,0.443747,0.246683,-2.974783,2.444107,-0.337313,-2.478610,2.503093,-5.035454,3.773115,1.103212,-0.892814,-1.455268,-4.761184,2.363935,-1.413859,-3.694190
218.000000,-1.171344,-1.121894,0.143305,0.559801,0.344791,0.357230,0.469690,0.674787,0.443864,0.247589,-2.978698,2.445150,-0.337909,-2.481955,2.506241,-5.045577,3.781753,1.110460,-0.894328,-1.459361,-4.772249,2.368313,-1.417277,-3.702031
219.000000,-1.171348,-1.121375,0.143294,0.561036,0.345072,0.358054,0.468801,0.674732,0.443980,0.248486,-2.982592,2.446182,-0.338507,-2.485282,2.509376,-5.055628,3.790341,1.117672,-0.895828,-1.463438,-4.783241,2.372658,-1.420675,-3.709835
220.000000,-1.171363,-1.120862,0.143281,0.562276,0.345355,0.358874,0.467912,0.674676,0.444096,0.249375,-2.986465,2.447205,-0.339106,-2.488589,2.512499,-5.065607,3.798879,1.124849,-0.897315,-1.467498,-4.794160,2.376969,-1.424054,-3.717603
221.000000,-1.171391,-1.120356,0.143266,0.563521,0.345640,0.359690,0.467026,0.674618,0.444211,0.250255,-2.990318,2.448219,-0.339706,-2.491878,2.515609,-5.075516,3.807367,1.131991,-0.898790,-1.471543,-4.805007,2.381248,-1.427414,-3.725336
222.000000,-1.171430,-1.119855,0.143249,0.564770,0.345927,0.360502,0.466141,0.674558,0.444326,0.251127,-2.994151,2.449223,-0.340307,-2.495149,2.518707,-5.085355,3.815806,1.139098,-0.900251,-1.475571,-4.815782,2.385495,-1.430755,-3.733032
223.000000,-1.171481,-1.119360,0.143231,0.566023,0.346216,0.361311,0.465258,0.674498,0.444440,0.251991,-2.997964,2.450219,-0.340909,-2.498402,2.521792,-5.095125,3.824197,1.146171,-0.901700,-1.479584,-4.826487,2.389710,-1.434077,-3.740693
224.000000,-1.171544,-1.118872,0.143211,0.567281,0.346507,0.362115,0.464378,0.674437,0.444553,0.252848,-3.001758,2.451205,-0.341512,-2.501637,2.524866,-5.104827,3.832540,1.153209,-0.903135,-1.483580,-4.837122,2.393894,-1.437381,-3.748320
225.000000,-1.171619,-1.118389,0.143189,0.568543,0.346800,0.362916,0.463499,0.674375,0.444667,0.253696,-3.005532,2.452183,-0.342117,-2.504854,2.527928,-5.114463,3.840835,1.160214,-0.904558,-1.487561,-4.847689,2.398046,-1.440666,-3.755911
226.000000,-1.171705,-1.117913,0.143165,0.569809,0.347094,0.363712,0.462622,0.674312,0.444779,0.254537,-3.009288,2.453152,-0.342722,-2.508054,2.530978,-5.124031,3.849084,1.167185,-0.905968,-1.491527,-4.858187,2.402168,-1.443934,-3.763469
227.000000,-1.171802,-1.117442,0.143140,0.571078,0.347390,0.364505,0.461748,0.674248,0.444892,0.255370,-3.013024,2.454113,-0.343328,-2.511236,2.534016,-5.133535,3.857286,1.174122,-0.907366,-1.495477,-4.868619,2.406260,-1.447184,-3.770993
228.000000,-1.171911,-1.116977,0.143113,0.572352,0.347687,0.365295,0.460875,0.674183,0.445004,0.256197,-3.016741,2.455065,-0.343935,-2.514401,2.537044,-5.142973,3.865442,1.181027,-0.908751,-1.499411,-4.878984,2.410323,-1.450416,-3.778484
229.000000,-1.172032,-1.116519,0.143084,0.573629,0.347986,0.366080,0.460006,0.674118,0.445115,0.257015,-3.020440,2.456009,-0.344543,-2.517549,2.540060,-5.152348,3.873553,1.187898,-0.910123,-1.503331,-4.889283,2.414355,-1.453631,-3.785941
230.000000,-1.172163,-1.116066,0.143054,0.574910,0.348286,0.366861,0.459138,0.674053,0.445226,0.257827,-3.024121,2.456945,-0.345151,-2.520680,2.543064,-5.161660,3.881619,1.194737,-0.911483,-1.507235,-4.899518,2.418359,-1.456829,-3.793366
231.000000,-1.172306,-1.115619,0.143023,0.576194,0.348588,0.367639,0.458273,0.673987,0.445337,0.258632,-3.027783,2.457872,-0.345761,-2.523795,2.546058,-5.170909,3.889640,1.201543,-0.912831,-1.511124,-4.909689,2.422334,-1.460010,-3.800758
232.000000,-1.172460,-1.115177,0.142990,0.577481,0.348890,0.368413,0.457410,0.673921,0.445448,0.259429,-3.031428,2.458792,-0.346370,-2.526893,2.549042,-5.180096,3.897617,1.208317,-0.914166,-1.514998,-4.919796,2.426281,-1.463175,-3.808118
233.000000,-1.172626,-1.114742,0.142956,0.578772,0.349194,0.369184,0.456551,0.673854,0.445558,0.260220,-3.035054,2.459704,-0.346981,-2.529975,2.552014,-5.189223,3.905550,1.215059,-0.915488,-1.518857,-4.929840,2.430200,-1.466322,-3.815446
234.000000,-1.172802,-1.114312,0.142920,0.580067,0.349498,0.369951,0.455693,0.673788,0.445669,0.261005,-3.038664,2.460608,-0.347592,-2.533041,2.554976,-5.198289,3.913441,1.221769,-0.916799,-1.522702,-4.939823,2.434091,-1.469454,-3.822743
235.000000,-1.172989,-1.113888,0.142883,0.581364,0.349804,0.370714,0.454839,0.673721,0.445778,0.261782,-3.042255,2.461504,-0.348203,-2.536091,2.557928,-5.207296,3.921288,1.228448,-0.918097,-1.526531,-4.949745,2.437955,-1.472570,-3.830009
236.000000,-1.173187,-1.113470,0.142845,0.582664,0.350111,0.371473,0.453987,0.673654,0.445888,0.262554,-3.045830,2.462393,-0.348815,-2.539124,2.560869,-5.216244,3.929093,1.235095,-0.919383,-1.530347,-4.959605,2.441793,-1.475669,-3.837244
237.000000,-1.173396,-1.113058,0.142805,0.583968,0.350418,0.372229,0.453138,0.673587,0.445997,0.263318,-3.049387,2.463274,-0.349428,-2.542143,2.563800,-5.225134,3.936856,1.241712,-0.920658,-1.534147,-4.969406,2.445603,-1.478753,-3.844448
238.000000,-1.173616,-1.112651,0.142764,0.585274,0.350727,0.372981,0.452292,0.673520,0.446107,0.264077,-3.052927,2.464148,-0.350041,-2.545145,2.566721,-5.233966,3.944578,1.248297,-0.921920,-1.537934,-4.979148,2.449387,-1.481822,-3.851622
239.000000,-1.173846,-1.112250,0.142722,0.586583,0.351036,0.373729,0.451449,0.673454,0.446216,0.264829,-3.056451,2.465015,-0.350654,-2.548133,2.569633,-5.242742,3.952258,1.254852,-0.923170,-1.541706,-4.988832,2.453146,-1.484875,-3.858766
240.000000,-1.174087,-1.111854,0.142679,0.587895,0.351346,0.374474,0.450608,0.673387,0.446324,0.265576,-3.059958,2.465874,-0.351268,-2.551105,2.572534,-5.251461,3.959898,1.261377,-0.924408,-1.545464,-4.998457,2.456878,-1.487913,-3.865881
241.000000,-1.174339,-1.111464,0.142635,0.589209,0.351656,0.375216,0.449771,0.673321,0.446433,0.266316,-3.063449,2.466727,-0.351882,-2.554062,2.575426,-5.260125,3.967498,1.267872,-0.925634,-1.549207,-5.008025,2.460586,-1.490936,-3.872966
242.000000,-1.174601,-1.111080,0.142589,0.590526,0.351967,0.375954,0.448937,0.673255,0.446542,0.267051,-3.066923,2.467573,-0.352496,-2.557004,2.578308,-5.268734,3.975057,1.274336,-0.926849,-1.552937,-5.017536,2.464268,-1.493944,-3.880022
243.000000,-1.174874,-1.110701,0.142543,0.591846,0.352279,0.376688,0.448106,0.673190,0.446650,0.267779,-3.070382,2.468411,-0.353110,-2.559931,2.581181,-5.277288,3.982577,1.280771,-0.928052,-1.556653,-5.026992,2.467926,-1.496938,-3.887049
244.000000,-1.175157,-1.110327,0.142495,0.593168,0.352591,0.377419,0.447278,0.673124,0.446758,0.268502,-3.073824,2.469243,-0.353725,-2.562844,2.584044,-5.285789,3.990058,1.287177,-0.929243,-1.560355,-5.036392,2.471559,-1.499917,-3.894047
245.000000,-1.175450,-1.109959,0.142446,0.594492,0.352904,0.378147,0.446453,0.673060,0.446866,0.269220,-3.077251,2.470068,-0.354340,-2.565742,2.586899,-5.294237,3.997501,1.293554,-0.930423,-1.564043,-5.045737,2.475168,-1.502882,-3.901017
246.000000,-1.175754,-1.109597,0.142397,0.595818,0.353217,0.378871,0.445632,0.672995,0.446974,0.269931,-3.080661,2.470887,-0.354954,-2.568626,2.589744,-5.302633,4.004904,1.299901,-0.931591,-1.567718,-5.055028,2.478753,-1.505833,-3.907959
247.000000,-1.176068,-1.109239,0.142346,0.597147,0.353531,0.379592,0.444814,0.672932,0.447082,0.270638,-3.084057,2.471699,-0.355569,-2.571495,2.592580,-5.310976,4.012270,1.306220,-0.932748,-1.571379,-5.064265,2.482315,-1.508770,-3.914874
248.000000,-1.176392,-1.108887,0.142294,0.598478,0.353845,0.380309,0.443999,0.672868,0.447190,0.271339,-3.087437,2.472504,-0.356185,-2.574351,2.595407,-5.319269,4.019598,1.312510,-0.933893,-1.575027,-5.073449,2.485853,-1.511693,-3.921760
249.000000,-1.176726,-1.108541,0.142242,0.599811,0.354159,0.381023,0.443187,0.672806,0.447297,0.272034,-3.090802,2.473303,-0.356800,-2.577192,2.598225,-5.327510,4.026889,1.318772,-0.935027,-1.578661,-5.082580,2.489368,-1.514602,-3.928620
250.000000,-1.177070,-1.108200,0.142188,0.601146,0.354474,0.381734,0.442379,0.672744,0.447405,0.272725,-3.094152,2.474096,-0.357415,-2.580020,2.601035,-5.335701,4.034143,1.325006,-0.936149,-1.582282,-5.091660,2.492861,-1.517498,-3.935452
251.000000,-1.177424,-1.107863,0.142134,0.602482,0.354788,0.382441,0.441574,0.672682,0.447512,0.273410,-3.097487,2.474883,-0.358030,-2.582833,2.603836,-5.343843,4.041360,1.331212,-0.937261,-1.585889,-5.100688,2.496331,-1.520380,-3.942258
252.000000,-1.177788,-1.107533,0.142078,0.603821,0.355104,0.383145,0.440773,0.672622,0.447620,0.274090,-3.100807,2.475663,-0.358645,-2.585633,2.606628,-5.351935,4.048542,1.337390,-0.938361,-1.589484,-5.109665,2.499778,-1.523250,-3.949037
253.000000,-1.178162,-1.107207,0.142022,0.605161,0.355419,0.383846,0.439976,0.672562,0.447727,0.274766,-3.104112,2.476438,-0.359260,-2.588420,2.609412,-5.359979,4.055687,1.343541,-0.939450,-1.593065,-5.118592,2.503204,-1.526106,-3.955789
254.000000,-1.178545,-1.106886,0.141965,0.606504,0.355734,0.384543,0.439181,0.672502,0.447834,0.275436,-3.107403,2.477206,-0.359875,-2.591193,2.612187,-5.367975,4.062796,1.349664,-0.940528,-1.596634,-5.127468,2.506608,-1.528949,-3.962516
255.000000,-1.178938,-1.106571,0.141907,0.607847,0.356050,0.385238,0.438391,0.672444,0.447941,0.276101,-3.110680,2.477968,-0.360490,-2.593953,2.614955,-5.375923,4.069871,1.355760,-0.941595,-1.600190,-5.136296,2.509990,-1.531780,-3.969217
256.000000,-1.179341,-1.106261,0.141849,0.609193,0.356365,0.385929,0.437604,0.672386,0.448048,0.276762,-3.113942,2.478725,-0.361105,-2.596700,2.617714,-5.383824,4.076910,1.361830,-0.942650,-1.603733,-5.145074,2.513351,-1.534598,-3.975892
257.000000,-1.179754,-1.105956,0.141789,0.610540,0.356681,0.386617,0.436820,0.672329,0.448155,0.277418,-3.117190,2.479476,-0.361720,-2.599434,2.620465,-5.391679,4.083915,1.367873,-0.943696,-1.607263,-5.153804,2.516691,-1.537403,-3.982541
258.000000,-1.180176,-1.105655,0.141729,0.611888,0.356997,0.387302,0.436041,0.672273,0.448262,0.278069,-3.120424,2.480221,-0.362334,-2.602155,2.623208,-5.399487,4.090886,1.373889,-0.944730,-1.610781,-5.162486,2.520010,-1.540196,-3.989166
259.000000,-1.180607,-1.105360,0.141668,0.613238,0.357313,0.387984,0.435265,0.672218,0.448369,0.278716,-3.123644,2.480960,-0.362948,-2.604863,2.625943,-5.407250,4.097822,1.379880,-0.945753,-1.614286,-5.171121,2.523308,-1.542977,-3.995765
260.000000,-1.181048,-1.105070,0.141607,0.614589,0.357628,0.388662,0.434492,0.672164,0.448476,0.279359,-3.126851,2.481694,-0.363562,-2.607559,2.628670,-5.414968,4.104725,1.385844,-0.946766,-1.617778,-5.179709,2.526586,-1.545746,-4.002340
261.000000,-1.181498,-1.104784,0.141544,0.615942,0.357944,0.389338,0.433724,0.672110,0.448583,0.279996,-3.130043,2.482422,-0.364176,-2.610242,2.631389,-5.422641,4.111595,1.391782,-0.947768,-1.621258,-5.188250,2.529844,-1.548503,-4.008890
262.000000,-1.181958,-1.104504,0.141481,0.617296,0.358260,0.390011,0.432959,0.672058,0.448689,0.280630,-3.133223,2.483145,-0.364790,-2.612912,2.634101,-5.430270,4.118432,1.397695,-0.948759,-1.624726,-5.196745,2.533082,-1.551248,-4.015416
263.000000,-1.182427,-1.104228,0.141418,0.618651,0.358575,0.390680,0.432198,0.672007,0.448796,0.281259,-3.136388,2.483862,-0.365403,-2.615570,2.636805,-5.437855,4.125236,1.403582,-0.949740,-1.628182,-5.205195,2.536300,-1.553981,-4.021917
264.000000,-1.182905,-1.103957,0.141353,0.620007,0.358891,0.391347,0.431441,0.671956,0.448903,0.281884,-3.139541,2.484574,-0.366016,-2.618216,2.639501,-5.445397,4.132007,1.409444,-0.950710,-1.631625,-5.213599,2.539499,-1.556702,-4.028395
265.000000,-1.183392,-1.103691,0.141288,0.621364,0.359206,0.392010,0.430688,0.671906,0.449009,0.282504,-3.142680,2.485281,-0.366629,-2.620849,2.642190,-5.452896,4.138746,1.415281,-0.951670,-1.635057,-5.221959,2.542679,-1.559413,-4.034849
266.000000,-1.183888,-1.103430,0.141222,0.622722,0.359522,0.392671,0.429938,0.671858,0.449116,0.283121,-3.145806,2.485982,-0.367242,-2.623471,2.644872,-5.460353,4.145454,1.421093,-0.952619,-1.638476,-5.230274,2.545839,-1.562111,-4.041279
267.000000,-1.184393,-1.103173,0.141156,0.624082,0.359837,0.393329,0.429193,0.671810,0.449222,0.283733,-3.148919,2.486679,-0.367854,-2.626081,2.647546,-5.467767,4.152130,1.426881,-0.953558,-1.641884,-5.238546,2.548980,-1.564799,-4.047686
268.000000,-1.184907,-1.102922,0.141089,0.625442,0.360152,0.393984,0.428451,0.671763,0.449328,0.284342,-3.152020,2.487370,-0.368465,-2.628678,2.650213,-5.475140,4.158774,1.432644,-0.954487,-1.645279,-5.246774,2.552103,-1.567475,-4.054069
269.000000,-1.185430,-1.102674,0.141022,0.626803,0.360467,0.394636,0.427713,0.671718,0.449435,0.284946,-3.155107,2.488056,-0.369077,-2.631264,2.652873,-5.482472,4.165388,1.438382,-0.955405,-1.648663,-5.254960,2.555207,-1.570141,-4.060430
270.000000,-1.185962,-1.102432,0.140953,0.628165,0.360782,0.395285,0.426980,0.671673,0.449541,0.285547,-3.158182,2.488737,-0.369688,-2.633838,2.655525,-5.489763,4.171971,1.444097,-0.956313,-1.652035,-5.263102,2.558293,-1.572795,-4.066768
271.000000,-1.186502,-1.102193,0.140885,0.629527,0.361096,0.395931,0.426250,0.671630,0.449647,0.286143,-3.161244,2.489414,-0.370298,-2.636401,2.658171,-5.497014,4.178523,1.449787,-0.957212,-1.655396,-5.271203,2.561361,-1.575439,-4.073083
272.000000,-1.187052,-1.101960,0.140815,0.630891,0.361411,0.396575,0.425525,0.671587,0.449754,0.286736,-3.164294,2.490085,-0.370908,-2.638952,2.660809,-5.504225,4.185045,1.455454,-0.958100,-1.658745,-5.279261,2.564411,-1.578072,-4.079376
273.000000,-1.187610,-1.101731,0.140746,0.632255,0.361725,0.397215,0.424803,0.671545,0.449860,0.287325,-3.167332,2.490752,-0.371518,-2.641492,2.663441,-5.511397,4.191537,1.461097,-0.958978,-1.662082,-5.287279,2.567443,-1.580694,-4.085647
274.000000,-1.188176,-1.101506,0.140675,0.633619,0.362039,0.397853,0.424085,0.671505,0.449966,0.287910,-3.170357,2.491413,-0.372127,-2.644020,2.666065,-5.518529,4.197999,1.466717,-0.959846,-1.665409,-5.295255,2.570457,-1.583306,-4.091895
275.000000,-1.188751,-1.101286,0.140605,0.634984,0.362352,0.398489,0.423372,0.671465,0.450072,0.288492,-3.173370,2.492070,-0.372736,-2.646538,2.668683,-5.525622,4.204432,1.472313,-0.960704,-1.668723,-5.303191,2.573454,-1.585908,-4.098121
276.000000,-1.189335,-1.101070,0.140533,0.636350,0.362666,0.399121,0.422663,0.671427,0.450178,0.289070,-3.176371,2.492723,-0.373345,-2.649044,2.671294,-5.532677,4.210836,1.477886,-0.961552,-1.672027,-5.311086,2.576434,-1.588499,-4.104326
277.000000,-1.189927,-1.100859,0.140461,0.637716,0.362979,0.399751,0.421957,0.671389,0.450284,0.289645,-3.179360,2.493370,-0.373952,-2.651539,2.673898,-5.539694,4.217211,1.483437,-0.962390,-1.675319,-5.318941,2.579397,-1.591080,-4.110509
278.000000,-1.190528,-1.100652,0.140389,0.639083,0.363292,0.400378,0.421256,0.671353,0.450390,0.290216,-3.182337,2.494014,-0.374560,-2.654023,2.676496,-5.546674,4.223557,1.488965,-0.963219,-1.678600,-5.326757,2.582343,-1.593651,-4.116671
279.000000,-1.191136,-1.100449,0.140316,0.640450,0.363604,0.401003,0.420559,0.671318,0.450495,0.290783,-3.185303,2.494652,-0.375167,-2.656496,2.679087,-5.553616,4.229875,1.494470,-0.964038,-1.681870,-5.334534,2.585272,-1.596212,-4.122811
280.000000,-1.191753,-1.100251,0.140243,0.641817,0.363917,0.401625,0.419867,0.671283,0.450601,0.291347,-3.188256,2.495286,-0.375773,-2.658959,2.681671,-5.560521,4.236164,1.499953,-0.964847,-1.685129,-5.342272,2.588185,-1.598764,-4.128931
281.000000,-1.192379,-1.100056,0.140169,0.643185,0.364229,0.402244,0.419178,0.671250,0.450707,0.291908,-3.191198,2.495916,-0.376379,-2.661410,2.684249,-5.567390,4.242426,1.505414,-0.965647,-1.688377,-5.349972,2.591082,-1.601305,-4.135029
282.000000,-1.193012,-1.099866,0.140095,0.644553,0.364540,0.402861,0.418494,0.671218,0.450812,0.292465,-3.194129,2.496541,-0.376984,-2.663851,2.686821,-5.574222,4.248659,1.510852,-0.966437,-1.691615,-5.357633,2.593962,-1.603837,-4.141106
283.000000,-1.193654,-1.099681,0.140020,0.645921,0.364852,0.403475,0.417813,0.671187,0.450918,0.293019,-3.197048,2.497162,-0.377588,-2.666282,2.689386,-5.581019,4.254866,1.516269,-0.967218,-1.694841,-5.365257,2.596826,-1.606359,-4.147163
284.000000,-1.194304,-1.099499,0.139945,0.647289,0.365163,0.404087,0.417138,0.671157,0.451023,0.293570,-3.199956,2.497779,-0.378193,-2.668702,2.691945,-5.587780,4.261045,1.521664,-0.967989,-1.698057,-5.372843,2.599674,-1.608871,-4.153200
285.000000,-1.194961,-1.099321,0.139870,0.648657,0.365474,0.404696,0.416466,0.671128,0.451129,0.294118,-3.202852,2.498391,-0.378796,-2.671112,2.694497,-5.594505,4.267197,1.527038,-0.968750,-1.701262,-5.380393,2.602506,-1.611375,-4.159216
286.000000,-1.195627,-1.099148,0.139794,0.650026,0.365784,0.405302,0.415799,0.671100,0.451234,0.294662,-3.205737,2.498999,-0.379399,-2.673511,2.697044,-5.601196,4.273322,1.532390,-0.969503,-1.704456,-5.387905,2.605323,-1.613869,-4.165212
287.000000,-1.196300,-1.098978,0.139718,0.651394,0.366095,0.405907,0.415136,0.671072,0.451340,0.295203,-3.208612,2.499603,-0.380001,-2.675901,2.699584,-5.607852,4.279420,1.537721,-0.970246,-1.707640,-5.395381,2.608125,-1.616353,-4.171187
288.000000,-1.196982,-1.098812,0.139641,0.652762,0.366405,0.406508,0.414477,0.671046,0.451445,0.295742,-3.211475,2.500203,-0.380603,-2.678280,2.702118,-5.614474,4.285492,1.543031,-0.970979,-1.710813,-5.402821,2.610911,-1.618829,-4.177143
289.000000,-1.197671,-1.098651,0.139564,0.654131,0.366714,0.407108,0.413822,0.671021,0.451550,0.296277,-3.214327,2.500799,-0.381204,-2.680649,2.704645,-5.621063,4.291538,1.548320,-0.971704,-1.713976,-5.410225,2.613682,-1.621295,-4.183080
290.000000,-1.198368,-1.098493,0.139487,0.655499,0.367024,0.407705,0.413172,0.670997,0.451655,0.296809,-3.217168,2.501391,-0.381804,-2.683008,2.707167,-5.627617,4.297558,1.553588,-0.972419,-1.717129,-5.417594,2.616438,-1.623752,-4.188996
291.000000,-1.199073,-1.098339,0.139409,0.656867,0.367332,0.408299,0.412527,0.670974,0.451760,0.297338,-3.219999,2.501979,-0.382404,-2.685357,2.709683,-5.634138,4.303553,1.558835,-0.973126,-1.720271,-5.424928,2.619179,-1.626201,-4.194893
292.000000,-1.199785,-1.098190,0.139331,0.658235,0.367641,0.408891,0.411885,0.670952,0.451865,0.297864,-3.222819,2.502563,-0.383003,-2.687696,2.712193,-5.640626,4.309521,1.564063,-0.973823,-1.723403,-5.432226,2.621906,-1.628641,-4.200771
293.000000,-1.200505,-1.098044,0.139252,0.659603,0.367949,0.409481,0.411248,0.670931,0.451970,0.298388,-3.225628,2.503142,-0.383602,-2.690025,2.714697,-5.647082,4.315465,1.569269,-0.974511,-1.726525,-5.439491,2.624618,-1.631071,-4.206630
294.000000,-1.201233,-1.097901,0.139174,0.660970,0.368257,0.410068,0.410616,0.670911,0.452074,0.298908,-3.228427,2.503718,-0.384199,-2.692345,2.717195,-5.653505,4.321383,1.574456,-0.975190,-1.729636,-5.446720,2.627315,-1.633494,-4.212469
295.000000,-1.201968,-1.097763,0.139094,0.662337,0.368565,0.410654,0.409988,0.670892,0.452179,0.299426,-3.231215,2.504291,-0.384796,-2.694655,2.719687,-5.659896,4.327276,1.579623,-0.975860,-1.732738,-5.453916,2.629998,-1.635907,-4.218290
296.000000,-1.202710,-1.097628,0.139015,0.663704,0.368873,0.411236,0.409364,0.670874,0.452283,0.299941,-3.233993,2.504859,-0.385393,-2.696956,2.722173,-5.666255,4.333145,1.584769,-0.976521,-1.735830,-5.461079,2.632667,-1.638312,-4.224091
297.000000,-1.203460,-1.097497,0.138935,0.665070,0.369180,0.411817,0.408745,0.670856,0.452388,0.300453,-3.236761,2.505424,-0.385989,-2.699247,2.724654,-5.672582,4.338989,1.589897,-0.977174,-1.738911,-5.468207,2.635322,-1.640709,-4.229874
298.000000,-1.204217,-1.097370,0.138855,0.666436,0.369486,0.412395,0.408130,0.670840,0.452492,0.300962,-3.239518,2.505984,-0.386584,-2.701528,2.727129,-5.678879,4.344809,1.595004,-0.977818,-1.741983,-5.475303,2.637963,-1.643098,-4.235639
299.000000,-1.204982,-1.097246,0.138775,0.667801,0.369793,0.412971,0.407520,0.670825,0.452597,0.301469,-3.242266,2.506542,-0.387178,-2.703801,2.729598,-5.685144,4.350604,1.600092,-0.978453,-1.745045,-5.482366,2.640590,-1.645478,-4.241385
300.000000,-1.205754,-1.097126,0.138694,0.669166,0.370099,0.413545,0.406914,0.670810,0.452701,0.301973,-3.245003,2.507095,-0.387772,-2.706064,2.732062,-5.691378,4.356376,1.605161,-0.979079,-1.748097,-5.489397,2.643204,-1.647849,-4.247113
301.000000,-1.206533,-1.097009,0.138613,0.670531,0.370405,0.414117,0.406312,0.670796,0.452805,0.302475,-3.247730,2.507645,-0.388364,-2.708317,2.734520,-5.697582,4.362124,1.610211,-0.979696,-1.751140,-5.496395,2.645804,-1.650213,-4.252822
302.000000,-1.207319,-1.096896,0.138532,0.671895,0.370710,0.414687,0.405716,0.670784,0.452909,0.302974,-3.250447,2.508191,-0.388957,-2.710562,2.736972,-5.703756,4.367848,1.615241,-0.980305,-1.754173,-5.503361,2.648391,-1.652569,-4.258514
303.000000,-1.208112,-1.096787,0.138450,0.673258,0.371015,0.415254,0.405123,0.670772,0.453012,0.303470,-3.253154,2.508734,-0.389548,-2.712797,2.739419,-5.709900,4.373549,1.620253,-0.980906,-1.757196,-5.510295,2.650964,-1.654916,-4.264187
304.000000,-1.208913,-1.096680,0.138369,0.674620,0.371320,0.415819,0.404535,0.670761,0.453116,0.303964,-3.255851,2.509273,-0.390139,-2.715024,2.741861,-5.716015,4.379227,1.625246,-0.981498,-1.760209,-5.517198,2.653525,-1.657256,-4.269843
305.000000,-1.209720,-1.096578,0.138286,0.675982,0.371625,0.416382,0.403952,0.670751,0.453220,0.304455,-3.258539,2.509809,-0.390729,-2.717241,2.744297,-5.722100,4.384882,1.630221,-0.982081,-1.763213,-5.524070,2.656072,-1.659588,-4.275481
306.000000,-1.210535,-1.096479,0.138204,0.677343,0.371929,0.416943,0.403374,0.670741,0.453323,0.304944,-3.261217,2.510341,-0.391318,-2.719449,2.746727,-5.728156,4.390513,1.635177,-0.982656,-1.766208,-5.530910,2.658606,-1.661912,-4.281102
307.000000,-1.211356,-1.096383,0.138122,0.678704,0.372233,0.417502,0.402799,0.670733,0.453427,0.305430,-3.263885,2.510870,-0.391906,-2.721649,2.749153,-5.734183,4.396122,1.640114,-0.983223,-1.769193,-5.537720,2.661128,-1.664228,-4.286705
308.000000,-1.212184,-1.096290,0.138039,0.680063,0.372537,0.418059,0.402230,0.670725,0.453530,0.305915,-3.266544,2.511396,-0.392494,-2.723840,2.751573,-5.740181,4.401709,1.645034,-0.983781,-1.772169,-5.544500,2.663636,-1.666536,-4.292290
309.000000,-1.213019,-1.096201,0.137956,0.681422,0.372840,0.418614,0.401665,0.670718,0.453633,0.306396,-3.269193,2.511918,-0.393081,-2.726022,2.753987,-5.746151,4.407273,1.649935,-0.984331,-1.775136,-5.551249,2.666133,-1.668837,-4.297859
310.000000,-1.213861,-1.096116,0.137872,0.682780,0.373143,0.419167,0.401104,0.670712,0.453736,0.306876,-3.271833,2.512437,-0.393667,-2.728195,2.756396,-5.752093,4.412816,1.654819,-0.984873,-1.778093,-5.557969,2.668616,-1.671131,-4.303410
311.000000,-1.214710,-1.096033,0.137789,0.684137,0.373446,0.419717,0.400549,0.670706,0.453839,0.307353,-3.274463,2.512952,-0.394252,-2.730360,2.758801,-5.758007,4.418336,1.659685,-0.985407,-1.781041,-5.564659,2.671088,-1.673417,-4.308944
312.000000,-1.215565,-1.095954,0.137705,0.685493,0.373748,0.420266,0.399997,0.670702,0.453942,0.307827,-3.277084,2.513464,-0.394837,-2.732516,2.761199,-5.763893,4.423834,1.664533,-0.985932,-1.783980,-5.571319,2.673547,-1.675695,-4.314461
313.000000,-1.216427,-1.095878,0.137621,0.686848,0.374051,0.420813,0.399451,0.670698,0.454044,0.308300,-3.279696,2.513973,-0.395420,-2.734664,2.763593,-5.769751,4.429311,1.669363,-0.986449,-1.786910,-5.577950,2.675994,-1.677966,-4.319962
314.000000,-1.217295,-1.095805,0.137537,0.688202,0.374353,0.421358,0.398909,0.670694,0.454147,0.308770,-3.282299,2.514479,-0.396003,-2.736803,2.765982,-5.775583,4.434766,1.674176,-0.986958,-1.789831,-5.584552,2.678429,-1.680230,-4.325445
315.000000,-1.218170,-1.095735,0.137453,0.689555,0.374655,0.421900,0.398372,0.670692,0.454249,0.309238,-3.284892,2.514982,-0.396586,-2.738934,2.768365,-5.781388,4.440199,1.678972,-0.987459,-1.792743,-5.591125,2.680852,-1.682487,-4.330913
316.000000,-1.219052,-1.095668,0.137368,0.690907,0.374956,0.422441,0.397839,0.670690,0.454351,0.309704,-3.287477,2.515481,-0.397167,-2.741057,2.770744,-5.787165,4.445612,1.683751,-0.987953,-1.795646,-5.597670,2.683263,-1.684736,-4.336363
317.000000,-1.219940,-1.095605,0.137283,0.692258,0.375257,0.422980,0.397311,0.670689,0.454454,0.310168,-3.290052,2.515978,-0.397747,-2.743171,2.773117,-5.792917,4.451004,1.688512,-0.988438,-1.798540,-5.604186,2.685662,-1.686979,-4.341797
318.000000,-1.220834,-1.095544,0.137199,0.693608,0.375558,0.423517,0.396788,0.670688,0.454556,0.310629,-3.292618,2.516471,-0.398327,-2.745277,2.775485,-5.798641,4.456374,1.693257,-0.988915,-1.801425,-5.610674,2.688050,-1.689214,-4.347215
319.000000,-1.221735,-1.095486,0.137113,0.694957,0.375859,0.424052,0.396269,0.670688,0.454657,0.311089,-3.295176,2.516962,-0.398906,-2.747375,2.777848,-5.804340,4.461724,1.697985,-0.989384,-1.804302,-5.617134,2.690426,-1.691442,-4.352617
320.000000,-1.222642,-1.095432,0.137028,0.696304,0.376160,0.424586,0.395755,0.670689,0.454759,0.311546,-3.297725,2.517449,-0.399484,-2.749465,2.780207,-5.810013,4.467054,1.702696,-0.989846,-1.807169,-5.623567,2.692791,-1.693663,-4.358003
321.000000,-1.223556,-1.095380,0.136943,0.697650,0.376460,0.425117,0.395246,0.670690,0.454861,0.312002,-3.300264,2.517933,-0.400062,-2.751547,2.782560,-5.815660,4.472363,1.707390,-0.990300,-1.810028,-5.629972,2.695145,-1.695878,-4.363372
322.000000,-1.224476,-1.095332,0.136857,0.698995,0.376760,0.425647,0.394741,0.670692,0.454962,0.312455,-3.302796,2.518415,-0.400638,-2.753620,2.784909,-5.821282,4.477651,1.712068,-0.990746,-1.812878,-5.636350,2.697487,-1.698085,-4.368726
323.000000,-1.225402,-1.095286,0.136771,0.700339,0.377060,0.426174,0.394242,0.670695,0.455063,0.312906,-3.305318,2.518893,-0.401214,-2.755686,2.787252,-5.826879,4.482920,1.716730,-0.991184,-1.815720,-5.642701,2.699818,-1.700286,-4.374064
324.000000,-1.226334,-1.095243,0.136685,0.701681,0.377360,0.426700,0.393746,0.670698,0.455164,0.313356,-3.307832,2.519368,-0.401788,-2.757744,2.789591,-5.832450,4.488168,1.721375,-0.991615,-1.818553,-5.649026,2.702138,-1.702480,-4.379386
325.000000,-1.227272,-1.095203,0.136599,0.703022,0.377659,0.427224,0.393256,0.670701,0.455265,0.313803,-3.310337,2.519841,-0.402362,-2.759794,2.791925,-5.837997,4.493397,1.726005,-0.992038,-1.821378,-5.655323,2.704448,-1.704667,-4.384692
326.000000,-1.228216,-1.095166,0.136513,0.704362,0.377959,0.427747,0.392770,0.670705,0.455366,0.314248,-3.312834,2.520311,-0.402935,-2.761836,2.794254,-5.843519,4.498606,1.730618,-0.992453,-1.824194,-5.661594,2.706746,-1.706848,-4.389983
327.000000,-1.229167,-1.095132,0.136426,0.705700,0.378258,0.428267,0.392289,0.670710,0.455467,0.314692,-3.315322,2.520778,-0.403508,-2.763871,2.796578,-5.849016,4.503796,1.735216,-0.992861,-1.827002,-5.667839,2.709033,-1.709022,-4.395259
328.000000,-1.230123,-1.095100,0.136340,0.707037,0.378557,0.428786,0.391813,0.670715,0.455567,0.315134,-3.317802,2.521242,-0.404079,-2.765897,2.798898,-5.854490,4.508966,1.739797,-0.993261,-1.829801,-5.674058,2.711310,-1.711190,-4.400519
329.000000,-1.231085,-1.095071,0.136253,0.708372,0.378856,0.429303,0.391342,0.670720,0.455667,0.315573,-3.320273,2.521703,-0.404650,-2.767916,2.801213,-5.859939,4.514117,1.744363,-0.993654,-1.832592,-5.680251,2.713576,-1.713351,-4.405764
330.000000,-1.232053,-1.095045,0.136166,0.709706,0.379154,0.429818,0.390875,0.670726,0.455768,0.316011,-3.322736,2.522162,-0.405220,-2.769928,2.803523,-5.865364,4.519248,1.748914,-0.994040,-1.835375,-5.686419,2.715832,-1.715505,-4.410993
331.000000,-1.233028,-1.095022,0.136079,0.711038,0.379453,0.430332,0.390413,0.670733,0.455868,0.316447,-3.325191,2.522617,-0.405788,-2.771932,2.805828,-5.870766,4.524361,1.753449,-0.994418,-1.838149,-5.692561,2.718077,-1.717654,-4.416208
332.000000,-1.234007,-1.095001,0.135992,0.712369,0.379751,0.430844,0.389956,0.670740,0.455967,0.316882,-3.327638,2.523071,-0.406357,-2.773928,2.808129,-5.876144,4.529455,1.757969,-0.994789,-1.840915,-5.698678,2.720312,-1.719796,-4.421407
333.000000,-1.234993,-1.094983,0.135905,0.713699,0.380049,0.431354,0.389503,0.670747,0.456067,0.317314,-3.330076,2.523521,-0.406924,-2.775917,2.810425,-5.881499,4.534530,1.762473,-0.995152,-1.843673,-5.704770,2.722537,-1.721931,-4.426592
334.000000,-1.235985,-1.094967,0.135817,0.715026,0.380347,0.431862,0.389056,0.670754,0.456167,0.317745,-3.332507,2.523969,-0.407490,-2.777899,2.812717,-5.886831,4.539586,1.766962,-0.995508,-1.846423,-5.710837,2.724751,-1.724061,-4.431762
335.000000,-1.236982,-1.094954,0.135730,0.716352,0.380645,0.432369,0.388613,0.670762,0.456266,0.318174,-3.334929,2.524414,-0.408056,-2.779873,2.815003,-5.892139,4.544624,1.771436,-0.995857,-1.849165,-5.716879,2.726956,-1.726184,-4.436917
336.000000,-1.237984,-1.094944,0.135642,0.717677,0.380943,0.432874,0.388175,0.670771,0.456365,0.318602,-3.337343,2.524856,-0.408620,-2.781840,2.817286,-5.897425,4.549644,1.775896,-0.996199,-1.851899,-5.722897,2.729150,-1.728301,-4.442057
337.000000,-1.238993,-1.094936,0.135555,0.719000,0.381241,0.433378,0.387741,0.670779,0.456464,0.319027,-3.339749,2.525296,-0.409184,-2.783799,2.819564,-5.902689,4.554645,1.780340,-0.996533,-1.854624,-5.728891,2.731335,-1.730412,-4.447183
338.000000,-1.240007,-1.094930,0.135467,0.720321,0.381538,0.433879,0.387313,0.670788,0.456563,0.319451,-3.342148,2.525734,-0.409747,-2.785751,2.821837,-5.907930,4.559629,1.784770,-0.996861,-1.857342,-5.734860,2.733509,-1.732517,-4.452294
339.000000,-1.241026,-1.094927,0.135379,0.721640,0.381836,0.434380,0.386889,0.670797,0.456662,0.319873,-3.344538,2.526169,-0.410309,-2.787696,2.824106,-5.913148,4.564594,1.789185,-0.997181,-1.860052,-5.740806,2.735674,-1.734616,-4.457391
340.000000,-1.242051,-1.094927,0.135291,0.722958,0.382133,0.434878,0.386470,0.670807,0.456760,0.320294,-3.346921,2.526601,-0.410870,-2.789634,2.826370,-5.918345,4.569542,1.793586,-0.997494,-1.862754,-5.746728,2.737829,-1.736709,-4.462473
341.000000,-1.243082,-1.094929,0.135203,0.724273,0.382430,0.435375,0.386056,0.670817,0.456859,0.320713,-3.349296,2.527031,-0.411430,-2.791565,2.828630,-5.923520,4.574471,1.797972,-0.997800,-1.865448,-5.752626,2.739975,-1.738796,-4.467541
342.000000,-1.244118,-1.094933,0.135115,0.725588,0.382728,0.435871,0.385646,0.670827,0.456957,0.321130,-3.351663,2.527458,-0.411990,-2.793489,2.830885,-5.928673,4.579384,1.802344,-0.998099,-1.868135,-5.758501,2.742111,-1.740877,-4.472595
343.000000,-1.245159,-1.094940,0.135027,0.726900,0.383025,0.436365,0.385242,0.670837,0.457055,0.321546,-3.354022,2.527883,-0.412548,-2.795406,2.833136,-5.933804,4.584278,1.806701,-0.998392,-1.870813,-5.764352,2.744238,-1.742952,-4.477635
344.000000,-1.246206,-1.094949,0.134938,0.728210,0.383322,0.436857,0.384842,0.670847,0.457153,0.321960,-3.356374,2.528305,-0.413106,-2.797315,2.835383,-5.938914,4.589156,1.811045,-0.998677,-1.873484,-5.770181,2.746355,-1.745021,-4.482661
345.000000,-1.247258,-1.094960,0.134850,0.729519,0.383619,0.437348,0.384447,0.670858,0.457250,0.322373,-3.358718,2.528725,-0.413663,-2.799218,2.837625,-5.944003,4.594016,1.815374,-0.998955,-1.876147,-5.775986,2.748463,-1.747085,-4.487672
346.000000,-1.248315,-1.094974,0.134761,0.730826,0.383916,0.437837,0.384057,0.670869,0.457348,0.322784,-3.361054,2.529143,-0.414219,-2.801114,2.839863,-5.949071,4.598859,1.819690,-0.999227,-1.878803,-5.781769,2.750561,-1.749143,-4.492670
347.000000,-1.249378,-1.094990,0.134673,0.732130,0.384213,0.438324,0.383672,0.670880,0.457445,0.323194,-3.363383,2.529558,-0.414774,-2.803003,2.842096,-5.954118,4.603685,1.823991,-0.999492,-1.881451,-5.787529,2.752651,-1.751195,-4.497654
348.000000,-1.250445,-1.095008,0.134584,0.733433,0.384509,0.438811,0.383291,0.670891,0.457542,0.323602,-3.365705,2.529971,-0.415328,-2.804885,2.844326,-5.959144,4.608494,1.828279,-0.999750,-1.884091,-5.793267,2.754731,-1.753242,-4.502625
349.000000,-1.251518,-1.095028,0.134495,0.734734,0.384806,0.439295,0.382915,0.670902,0.457639,0.324009,-3.368019,2.530382,-0.415882,-2.806761,2.846551,-5.964149,4.613286,1.832553,-1.000001,-1.886724,-5.798982,2.756802,-1.755283,-4.507581
350.000000,-1.252596,-1.095051,0.134407,0.736033,0.385103,0.439778,0.382545,0.670913,0.457736,0.324414,-3.370325,2.530790,-0.416434,-2.808630,2.848771,-5.969134,4.618061,1.836814,-1.000246,-1.889349,-5.804675,2.758865,-1.757319,-4.512524
351.000000,-1.253679,-1.095075,0.134318,0.737330,0.385400,0.440260,0.382178,0.670925,0.457833,0.324818,-3.372625,2.531196,-0.416986,-2.810492,2.850988,-5.974098,4.622820,1.841061,-1.000484,-1.891967,-5.810347,2.760918,-1.759349,-4.517454
352.000000,-1.254767,-1.095102,0.134229,0.738625,0.385697,0.440740,0.381817,0.670936,0.457929,0.325220,-3.374916,2.531600,-0.417536,-2.812347,2.853200,-5.979043,4.627563,1.845294,-1.000715,-1.894578,-5.815996,2.762963,-1.761373,-4.522370
353.000000,-1.255860,-1.095131,0.134140,0.739918,0.385993,0.441219,0.381461,0.670948,0.458026,0.325621,-3.377201,2.532002,-0.418086,-2.814196,2.855408,-5.983967,4.632289,1.849515,-1.000940,-1.897181,-5.821624,2.764998,-1.763392,-4.527272
354.000000,-1.256958,-1.095162,0.134051,0.741209,0.386290,0.441696,0.381109,0.670959,0.458122,0.326020,-3.379478,2.532401,-0.418635,-2.816038,2.857611,-5.988872,4.636999,1.853722,-1.001158,-1.899777,-5.827231,2.767026,-1.765406,-4.532162
355.000000,-1.258061,-1.095196,0.133962,0.742498,0.386587,0.442172,0.380762,0.670971,0.458218,0.326418,-3.381749,2.532798,-0.419183,-2.817874,2.859811,-5.993757,4.641693,1.857916,-1.001370,-1.902365,-5.832816,2.769044,-1.767414,-4.537037
356.000000,-1.259169,-1.095231,0.133873,0.743785,0.386884,0.442646,0.380420,0.670982,0.458313,0.326815,-3.384012,2.533193,-0.419731,-2.819703,2.862006,-5.998622,4.646370,1.862097,-1.001575,-1.904946,-5.838380,2.771054,-1.769417,-4.541900
357.000000,-1.260282,-1.095268,0.133784,0.745070,0.387181,0.443119,0.380083,0.670994,0.458409,0.327210,-3.386268,2.533586,-0.420277,-2.821526,2.864197,-6.003468,4.651032,1.866265,-1.001773,-1.907520,-5.843922,2.773056,-1.771415,-4.546750
358.000000,-1.261400,-1.095307,0.133694,0.746353,0.387477,0.443590,0.379750,0.671006,0.458504,0.327604,-3.388516,2.533976,-0.420822,-2.823342,2.866384,-6.008294,4.655678,1.870420,-1.001966,-1.910087,-5.849444,2.775049,-1.773407,-4.551587
359.000000,-1.262522,-1.095349,0.133605,0.747633,0.387774,0.444060,0.379423,0.671017,0.458600,0.327997,-3.390758,2.534365,-0.421367,-2.825152,2.868567,-6.013102,4.660308,1.874562,-1.002151,-1.912647,-5.854945,2.777033,-1.775394,-4.556410
360.000000,-1.263649,-1.095392,0.133516,0.748912,0.388071,0.444529,0.379100,0.671028,0.458695,0.328388,-3.392993,2.534751,-0.421911,-2.826955,2.870746,-6.017890,4.664923,1.878692,-1.002331,-1.915199,-5.860426,2.779010,-1.777376,-4.561221
361.000000,-1.264781,-1.095437,0.133427,0.750188,0.388368,0.444996,0.378782,0.671040,0.458790,0.328779,-3.395221,2.535135,-0.422454,-2.828752,2.872921,-6.022659,4.669522,1.882809,-1.002504,-1.917744,-5.865886,2.780978,-1.779353,-4.566019
362.000000,-1.265918,-1.095484,0.133337,0.751462,0.388665,0.445462,0.378469,0.671051,0.458884,0.329167,-3.397441,2.535517,-0.422996,-2.830543,2.875091,-6.027410,4.674106,1.886913,-1.002671,-1.920283,-5.871326,2.782938,-1.781324,-4.570804
363.000000,-1.267059,-1.095533,0.133248,0.752734,0.388962,0.445927,0.378160,0.671062,0.458979,0.329555,-3.399655,2.535898,-0.423537,-2.832328,2.877258,-6.032142,4.678674,1.891005,-1.002831,-1.922814,-5.876745,2.784889,-1.783291,-4.575576
364.000000,-1.268205,-1.095584,0.133158,0.754004,0.389259,0.446390,0.377857,0.671073,0.459073,0.329941,-3.401862,2.536276,-0.424077,-2.834106,2.879421,-6.036856,4.683227,1.895085,-1.002985,-1.925338,-5.882144,2.786833,-1.785252,-4.580336
365.000000,-1.269355,-1.095637,0.133069,0.755271,0.389557,0.446852,0.377558,0.671084,0.459167,0.330326,-3.404063,2.536652,-0.424616,-2.835879,2.881579,-6.041551,4.687765,1.899152,-1.003133,-1.927855,-5.887524,2.788769,-1.787209,-4.585083
366.000000,-1.270510,-1.095691,0.132980,0.756536,0.389854,0.447312,0.377264,0.671095,0.459261,0.330710,-3.406256,2.537026,-0.425155,-2.837645,2.883734,-6.046228,4.692288,1.903207,-1.003275,-1.930366,-5.892884,2.790697,-1.789160,-4.589817
367.000000,-1.271670,-1.095747,0.132890,0.757799,0.390151,0.447771,0.376975,0.671106,0.459355,0.331092,-3.408443,2.537398,-0.425692,-2.839405,2.885884,-6.050887,4.696796,1.907250,-1.003411,-1.932869,-5.898224,2.792616,-1.791106,-4.594539
368.000000,-1.272834,-1.095806,0.132801,0.759060,0.390449,0.448229,0.376690,0.671116,0.459449,0.331474,-3.410623,2.537768,-0.426229,-2.841159,2.888031,-6.055528,4.701289,1.911280,-1.003541,-1.935366,-5.903544,2.794528,-1.793048,-4.599248
369.000000,-1.274002,-1.095865,0.132711,0.760319,0.390746,0.448685,0.376410,0.671126,0.459542,0.331854,-3.412796,2.538136,-0.426765,-2.842906,2.890173,-6.060152,4.705768,1.915299,-1.003664,-1.937856,-5.908845,2.796433,-1.794984,-4.603946
370.000000,-1.275175,-1.095927,0.132622,0.761575,0.391044,0.449140,0.376136,0.671136,0.459635,0.332233,-3.414963,2.538502,-0.427300,-2.844648,2.892312,-6.064757,4.710231,1.919306,-1.003782,-1.940339,-5.914127,2.798329,-1.796916,-4.608630
371.000000,-1.276352,-1.095990,0.132532,0.762829,0.391342,0.449594,0.375865,0.671146,0.459729,0.332611,-3.417123,2.538866,-0.427834,-2.846384,2.894447,-6.069345,4.714681,1.923301,-1.003893,-1.942815,-5.919390,2.800218,-1.798843,-4.613303
372.000000,-1.277534,-1.096055,0.132443,0.764080,0.391640,0.450047,0.375600,0.671155,0.459821,0.332988,-3.419276,2.539229,-0.428367,-2.848114,2.896578,-6.073915,4.719115,1.927284,-1.003999,-1.945284,-5.924633,2.802099,-1.800765,-4.617963
373.000000,-1.278720,-1.096122,0.132353,0.765329,0.391938,0.450498,0.375339,0.671165,0.459914,0.333363,-3.421423,2.539589,-0.428900,-2.849838,2.898704,-6.078468,4.723535,1.931256,-1.004098,-1.947747,-5.929858,2.803973,-1.802682,-4.622612
374.000000,-1.279910,-1.096190,0.132263,0.766576,0.392236,0.450948,0.375084,0.671174,0.460007,0.333737,-3.423563,2.539948,-0.429431,-2.851556,2.900827,-6.083004,4.727941,1.935216,-1.004192,-1.950203,-5.935064,2.805839,-1.804595,-4.627248
375.000000,-1.281104,-1.096260,0.132174,0.767821,0.392534,0.451396,0.374832,0.671182,0.460099,0.334111,-3.425697,2.540305,-0.429962,-2.853269,2.902947,-6.087523,4.732333,1.939164,-1.004279,-1.952653,-5.940251,2.807698,-1.806503,-4.631872
376.000000,-1.282303,-1.096332,0.132084,0.769063,0.392832,0.451844,0.374586,0.671191,0.460192,0.334483,-3.427825,2.540660,-0.430492,-2.854975,2.905062,-6.092025,4.736711,1.943101,-1.004361,-1.955095,-5.945420,2.809549,-1.808406,-4.636484
377.000000,-1.283506,-1.096405,0.131995,0.770303,0.393131,0.452290,0.374344,0.671199,0.460284,0.334854,-3.429946,2.541013,-0.431021,-2.856676,2.907173,-6.096510,4.741074,1.947026,-1.004437,-1.957532,-5.950571,2.811393,-1.810304,-4.641084
378.000000,-1.284713,-1.096480,0.131905,0.771540,0.393430,0.452735,0.374107,0.671206,0.460376,0.335224,-3.432060,2.541364,-0.431549,-2.858371,2.909281,-6.100978,4.745424,1.950941,-1.004507,-1.959961,-5.955703,2.813230,-1.812198,-4.645673
379.000000,-1.285924,-1.096556,0.131816,0.772775,0.393728,0.453178,0.373875,0.671214,0.460467,0.335593,-3.434169,2.541713,-0.432076,-2.860060,2.911385,-6.105429,4.749759,1.954844,-1.004572,-1.962385,-5.960817,2.815059,-1.814087,-4.650249
380.000000,-1.287139,-1.096634,0.131726,0.774008,0.394027,0.453621,0.373648,0.671221,0.460559,0.335961,-3.436271,2.542061,-0.432602,-2.861744,2.913485,-6.109864,4.754081,1.958735,-1.004630,-1.964801,-5.965913,2.816881,-1.815972,-4.654814
381.000000,-1.288359,-1.096713,0.131637,0.775238,0.394327,0.454062,0.373425,0.671227,0.460650,0.336328,-3.438366,2.542407,-0.433128,-2.863422,2.915581,-6.114283,4.758390,1.962616,-1.004683,-1.967212,-5.970991,2.818697,-1.817852,-4.659368
382.000000,-1.289582,-1.096794,0.131547,0.776466,0.394626,0.454502,0.373207,0.671234,0.460741,0.336694,-3.440456,2.542751,-0.433653,-2.865094,2.917673,-6.118685,4.762684,1.966485,-1.004730,-1.969615,-5.976051,2.820505,-1.819727,-4.663909
383.000000,-1.290809,-1.096877,0.131458,0.777691,0.394925,0.454940,0.372994,0.671240,0.460832,0.337058,-3.442539,2.543094,-0.434176,-2.866761,2.919762,-6.123071,4.766965,1.970344,-1.004772,-1.972013,-5.981093,2.822306,-1.821598,-4.668439
384.000000,-1.292041,-1.096960,0.131368,0.778914,0.395225,0.455378,0.372785,0.671245,0.460923,0.337422,-3.444616,2.543434,-0.434699,-2.868422,2.921847,-6.127441,4.771233,1.974192,-1.004807,-1.974404,-5.986118,2.824100,-1.823465,-4.672958
385.000000,-1.293276,-1.097046,0.131279,0.780135,0.395525,0.455814,0.372581,0.671250,0.461014,0.337785,-3.446687,2.543774,-0.435222,-2.870077,2.923928,-6.131795,4.775487,1.978028,-1.004838,-1.976789,-5.991126,2.825887,-1.825327,-4.677465
386.000000,-1.294515,-1.097132,0.131189,0.781353,0.395825,0.456249,0.372382,0.671255,0.461105,0.338147,-3.448751,2.544111,-0.435743,-2.871727,2.926005,-6.136133,4.779728,1.981854,-1.004862,-1.979167,-5.996116,2.827667,-1.827185,-4.681960
387.000000,-1.295758,-1.097221,0.131100,0.782569,0.396125,0.456683,0.372187,0.671259,0.461195,0.338508,-3.450810,2.544447,-0.436263,-2.873372,2.928079,-6.140455,4.783955,1.985670,-1.004881,-1.981539,-6.001088,2.829440,-1.829038,-4.686444
388.000000,-1.297005,-1.097310,0.131010,0.783782,0.396425,0.457116,0.371997,0.671263,0.461285,0.338867,-3.452863,2.544781,-0.436783,-2.875011,2.930149,-6.144762,4.788170,1.989474,-1.004895,-1.983905,-6.006044,2.831206,-1.830887,-4.690917
389.000000,-1.298256,-1.097401,0.130921,0.784992,0.396726,0.457547,0.371812,0.671266,0.461375,0.339226,-3.454909,2.545113,-0.437301,-2.876645,2.932216,-6.149053,4.792371,1.993268,-1.004903,-1.986265,-6.010983,2.832966,-1.832731,-4.695379
390.000000,-1.299510,-1.097493,0.130832,0.786201,0.397027,0.457977,0.371631,0.671268,0.461465,0.339584,-3.456950,2.545444,-0.437819,-2.878273,2.934278,-6.153329,4.796560,1.997052,-1.004905,-1.988618,-6.015904,2.834719,-1.834571,-4.699829
391.000000,-1.300769,-1.097587,0.130742,0.787406,0.397327,0.458406,0.371455,0.671271,0.461555,0.339941,-3.458984,2.545773,-0.438336,-2.879896,2.936337,-6.157589,4.800735,2.000825,-1.004902,-1.990966,-6.020809,2.836465,-1.836407,-4.704268
392.000000,-1.302031,-1.097681,0.130653,0.788609,0.397629,0.458834,0.371284,0.671272,0.461645,0.340297,-3.461013,2.546100,-0.438853,-2.881513,2.938393,-6.161834,4.804898,2.004588,-1.004894,-1.993307,-6.025697,2.838205,-1.838239,-4.708696
393.000000,-1.303297,-1.097777,0.130564,0.789810,0.397930,0.459261,0.371117,0.671274,0.461734,0.340652,-3.463036,2.546426,-0.439368,-2.883126,2.940444,-6.166064,4.809048,2.008340,-1.004880,-1.995642,-6.030569,2.839938,-1.840066,-4.713113
394.000000,-1.304566,-1.097875,0.130474,0.791008,0.398232,0.459687,0.370955,0.671274,0.461823,0.341007,-3.465052,2.546751,-0.439882,-2.884733,2.942493,-6.170279,4.813185,2.012082,-1.004861,-1.997971,-6.035424,2.841665,-1.841889,-4.717519
395.000000,-1.305839,-1.097973,0.130385,0.792204,0.398533,0.460111,0.370797,0.671275,0.461912,0.341360,-3.467063,2.547074,-0.440396,-2.886334,2.944537,-6.174478,4.817309,2.015814,-1.004837,-2.000294,-6.040263,2.843385,-1.843708,-4.721914
396.000000,-1.307116,-1.098073,0.130296,0.793397,0.398835,0.460535,0.370644,0.671274,0.462001,0.341712,-3.469068,2.547395,-0.440909,-2.887931,2.946578,-6.178663,4.821421,2.019536,-1.004807,-2.002611,-6.045085,2.845098,-1.845523,-4.726298
397.000000,-1.308396,-1.098174,0.130207,0.794588,0.399137,0.460957,0.370496,0.671273,0.462090,0.342064,-3.471068,2.547715,-0.441421,-2.889522,2.948615,-6.182834,4.825521,2.023247,-1.004772,-2.004922,-6.049891,2.846806,-1.847334,-4.730672
398.000000,-1.309680,-1.098277,0.130118,0.795776,0.399440,0.461378,0.370352,0.671272,0.462179,0.342414,-3.473061,2.548033,-0.441932,-2.891108,2.950649,-6.186989,4.829608,2.026949,-1.004732,-2.007227,-6.054681,2.848506,-1.849140,-4.735034
399.000000,-1.310968,-1.098380,0.130029,0.796962,0.399743,0.461798,0.370212,0.671269,0.462267,0.342764,-3.475049,2.548349,-0.442442,-2.892689,2.952679,-6.191130,4.833683,2.030640,-1.004686,-2.009526,-6.059455,2.850201,-1.850943,-4.739386
400.000000,-1.312259,-1.098485,0.129940,0.798145,0.400045,0.462217,0.370077,0.671267,0.462356,0.343113,-3.477031,2.548665,-0.442952,-2.894265,2.954706,-6.195257,4.837745,2.034322,-1.004635,-2.011819,-6.064213,2.851889,-1.852741,-4.743726
401.000000,-1.313553,-1.098591,0.129851,0.799325,0.400349,0.462635,0.369947,0.671263,0.462444,0.343461,-3.479007,2.548978,-0.443461,-2.895836,2.956729,-6.199369,4.841796,2.037994,-1.004579,-2.014106,-6.068956,2.853571,-1.854535,-4.748057
402.000000,-1.314851,-1.098698,0.129762,0.800503,0.400652,0.463051,0.369821,0.671260,0.462532,0.343808,-3.480978,2.549291,-0.443968,-2.897401,2.958749,-6.203466,4.845834,2.041656,-1.004518,-2.016387,-6.073682,2.855247,-1.856325,-4.752376
403.000000,-1.316152,-1.098806,0.129673,0.801679,0.400955,0.463467,0.369700,0.671255,0.462620,0.344155,-3.482943,2.549601,-0.444475,-2.898962,2.960765,-6.207550,4.849860,2.045309,-1.004452,-2.018663,-6.078393,2.856917,-1.858111,-4.756685
404.000000,-1.317457,-1.098915,0.129584,0.802851,0.401259,0.463881,0.369584,0.671250,0.462708,0.344500,-3.484902,2.549911,-0.444982,-2.900517,2.962777,-6.211619,4.853874,2.048951,-1.004380,-2.020932,-6.083089,2.858580,-1.859894,-4.760983
405.000000,-1.318765,-1.099025,0.129495,0.804022,0.401563,0.464295,0.369471,0.671244,0.462795,0.344845,-3.486856,2.550219,-0.445487,-2.902068,2.964786,-6.215675,4.857876,2.052584,-1.004304,-2.023196,-6.087769,2.860238,-1.861672,-4.765271
406.000000,-1.320077,-1.099137,0.129406,0.805190,0.401868,0.464707,0.369364,0.671237,0.462883,0.345189,-3.488804,2.550525,-0.445992,-2.903613,2.966792,-6.219716,4.861867,2.056208,-1.004222,-2.025454,-6.092433,2.861889,-1.863446,-4.769549
407.000000,-1.321392,-1.099249,0.129317,0.806355,0.402172,0.465118,0.369260,0.671230,0.462970,0.345532,-3.490747,2.550830,-0.446495,-2.905154,2.968794,-6.223744,4.865845,2.059822,-1.004135,-2.027707,-6.097083,2.863534,-1.865216,-4.773816
408.000000,-1.322710,-1.099363,0.129229,0.807518,0.402477,0.465528,0.369161,0.671222,0.463057,0.345875,-3.492684,2.551134,-0.446998,-2.906690,2.970792,-6.227758,4.869812,2.063427,-1.004044,-2.029953,-6.101717,2.865174,-1.866983,-4.778072
409.000000,-1.324032,-1.099477,0.129140,0.808678,0.402782,0.465937,0.369067,0.671214,0.463144,0.346216,-3.494616,2.551436,-0.447501,-2.908220,2.972788,-6.231758,4.873767,2.067022,-1.003947,-2.032194,-6.106336,2.866807,-1.868745,-4.782318
410.000000,-1.325356,-1.099593,0.129052,0.809835,0.403087,0.466345,0.368977,0.671205,0.463231,0.346557,-3.496542,2.551737,-0.448002,-2.909746,2.974779,-6.235744,4.877711,2.070608,-1.003846,-2.034430,-6.110940,2.868435,-1.870504,-4.786554
411.000000,-1.326684,-1.099709,0.128963,0.810990,0.403393,0.466752,0.368891,0.671195,0.463318,0.346897,-3.498463,2.552037,-0.448502,-2.911267,2.976768,-6.239717,4.881643,2.074184,-1.003739,-2.036659,-6.115530,2.870057,-1.872258,-4.790780
412.000000,-1.328015,-1.099827,0.128874,0.812143,0.403699,0.467158,0.368810,0.671184,0.463405,0.347236,-3.500378,2.552335,-0.449002,-2.912784,2.978753,-6.243677,4.885563,2.077752,-1.003628,-2.038883,-6.120104,2.871673,-1.874009,-4.794996
413.000000,-1.329350,-1.099945,0.128786,0.813293,0.404005,0.467563,0.368733,0.671173,0.463491,0.347575,-3.502288,2.552632,-0.449501,-2.914295,2.980734,-6.247623,4.889472,2.081310,-1.003511,-2.041102,-6.124664,2.873283,-1.875756,-4.799201
414.000000,-1.330687,-1.100065,0.128698,0.814440,0.404311,0.467967,0.368661,0.671161,0.463578,0.347913,-3.504193,2.552928,-0.449999,-2.915802,2.982712,-6.251556,4.893370,2.084859,-1.003390,-2.043315,-6.129209,2.874887,-1.877500,-4.803396
415.000000,-1.332028,-1.100185,0.128609,0.815585,0.404618,0.468369,0.368593,0.671148,0.463664,0.348250,-3.506092,2.553222,-0.450497,-2.917303,2.984687,-6.255476,4.897257,2.088399,-1.003264,-2.045522,-6.133740,2.876486,-1.879239,-4.807581
416.000000,-1.333372,-1.100307,0.128521,0.816727,0.404924,0.468771,0.368529,0.671135,0.463750,0.348586,-3.507986,2.553515,-0.450993,-2.918801,2.986658,-6.259383,4.901132,2.091930,-1.003133,-2.047724,-6.138256,2.878079,-1.880975,-4.811757
417.000000,-1.334719,-1.100429,0.128433,0.817867,0.405232,0.469172,0.368470,0.671121,0.463836,0.348922,-3.509875,2.553807,-0.451489,-2.920293,2.988626,-6.263276,4.904996,2.095452,-1.002997,-2.049920,-6.142758,2.879667,-1.882707,-4.815922
418.000000,-1.336068,-1.100552,0.128345,0.819004,0.405539,0.469571,0.368415,0.671106,0.463922,0.349257,-3.511759,2.554097,-0.451984,-2.921781,2.990591,-6.267157,4.908849,2.098965,-1.002857,-2.052111,-6.147245,2.881248,-1.884435,-4.820077
419.000000,-1.337421,-1.100676,0.128257,0.820138,0.405846,0.469970,0.368364,0.671090,0.464007,0.349591,-3.513637,2.554386,-0.452478,-2.923264,2.992552,-6.271025,4.912691,2.102469,-1.002711,-2.054297,-6.151719,2.882825,-1.886160,-4.824222
420.000000,-1.338777,-1.100801,0.128169,0.821270,0.406154,0.470368,0.368318,0.671074,0.464093,0.349924,-3.515510,2.554674,-0.452971,-2.924742,2.994510,-6.274880,4.916522,2.105964,-1.002561,-2.056477,-6.156178,2.884396,-1.887881,-4.828357
421.000000,-1.340136,-1.100926,0.128081,0.822400,0.406463,0.470764,0.368276,0.671056,0.464179,0.350257,-3.517378,2.554961,-0.453464,-2.926216,2.996465,-6.278722,4.920342,2.109451,-1.002406,-2.058651,-6.160623,2.885961,-1.889598,-4.832483
422.000000,-1.341498,-1.101053,0.127993,0.823527,0.406771,0.471160,0.368238,0.671038,0.464264,0.350589,-3.519240,2.555246,-0.453956,-2.927685,2.998416,-6.282552,4.924152,2.112929,-1.002247,-2.060820,-6.165054,2.887521,-1.891312,-4.836599
423.000000,-1.342863,-1.101180,0.127905,0.824651,0.407080,0.471554,0.368204,0.671019,0.464349,0.350920,-3.521098,2.555530,-0.454447,-2.929150,3.000364,-6.286369,4.927950,2.116398,-1.002083,-2.062984,-6.169472,2.889075,-1.893022,-4.840705
424.000000,-1.344231,-1.101309,0.127817,0.825773,0.407389,0.471948,0.368175,0.671000,0.464434,0.351251,-3.522950,2.555813,-0.454937,-2.930610,3.002309,-6.290174,4.931738,2.119859,-1.001914,-2.065143,-6.173875,2.890624,-1.894728,-4.844801
425.000000,-1.345602,-1.101438,0.127730,0.826892,0.407698,0.472340,0.368149,0.670979,0.464519,0.351581,-3.524798,2.556095,-0.455427,-2.932065,3.004250,-6.293966,4.935515,2.123311,-1.001741,-2.067296,-6.178265,2.892168,-1.896431,-4.848888
426.000000,-1.346975,-1.101567,0.127642,0.828009,0.408007,0.472732,0.368128,0.670958,0.464604,0.351911,-3.526640,2.556376,-0.455915,-2.933516,3.006189,-6.297746,4.939281,2.126754,-1.001563,-2.069444,-6.182641,2.893706,-1.898130,-4.852965
427.000000,-1.348352,-1.101698,0.127554,0.829123,0.408317,0.473122,0.368112,0.670936,0.464689,0.352239,-3.528477,2.556655,-0.456403,-2.934963,3.008124,-6.301514,4.943037,2.130190,-1.001380,-2.071587,-6.187004,2.895239,-1.899826,-4.857032
428.000000,-1.349731,-1.101829,0.127467,0.830235,0.408627,0.473512,0.368099,0.670913,0.464773,0.352567,-3.530309,2.556934,-0.456890,-2.936405,3.010055,-6.305269,4.946782,2.133616,-1.001193,-2.073724,-6.191353,2.896767,-1.901518,-4.861090
429.000000,-1.351113,-1.101961,0.127379,0.831344,0.408937,0.473901,0.368091,0.670890,0.464858,0.352895,-3.532137,2.557211,-0.457377,-2.937842,3.011984,-6.309013,4.950517,2.137034,-1.001001,-2.075857,-6.195689,2.898289,-1.903206,-4.865138
430.000000,-1.352498,-1.102094,0.127292,0.832450,0.409248,0.474288,0.368086,0.670865,0.464942,0.353222,-3.533959,2.557487,-0.457863,-2.939275,3.013909,-6.312744,4.954241,2.140444,-1.000805,-2.077984,-6.200011,2.899807,-1.904892,-4.869177
431.000000,-1.353886,-1.102228,0.127205,0.833554,0.409559,0.474675,0.368086,0.670840,0.465027,0.353548,-3.535776,2.557762,-0.458347,-2.940704,3.015831,-6.316464,4.957955,2.143846,-1.000604,-2.080105,-6.204321,2.901319,-1.906573,-4.873206
432.000000,-1.355276,-1.102362,0.127118,0.834656,0.409870,0.475061,0.368090,0.670814,0.465111,0.353873,-3.537588,2.558035,-0.458832,-2.942128,3.017750,-6.320171,4.961659,2.147239,-1.000399,-2.082222,-6.208617,2.902826,-1.908251,-4.877226
433.000000,-1.356669,-1.102497,0.127030,0.835755,0.410181,0.475445,0.368098,0.670787,0.465195,0.354198,-3.539396,2.558308,-0.459315,-2.943548,3.019665,-6.323867,4.965352,2.150625,-1.000190,-2.084334,-6.212899,2.904328,-1.909926,-4.881237
434.000000,-1.358065,-1.102633,0.126943,0.836851,0.410493,0.475829,0.368110,0.670759,0.465279,0.354523,-3.541198,2.558579,-0.459798,-2.944964,3.021578,-6.327551,4.969035,2.154002,-0.999976,-2.086440,-6.217169,2.905825,-1.911597,-4.885238
435.000000,-1.359464,-1.102769,0.126856,0.837945,0.410805,0.476212,0.368127,0.670731,0.465363,0.354846,-3.542996,2.558850,-0.460279,-2.946375,3.023487,-6.331223,4.972709,2.157371,-0.999757,-2.088542,-6.221426,2.907317,-1.913265,-4.889230
436.000000,-1.360865,-1.102906,0.126769,0.839037,0.411117,0.476594,0.368147,0.670701,0.465447,0.355169,-3.544789,2.559119,-0.460760,-2.947782,3.025393,-6.334883,4.976372,2.160731,-0.999534,-2.090638,-6.225670,2.908803,-1.914929,-4.893213
437.000000,-1.362269,-1.103043,0.126683,0.840125,0.411429,0.476974,0.368171,0.670671,0.465530,0.355492,-3.546577,2.559388,-0.461241,-2.949184,3.027296,-6.338532,4.980024,2.164084,-0.999307,-2.092729,-6.229901,2.910285,-1.916590,-4.897186
438.000000,-1.363675,-1.103182,0.126596,0.841212,0.411742,0.477354,0.368200,0.670640,0.465614,0.355814,-3.548360,2.559655,-0.461720,-2.950583,3.029196,-6.342170,4.983667,2.167429,-0.999075,-2.094816,-6.234120,2.911762,-1.918248,-4.901150
439.000000,-1.365084,-1.103321,0.126509,0.842296,0.412055,0.477733,0.368232,0.670608,0.465697,0.356135,-3.550139,2.559921,-0.462199,-2.951977,3.031092,-6.345796,4.987300,2.170766,-0.998839,-2.096897,-6.238326,2.913234,-1.919902,-4.905105
440.000000,-1.366496,-1.103460,0.126422,0.843377,0.412368,0.478111,0.368268,0.670575,0.465781,0.356456,-3.551912,2.560186,-0.462677,-2.953367,3.032986,-6.349411,4.990924,2.174095,-0.998599,-2.098973,-6.242519,2.914701,-1.921553,-4.909051
441.000000,-1.367910,-1.103600,0.126336,0.844456,0.412682,0.478489,0.368309,0.670541,0.465864,0.356776,-3.553681,2.560450,-0.463155,-2.954752,3.034876,-6.353014,4.994537,2.177416,-0.998355,-2.101044,-6.246699,2.916163,-1.923201,-4.912988
442.000000,-1.369327,-1.103741,0.126249,0.845533,0.412995,0.478865,0.368353,0.670506,0.465947,0.357096,-3.555445,2.560713,-0.463631,-2.956134,3.036763,-6.356606,4.998140,2.180730,-0.998106,-2.103111,-6.250868,2.917621,-1.924845,-4.916916
443.000000,-1.370746,-1.103882,0.126163,0.846607,0.413309,0.479240,0.368401,0.670471,0.466030,0.357415,-3.557205,2.560975,-0.464107,-2.957511,3.038647,-6.360187,5.001734,2.184035,-0.997853,-2.105172,-6.255023,2.919073,-1.926486,-4.920835
444.000000,-1.372168,-1.104024,0.126077,0.847678,0.413624,0.479614,0.368453,0.670434,0.466113,0.357733,-3.558960,2.561236,-0.464583,-2.958884,3.040528,-6.363757,5.005318,2.187333,-0.997595,-2.107229,-6.259167,2.920521,-1.928124,-4.924745
445.000000,-1.373592,-1.104167,0.125991,0.848747,0.413938,0.479988,0.368509,0.670397,0.466196,0.358051,-3.560710,2.561497,-0.465057,-2.960253,3.042406,-6.367316,5.008892,2.190624,-0.997334,-2.109280,-6.263298,2.921964,-1.929759,-4.928646
446.000000,-1.375019,-1.104310,0.125904,0.849814,0.414253,0.480360,0.368569,0.670359,0.466279,0.358368,-3.562455,2.561756,-0.465531,-2.961618,3.044281,-6.370864,5.012457,2.193906,-0.997068,-2.111327,-6.267417,2.923402,-1.931390,-4.932538
447.000000,-1.376448,-1.104453,0.125818,0.850878,0.414568,0.480732,0.368633,0.670320,0.466362,0.358685,-3.564196,2.562014,-0.466004,-2.962979,3.046153,-6.374401,5.016013,2.197181,-0.996798,-2.113369,-6.271524,2.924836,-1.933018,-4.936421
448.000000,-1.377880,-1.104597,0.125732,0.851939,0.414884,0.481102,0.368701,0.670280,0.466445,0.359002,-3.565933,2.562271,-0.466476,-2.964335,3.048022,-6.377927,5.019558,2.200449,-0.996524,-2.115406,-6.275618,2.926265,-1.934643,-4.940295
449.000000,-1.379314,-1.104742,0.125646,0.852999,0.415199,0.481472,0.368772,0.670239,0.466527,0.359317,-3.567664,2.562527,-0.466947,-2.965688,3.049887,-6.381442,5.023095,2.203708,-0.996246,-2.117439,-6.279701,2.927689,-1.936264,-4.944161
450.000000,-1.380750,-1.104887,0.125561,0.854055,0.415515,0.481841,0.368848,0.670198,0.466610,0.359633,-3.569392,2.562783,-0.467418,-2.967036,3.051750,-6.384947,5.026621,2.206961,-0.995964,-2.119466,-6.283772,2.929109,-1.937883,-4.948017
451.000000,-1.382189,-1.105033,0.125475,0.855110,0.415831,0.482209,0.368927,0.670155,0.466692,0.359947,-3.571114,2.563037,-0.467888,-2.968381,3.053610,-6.388441,5.030139,2.210206,-0.995677,-2.121489,-6.287831,2.930524,-1.939498,-4.951865
452.000000,-1.383630,-1.105179,0.125389,0.856162,0.416147,0.482576,0.369010,0.670111,0.466774,0.360261,-3.572832,2.563290,-0.468358,-2.969721,3.055466,-6.391924,5.033647,2.213443,-0.995387,-2.123507,-6.291878,2.931935,-1.941110,-4.955704
453.000000,-1.385074,-1.105325,0.125304,0.857211,0.416464,0.482942,0.369096,0.670067,0.466857,0.360575,-3.574546,2.563543,-0.468827,-2.971058,3.057320,-6.395397,5.037146,2.216674,-0.995092,-2.125520,-6.295914,2.933341,-1.942719,-4.959535
454.000000,-1.386520,-1.105472,0.125218,0.858258,0.416781,0.483307,0.369187,0.670022,0.466939,0.360888,-3.576255,2.563794,-0.469294,-2.972390,3.059170,-6.398859,5.040636,2.219896,-0.994794,-2.127529,-6.299937,2.934742,-1.944324,-4.963357
455.000000,-1.387968,-1.105620,0.125133,0.859303,0.417098,0.483671,0.369281,0.669976,0.467021,0.361201,-3.577960,2.564045,-0.469762,-2.973719,3.061018,-6.402311,5.044116,2.223112,-0.994491,-2.129533,-6.303949,2.936139,-1.945927,-4.967170
456.000000,-1.389418,-1.105768,0.125047,0.860345,0.417415,0.484035,0.369379,0.669928,0.467103,0.361513,-3.579660,2.564295,-0.470228,-2.975043,3.062862,-6.405752,5.047588,2.226320,-0.994184,-2.131532,-6.307950,2.937531,-1.947526,-4.970975
457.000000,-1.390871,-1.105916,0.124962,0.861385,0.417733,0.484397,0.369481,0.669880,0.467185,0.361825,-3.581356,2.564544,-0.470694,-2.976364,3.064704,-6.409183,5.051050,2.229522,-0.993874,-2.133527,-6.311939,2.938920,-1.949123,-4.974771
458.000000,-1.392326,-1.106065,0.124877,0.862422,0.418051,0.484759,0.369586,0.669831,0.467267,0.362136,-3.583047,2.564792,-0.471159,-2.977681,3.066543,-6.412604,5.054503,2.232715,-0.993559,-2.135517,-6.315917,2.940303,-1.950716,-4.978558
459.000000,-1.393783,-1.106215,0.124792,0.863457,0.418369,0.485120,0.369695,0.669782,0.467349,0.362446,-3.584735,2.565039,-0.471624,-2.978994,3.068378,-6.416014,5.057948,2.235902,-0.993241,-2.137502,-6.319883,2.941683,-1.952307,-4.982337
460.000000,-1.395242,-1.106364,0.124707,0.864490,0.418687,0.485479,0.369808,0.669731,0.467430,0.362757,-3.586417,2.565286,-0.472088,-2.980303,3.070211,-6.419415,5.061383,2.239082,-0.992918,-2.139483,-6.323838,2.943057,-1.953894,-4.986108
461.000000,-1.396704,-1.106514,0.124622,0.865520,0.419006,0.485838,0.369924,0.669679,0.467512,0.363066,-3.588096,2.565531,-0.472551,-2.981608,3.072041,-6.422805,5.064809,2.242255,-0.992592,-2.141459,-6.327781,2.944428,-1.955478,-4.989870
462.000000,-1.398167,-1.106665,0.124537,0.866548,0.419324,0.486197,0.370044,0.669627,0.467594,0.363375,-3.589770,2.565776,-0.473013,-2.982909,3.073868,-6.426185,5.068227,2.245420,-0.992262,-2.143431,-6.331714,2.945794,-1.957059,-4.993624
463.000000,-1.399633,-1.106816,0.124453,0.867574,0.419643,0.486554,0.370167,0.669573,0.467675,0.363684,-3.591439,2.566020,-0.473475,-2.984207,3.075691,-6.429556,5.071635,2.248579,-0.991927,-2.145398,-6.335635,2.947156,-1.958637,-4.997369
464.000000,-1.401101,-1.106967,0.124368,0.868597,0.419963,0.486910,0.370294,0.669519,0.467757,0.363992,-3.593105,2.566263,-0.473936,-2.985500,3.077512,-6.432916,5.075035,2.251730,-0.991589,-2.147360,-6.339545,2.948514,-1.960212,-5.001107
465.000000,-1.402571,-1.107119,0.124284,0.869618,0.420282,0.487266,0.370425,0.669464,0.467838,0.364300,-3.594766,2.566505,-0.474396,-2.986790,3.079330,-6.436266,5.078426,2.254875,-0.991247,-2.149319,-6.343445,2.949868,-1.961784,-5.004835
466.000000,-1.404044,-1.107271,0.124199,0.870637,0.420602,0.487620,0.370559,0.669407,0.467919,0.364608,-3.596423,2.566747,-0.474856,-2.988076,3.081146,-6.439607,5.081809,2.258013,-0.990902,-2.151272,-6.347333,2.951217,-1.963354,-5.008556
467.000000,-1.405518,-1.107423,0.124115,0.871653,0.420922,0.487974,0.370697,0.669350,0.468001,0.364914,-3.598076,2.566987,-0.475315,-2.989359,3.082958,-6.442938,5.085183,2.261144,-0.990552,-2.153221,-6.351210,2.952562,-1.964920,-5.012268
468.000000,-1.406994,-1.107576,0.124030,0.872667,0.421242,0.488327,0.370838,0.669292,0.468082,0.365221,-3.599724,2.567227,-0.475773,-2.990637,3.084767,-6.446259,5.088548,2.264268,-0.990199,-2.155166,-6.355077,2.953903,-1.966483,-5.015972
469.000000,-1.408473,-1.107729,0.123946,0.873679,0.421562,0.488679,0.370983,0.669233,0.468163,0.365527,-3.601368,2.567466,-0.476230,-2.991912,3.086574,-6.449570,5.091904,2.267385,-0.989842,-2.157106,-6.358932,2.955240,-1.968043,-5.019668
470.000000,-1.409953,-1.107883,0.123862,0.874688,0.421883,0.489031,0.371131,0.669174,0.468244,0.365832,-3.603009,2.567705,-0.476687,-2.993183,3.088377,-6.452872,5.095252,2.270496,-0.989481,-2.159042,-6.362777,2.956572,-1.969601,-5.023356
471.000000,-1.411436,-1.108037,0.123778,0.875695,0.422203,0.489381,0.371283,0.669113,0.468325,0.366137,-3.604645,2.567942,-0.477144,-2.994451,3.090178,-6.456165,5.098592,2.273600,-0.989116,-2.160973,-6.366612,2.957901,-1.971155,-5.027035
472.000000,-1.412920,-1.108191,0.123694,0.876700,0.422524,0.489731,0.371438,0.669051,0.468406,0.366442,-3.606276,2.568179,-0.477599,-2.995714,3.091976,-6.459447,5.101923,2.276697,-0.988748,-2.162900,-6.370435,2.959225,-1.972707,-5.030707
473.000000,-1.414407,-1.108345,0.123611,0.877702,0.422846,0.490079,0.371596,0.668989,0.468487,0.366746,-3.607904,2.568415,-0.478054,-2.996974,3.093771,-6.462720,5.105245,2.279788,-0.988376,-2.164823,-6.374248,2.960546,-1.974255,-5.034370
474.000000,-1.415895,-1.108500,0.123527,0.878703,0.423167,0.490427,0.371758,0.668925,0.468568,0.367050,-3.609528,2.568651,-0.478508,-2.998231,3.095564,-6.465984,5.108560,2.282871,-0.988000,-2.166741,-6.378051,2.961862,-1.975801,-5.038026
475.000000,-1.417386,-1.108655,0.123443,0.879701,0.423489,0.490774,0.371924,0.668861,0.468649,0.367353,-3.611147,2.568885,-0.478962,-2.999484,3.097353,-6.469239,5.111866,2.285949,-0.987621,-2.168655,-6.381843,2.963174,-1.977344,-5.041673
476.000000,-1.418878,-1.108810,0.123360,0.880697,0.423810,0.491120,0.372092,0.668796,0.468730,0.367656,-3.612762,2.569119,-0.479415,-3.000733,3.099140,-6.472484,5.115163,2.289019,-0.987238,-2.170565,-6.385625,2.964483,-1.978884,-5.045313
477.000000,-1.420373,-1.108966,0.123276,0.881690,0.424132,0.491466,0.372265,0.668729,0.468811,0.367959,-3.614374,2.569353,-0.479867,-3.001978,3.100923,-6.475720,5.118452,2.292084,-0.986851,-2.172470,-6.389396,2.965787,-1.980421,-5.048944
478.000000,-1.421869,-1.109122,0.123193,0.882681,0.424455,0.491810,0.372440,0.668662,0.468891,0.368261,-3.615981,2.569585,-0.480319,-3.003220,3.102704,-6.478946,5.121733,2.295141,-0.986461,-2.174371,-6.393157,2.967088,-1.981956,-5.052567
479.000000,-1.423367,-1.109278,0.123110,0.883670,0.424777,0.492154,0.372619,0.668594,0.468972,0.368563,-3.617584,2.569817,-0.480770,-3.004459,3.104483,-6.482164,5.125006,2.298193,-0.986067,-2.176268,-6.396907,2.968384,-1.983487,-5.056183
480.000000,-1.424867,-1.109434,0.123027,0.884657,0.425100,0.492497,0.372801,0.668525,0.469053,0.368864,-3.619184,2.570048,-0.481220,-3.005694,3.106258,-6.485372,5.128271,2.301237,-0.985669,-2.178160,-6.400648,2.969677,-1.985016,-5.059791
481.000000,-1.426369,-1.109591,0.122944,0.885642,0.425422,0.492839,0.372986,0.668456,0.469133,0.369165,-3.620779,2.570279,-0.481670,-3.006925,3.108031,-6.488571,5.131528,2.304276,-0.985268,-2.180049,-6.404378,2.970966,-1.986542,-5.063391
482.000000,-1.427873,-1.109748,0.122861,0.886624,0.425745,0.493180,0.373174,0.668385,0.469214,0.369465,-3.622370,2.570509,-0.482119,-3.008153,3.109800,-6.491762,5.134776,2.307308,-0.984863,-2.181933,-6.408098,2.972251,-1.988065,-5.066983
483.000000,-1.429379,-1.109905,0.122778,0.887605,0.426069,0.493520,0.373366,0.668314,0.469294,0.369765,-3.623958,2.570738,-0.482567,-3.009377,3.111568,-6.494943,5.138017,2.310333,-0.984455,-2.183813,-6.411809,2.973532,-1.989586,-5.070567
484.000000,-1.430886,-1.110063,0.122695,0.888583,0.426392,0.493860,0.373561,0.668241,0.469375,0.370065,-3.625541,2.570967,-0.483015,-3.010598,3.113332,-6.498115,5.141249,2.313353,-0.984043,-2.185688,-6.415509,2.974809,-1.991103,-5.074144
485.000000,-1.432396,-1.110220,0.122612,0.889559,0.426715,0.494199,0.373759,0.668168,0.469455,0.370364,-3.627120,2.571195,-0.483462,-3.011815,3.115094,-6.501278,5.144473,2.316366,-0.983628,-2.187560,-6.419199,2.976082,-1.992618,-5.077712
486.000000,-1.433907,-1.110378,0.122530,0.890532,0.427039,0.494537,0.373961,0.668093,0.469536,0.370663,-3.628696,2.571422,-0.483908,-3.013029,3.116852,-6.504433,5.147690,2.319373,-0.983209,-2.189427,-6.422879,2.977352,-1.994130,-5.081274
487.000000,-1.435419,-1.110537,0.122447,0.891504,0.427363,0.494874,0.374165,0.668018,0.469616,0.370961,-3.630268,2.571649,-0.484354,-3.014239,3.118609,-6.507579,5.150899,2.322373,-0.982787,-2.191290,-6.426550,2.978618,-1.995640,-5.084827
488.000000,-1.436934,-1.110695,0.122365,0.892473,0.427687,0.495210,0.374373,0.667942,0.469696,0.371259,-3.631835,2.571875,-0.484799,-3.015446,3.120362,-6.510716,5.154099,2.325368,-0.982361,-2.193149,-6.430210,2.979880,-1.997146,-5.088373
489.000000,-1.438451,-1.110853,0.122283,0.893441,0.428011,0.495546,0.374584,0.667865,0.469777,0.371557,-3.633399,2.572101,-0.485244,-3.016649,3.122113,-6.513844,5.157292,2.328356,-0.981932,-2.195004,-6.433861,2.981138,-1.998650,-5.091911
490.000000,-1.439969,-1.111012,0.122200,0.894406,0.428336,0.495881,0.374798,0.667788,0.469857,0.371854,-3.634960,2.572325,-0.485688,-3.017849,3.123861,-6.516963,5.160477,2.331338,-0.981499,-2.196855,-6.437502,2.982393,-2.000152,-5.095441
491.000000,-1.441489,-1.111171,0.122118,0.895369,0.428660,0.496215,0.375015,0.667709,0.469937,0.372151,-3.636516,2.572550,-0.486131,-3.019046,3.125606,-6.520074,5.163655,2.334314,-0.981063,-2.198702,-6.441134,2.983644,-2.001650,-5.098964
492.000000,-1.443010,-1.111330,0.122036,0.896330,0.428985,0.496548,0.375235,0.667630,0.470018,0.372447,-3.638068,2.572774,-0.486574,-3.020239,3.127348,-6.523177,5.166824,2.337284,-0.980623,-2.200545,-6.444755,2.984891,-2.003146,-5.102480
493.000000,-1.444533,-1.111490,0.121954,0.897289,0.429310,0.496880,0.375458,0.667549,0.470098,0.372744,-3.639617,2.572997,-0.487016,-3.021429,3.129088,-6.526270,5.169986,2.340248,-0.980180,-2.202383,-6.448368,2.986135,-2.004640,-5.105988
494.000000,-1.446058,-1.111649,0.121873,0.898245,0.429634,0.497212,0.375684,0.667468,0.470178,0.373039,-3.641162,2.573219,-0.487457,-3.022615,3.130826,-6.529356,5.173141,2.343205,-0.979734,-2.204218,-6.451970,2.987375,-2.006130,-5.109488
495.000000,-1.447585,-1.111809,0.121791,0.899200,0.429960,0.497542,0.375914,0.667386,0.470258,0.373335,-3.642703,2.573441,-0.487898,-3.023798,3.132560,-6.532433,5.176287,2.346157,-0.979285,-2.206048,-6.455564,2.988612,-2.007618,-5.112981
496.000000,-1.449113,-1.111969,0.121709,0.900153,0.430285,0.497872,0.376146,0.667303,0.470338,0.373630,-3.644240,2.573663,-0.488338,-3.024978,3.134292,-6.535501,5.179426,2.349103,-0.978832,-2.207875,-6.459147,2.989845,-2.009104,-5.116467
497.000000,-1.450643,-1.112129,0.121628,0.901103,0.430610,0.498202,0.376381,0.667219,0.470418,0.373924,-3.645774,2.573884,-0.488778,-3.026155,3.136021,-6.538561,5.182558,2.352043,-0.978375,-2.209697,-6.462722,2.991074,-2.010586,-5.119945
498.000000,-1.452175,-1.112289,0.121546,0.902052,0.430936,0.498530,0.376619,0.667134,0.470498,0.374219,-3.647304,2.574104,-0.489217,-3.027328,3.137748,-6.541613,5.185682,2.354977,-0.977915,-2.211516,-6.466287,2.992300,-2.012066,-5.123415
499.000000,-1.453708,-1.112449,0.121465,0.902998,0.431261,0.498858,0.376861,0.667049,0.470578,0.374513,-3.648830,2.574324,-0.489655,-3.028498,3.139472,-6.544656,5.188798,2.357905,-0.977453,-2.213331,-6.469843,2.993522,-2.013544,-5.126879
500.000000,-1.455243,-1.112610,0.121384,0.903943,0.431587,0.499185,0.377105,0.666962,0.470659,0.374806,-3.650353,2.574544,-0.490093,-3.029664,3.141193,-6.547691,5.191907,2.360827,-0.976986,-2.215141,-6.473389,2.994741,-2.015019,-5.130335
501.000000,-1.456779,-1.112771,0.121303,0.904885,0.431913,0.499511,0.377352,0.666875,0.470739,0.375099,-3.651871,2.574762,-0.490530,-3.030828,3.142912,-6.550718,5.195009,2.363743,-0.976517,-2.216948,-6.476927,2.995956,-2.016491,-5.133783
502.000000,-1.458317,-1.112931,0.121222,0.905825,0.432239,0.499836,0.377602,0.666787,0.470819,0.375392,-3.653387,2.574981,-0.490966,-3.031988,3.144628,-6.553737,5.198103,2.366654,-0.976044,-2.218751,-6.480455,2.997168,-2.017961,-5.137225
503.000000,-1.459857,-1.113092,0.121141,0.906764,0.432565,0.500160,0.377855,0.666698,0.470899,0.375685,-3.654898,2.575199,-0.491402,-3.033144,3.146341,-6.556748,5.201190,2.369559,-0.975568,-2.220550,-6.483974,2.998376,-2.019428,-5.140659
504.000000,-1.461398,-1.113254,0.121060,0.907700,0.432892,0.500484,0.378110,0.666608,0.470979,0.375977,-3.656406,2.575416,-0.491837,-3.034298,3.148052,-6.559750,5.204269,2.372458,-0.975089,-2.222345,-6.487484,2.999581,-2.020893,-5.144085
505.000000,-1.462940,-1.113415,0.120979,0.908635,0.433218,0.500807,0.378369,0.666517,0.471058,0.376269,-3.657910,2.575633,-0.492272,-3.035448,3.149760,-6.562745,5.207341,2.375351,-0.974606,-2.224136,-6.490985,3.000782,-2.022355,-5.147505
506.000000,-1.464484,-1.113576,0.120899,0.909567,0.433544,0.501129,0.378630,0.666426,0.471138,0.376560,-3.659411,2.575849,-0.492706,-3.036596,3.151466,-6.565731,5.210406,2.378238,-0.974120,-2.225923,-6.494476,3.001980,-2.023814,-5.150918
507.000000,-1.466030,-1.113738,0.120818,0.910498,0.433871,0.501451,0.378894,0.666334,0.471218,0.376851,-3.660908,2.576065,-0.493140,-3.037739,3.153169,-6.568710,5.213464,2.381120,-0.973631,-2.227706,-6.497959,3.003175,-2.025271,-5.154323
508.000000,-1.467577,-1.113899,0.120738,0.911426,0.434198,0.501771,0.379161,0.666241,0.471298,0.377142,-3.662402,2.576281,-0.493573,-3.038880,3.154869,-6.571681,5.216514,2.383996,-0.973139,-2.229486,-6.501433,3.004366,-2.026726,-5.157721
509.000000,-1.469126,-1.114061,0.120657,0.912353,0.434525,0.502091,0.379431,0.666147,0.471378,0.377433,-3.663892,2.576496,-0.494005,-3.040018,3.156567,-6.574643,5.219558,2.386867,-0.972644,-2.231262,-6.504899,3.005554,-2.028178,-5.161112
510.000000,-1.470676,-1.114223,0.120577,0.913277,0.434851,0.502411,0.379704,0.666052,0.471458,0.377723,-3.665378,2.576711,-0.494437,-3.041152,3.158263,-6.577598,5.222594,2.389732,-0.972146,-2.233033,-6.508355,3.006739,-2.029628,-5.164496
511.000000,-1.472228,-1.114385,0.120497,0.914200,0.435178,0.502729,0.379979,0.665956,0.471538,0.378013,-3.666861,2.576925,-0.494868,-3.042284,3.159955,-6.580545,5.225623,2.392591,-0.971644,-2.234802,-6.511803,3.007920,-2.031075,-5.167873
512.000000,-1.473781,-1.114547,0.120417,0.915121,0.435506,0.503047,0.380257,0.665860,0.471618,0.378302,-3.668340,2.577138,-0.495298,-3.043412,3.161646,-6.583485,5.228645,2.395445,-0.971139,-2.236566,-6.515241,3.009098,-2.032519,-5.171242
513.000000,-1.475335,-1.114709,0.120337,0.916039,0.435833,0.503364,0.380537,0.665763,0.471698,0.378591,-3.669816,2.577352,-0.495728,-3.044537,3.163333,-6.586416,5.231659,2.398293,-0.970631,-2.238326,-6.518671,3.010273,-2.033961,-5.174605
514.000000,-1.476891,-1.114871,0.120257,0.916956,0.436160,0.503680,0.380821,0.665665,0.471778,0.378880,-3.671289,2.577565,-0.496158,-3.045659,3.165019,-6.589340,5.234667,2.401136,-0.970121,-2.240083,-6.522093,3.011444,-2.035401,-5.177961
515.000000,-1.478448,-1.115034,0.120178,0.917871,0.436487,0.503995,0.381107,0.665566,0.471857,0.379168,-3.672758,2.577777,-0.496587,-3.046778,3.166701,-6.592256,5.237668,2.403973,-0.969607,-2.241836,-6.525506,3.012612,-2.036838,-5.181310
516.000000,-1.480007,-1.115196,0.120098,0.918785,0.436815,0.504310,0.381395,0.665466,0.471937,0.379457,-3.674223,2.577989,-0.497015,-3.047893,3.168381,-6.595165,5.240662,2.406805,-0.969090,-2.243585,-6.528910,3.013777,-2.038273,-5.184651
517.000000,-1.481567,-1.115358,0.120019,0.919696,0.437142,0.504624,0.381687,0.665366,0.472017,0.379744,-3.675685,2.578201,-0.497442,-3.049006,3.170059,-6.598066,5.243649,2.409631,-0.968569,-2.245331,-6.532306,3.014939,-2.039705,-5.187986
518.000000,-1.483129,-1.115521,0.119939,0.920605,0.437470,0.504937,0.381981,0.665265,0.472097,0.380032,-3.677144,2.578412,-0.497870,-3.050116,3.171734,-6.600959,5.246629,2.412452,-0.968046,-2.247073,-6.535693,3.016098,-2.041135,-5.191314
519.000000,-1.484691,-1.115684,0.119860,0.921513,0.437797,0.505249,0.382277,0.665163,0.472177,0.380319,-3.678599,2.578623,-0.498296,-3.051222,3.173407,-6.603845,5.249602,2.415267,-0.967520,-2.248811,-6.539072,3.017253,-2.042563,-5.194635
520.000000,-1.486256,-1.115846,0.119781,0.922419,0.438125,0.505561,0.382576,0.665060,0.472257,0.380606,-3.680051,2.578834,-0.498722,-3.052326,3.175077,-6.606723,5.252568,2.418077,-0.966991,-2.250545,-6.542442,3.018405,-2.043988,-5.197949
521.000000,-1.487821,-1.116009,0.119702,0.923323,0.438453,0.505872,0.382878,0.664957,0.472337,0.380893,-3.681499,2.579044,-0.499147,-3.053426,3.176744,-6.609594,5.255527,2.420882,-0.966459,-2.252276,-6.545804,3.019554,-2.045410,-5.201257
522.000000,-1.489388,-1.116172,0.119623,0.924225,0.438781,0.506182,0.383182,0.664852,0.472416,0.381179,-3.682944,2.579254,-0.499572,-3.054524,3.178409,-6.612458,5.258480,2.423681,-0.965923,-2.254003,-6.549157,3.020700,-2.046831,-5.204557
523.000000,-1.490956,-1.116335,0.119544,0.925125,0.439108,0.506491,0.383489,0.664747,0.472496,0.381465,-3.684386,2.579463,-0.499996,-3.055618,3.180072,-6.615314,5.261426,2.426475,-0.965385,-2.255727,-6.552503,3.021842,-2.048249,-5.207851
524.000000,-1.492526,-1.116498,0.119465,0.926023,0.439436,0.506800,0.383798,0.664642,0.472576,0.381750,-3.685824,2.579673,-0.500420,-3.056710,3.181732,-6.618163,5.264365,2.429264,-0.964844,-2.257446,-6.555840,3.022982,-2.049664,-5.211138
525.000000,-1.494096,-1.116661,0.119386,0.926920,0.439764,0.507108,0.384110,0.664535,0.472656,0.382036,-3.687259,2.579881,-0.500843,-3.057798,3.183390,-6.621004,5.267297,2.432048,-0.964300,-2.259162,-6.559169,3.024119,-2.051077,-5.214418
526.000000,-1.495668,-1.116824,0.119308,0.927815,0.440092,0.507415,0.384424,0.664428,0.472736,0.382321,-3.688691,2.580090,-0.501266,-3.058884,3.185045,-6.623838,5.270223,2.434826,-0.963753,-2.260875,-6.562489,3.025252,-2.052488,-5.217691
527.000000,-1.497242,-1.116987,0.119229,0.928708,0.440420,0.507722,0.384740,0.664320,0.472816,0.382605,-3.690119,2.580298,-0.501688,-3.059967,3.186698,-6.626665,5.273142,2.437599,-0.963203,-2.262584,-6.565801,3.026382,-2.053897,-5.220958
528.000000,-1.498816,-1.117151,0.119151,0.929599,0.440748,0.508028,0.385059,0.664211,0.472896,0.382890,-3.691544,2.580506,-0.502109,-3.061046,3.188348,-6.629485,5.276054,2.440367,-0.962650,-2.264289,-6.569106,3.027510,-2.055303,-5.224218
529.000000,-1.500392,-1.117314,0.119073,0.930489,0.441076,0.508333,0.385381,0.664102,0.472975,0.383174,-3.692966,2.580713,-0.502530,-3.062123,3.189996,-6.632298,5.278960,2.443129,-0.962094,-2.265991,-6.572402,3.028634,-2.056707,-5.227472
530.000000,-1.501969,-1.117477,0.118994,0.931377,0.441404,0.508637,0.385705,0.663991,0.473055,0.383458,-3.694385,2.580921,-0.502950,-3.063197,3.191642,-6.635103,5.281859,2.445887,-0.961536,-2.267689,-6.575690,3.029755,-2.058108,-5.230718
531.000000,-1.503547,-1.117641,0.118916,0.932263,0.441732,0.508941,0.386031,0.663880,0.473135,0.383741,-3.695800,2.581128,-0.503370,-3.064268,3.193285,-6.637901,5.284752,2.448639,-0.960974,-2.269384,-6.578970,3.030873,-2.059508,-5.233959
532.000000,-1.505127,-1.117804,0.118838,0.933147,0.442061,0.509244,0.386360,0.663769,0.473215,0.384024,-3.697212,2.581334,-0.503789,-3.065336,3.194926,-6.640692,5.287638,2.451386,-0.960410,-2.271075,-6.582242,3.031989,-2.060905,-5.237192
533.000000,-1.506708,-1.117968,0.118761,0.934030,0.442389,0.509546,0.386691,0.663656,0.473295,0.384307,-3.698621,2.581540,-0.504208,-3.066401,3.196564,-6.643477,5.290518,2.454128,-0.959842,-2.272763,-6.585506,3.033101,-2.062299,-5.240419
534.000000,-1.508289,-1.118131,0.118683,0.934911,0.442717,0.509847,0.387024,0.663543,0.473375,0.384590,-3.700026,2.581747,-0.504626,-3.067463,3.198200,-6.646254,5.293391,2.456865,-0.959272,-2.274447,-6.588763,3.034210,-2.063692,-5.243639
535.000000,-1.509872,-1.118295,0.118605,0.935790,0.443045,0.510148,0.387360,0.663430,0.473455,0.384872,-3.701429,2.581952,-0.505044,-3.068522,3.199833,-6.649024,5.296257,2.459597,-0.958699,-2.276127,-6.592011,3.035317,-2.065082,-5.246853
536.000000,-1.511457,-1.118458,0.118528,0.936668,0.443373,0.510448,0.387698,0.663315,0.473535,0.385154,-3.702828,2.582158,-0.505461,-3.069579,3.201464,-6.651787,5.299118,2.462324,-0.958124,-2.277804,-6.595252,3.036420,-2.066469,-5.250061
537.000000,-1.513042,-1.118622,0.118450,0.937544,0.443701,0.510748,0.388038,0.663200,0.473615,0.385436,-3.704224,2.582363,-0.505877,-3.070632,3.203093,-6.654544,5.301971,2.465046,-0.957545,-2.279478,-6.598485,3.037521,-2.067855,-5.253261
538.000000,-1.514629,-1.118786,0.118373,0.938418,0.444030,0.511046,0.388381,0.663084,0.473695,0.385717,-3.705617,2.582568,-0.506293,-3.071683,3.204719,-6.657293,5.304819,2.467763,-0.956964,-2.281148,-6.601710,3.038618,-2.069238,-5.256456
539.000000,-1.516216,-1.118949,0.118296,0.939290,0.444358,0.511344,0.388725,0.662967,0.473775,0.385998,-3.707006,2.582773,-0.506708,-3.072731,3.206343,-6.660036,5.307660,2.470474,-0.956380,-2.282814,-6.604927,3.039713,-2.070619,-5.259644
540.000000,-1.517805,-1.119113,0.118219,0.940161,0.444686,0.511642,0.389072,0.662850,0.473855,0.386279,-3.708393,2.582978,-0.507123,-3.073776,3.207964,-6.662771,5.310495,2.473181,-0.955793,-2.284478,-6.608136,3.040805,-2.071998,-5.262825
541.000000,-1.519395,-1.119277,0.118142,0.941030,0.445014,0.511938,0.389422,0.662732,0.473935,0.386560,-3.709776,2.583182,-0.507538,-3.074819,3.209584,-6.665500,5.313323,2.475883,-0.955203,-2.286137,-6.611338,3.041894,-2.073375,-5.266000
542.000000,-1.520986,-1.119440,0.118065,0.941898,0.445342,0.512234,0.389773,0.662614,0.474015,0.386840,-3.711156,2.583386,-0.507951,-3.075858,3.211200,-6.668223,5.316145,2.478580,-0.954611,-2.287794,-6.614532,3.042980,-2.074749,-5.269169
543.000000,-1.522578,-1.119604,0.117988,0.942764,0.445670,0.512529,0.390127,0.662494,0.474095,0.387120,-3.712534,2.583590,-0.508365,-3.076895,3.212815,-6.670938,5.318961,2.481272,-0.954016,-2.289446,-6.617719,3.044063,-2.076121,-5.272331
544.000000,-1.524171,-1.119768,0.117911,0.943628,0.445998,0.512824,0.390482,0.662375,0.474175,0.387400,-3.713908,2.583793,-0.508777,-3.077929,3.214427,-6.673647,5.321771,2.483959,-0.953418,-2.291096,-6.620898,3.045144,-2.077491,-5.275487
545.000000,-1.525766,-1.119932,0.117835,0.944491,0.446326,0.513117,0.390840,0.662254,0.474255,0.387679,-3.715279,2.583997,-0.509190,-3.078960,3.216037,-6.676349,5.324575,2.486642,-0.952817,-2.292742,-6.624070,3.046221,-2.078859,-5.278637
546.000000,-1.527361,-1.120095,0.117758,0.945352,0.446654,0.513410,0.391200,0.662133,0.474335,0.387959,-3.716646,2.584200,-0.509601,-3.079989,3.217644,-6.679044,5.327372,2.489319,-0.952214,-2.294384,-6.627234,3.047296,-2.080225,-5.281780
547.000000,-1.528957,-1.120259,0.117682,0.946212,0.446982,0.513703,0.391563,0.662011,0.474415,0.388237,-3.718011,2.584403,-0.510013,-3.081015,3.219249,-6.681733,5.330163,2.491992,-0.951608,-2.296024,-6.630390,3.048368,-2.081588,-5.284917
548.000000,-1.530555,-1.120423,0.117605,0.947070,0.447310,0.513994,0.391927,0.661888,0.474495,0.388516,-3.719373,2.584606,-0.510423,-3.082038,3.220852,-6.684415,5.332948,2.494659,-0.951000,-2.297660,-6.633540,3.049438,-2.082949,-5.288048
549.000000,-1.532153,-1.120587,0.117529,0.947926,0.447638,0.514285,0.392293,0.661765,0.474575,0.388794,-3.720732,2.584809,-0.510833,-3.083058,3.222452,-6.687091,5.335727,2.497322,-0.950388,-2.299292,-6.636681,3.050504,-2.084308,-5.291172
550.000000,-1.533753,-1.120751,0.117453,0.948781,0.447966,0.514576,0.392662,0.661642,0.474656,0.389072,-3.722088,2.585011,-0.511243,-3.084075,3.224051,-6.689760,5.338500,2.499981,-0.949774,-2.300921,-6.639816,3.051568,-2.085665,-5.294290
551.000000,-1.535353,-1.120915,0.117377,0.949634,0.448294,0.514865,0.393032,0.661517,0.474736,0.389350,-3.723440,2.585214,-0.511652,-3.085090,3.225646,-6.692423,5.341267,2.502634,-0.949158,-2.302547,-6.642943,3.052629,-2.087020,-5.297403
552.000000,-1.536955,-1.121078,0.117301,0.950486,0.448622,0.515154,0.393405,0.661392,0.474816,0.389628,-3.724790,2.585416,-0.512061,-3.086102,3.227240,-6.695079,5.344028,2.505283,-0.948539,-2.304170,-6.646062,3.053687,-2.088373,-5.300508
553.000000,-1.538557,-1.121242,0.117226,0.951336,0.448950,0.515443,0.393779,0.661267,0.474896,0.389905,-3.726137,2.585618,-0.512469,-3.087112,3.228831,-6.697729,5.346782,2.507927,-0.947917,-2.305789,-6.649175,3.054743,-2.089723,-5.303608
554.000000,-1.540161,-1.121406,0.117150,0.952185,0.449277,0.515730,0.394156,0.661140,0.474976,0.390182,-3.727481,2.585820,-0.512876,-3.088119,3.230420,-6.700372,5.349531,2.510566,-0.947293,-2.307405,-6.652280,3.055796,-2.091072,-5.306702
555.000000,-1.541765,-1.121570,0.117075,0.953032,0.449605,0.516017,0.394534,0.661014,0.475057,0.390459,-3.728821,2.586021,-0.513283,-3.089123,3.232007,-6.703009,5.352274,2.513200,-0.946666,-2.309017,-6.655378,3.056846,-2.092418,-5.309789
556.000000,-1.543370,-1.121734,0.116999,0.953878,0.449932,0.516303,0.394915,0.660886,0.475137,0.390735,-3.730159,2.586223,-0.513690,-3.090124,3.233591,-6.705640,5.355011,2.515830,-0.946036,-2.310626,-6.658469,3.057894,-2.093762,-5.312870
557.000000,-1.544977,-1.121898,0.116924,0.954722,0.450260,0.516589,0.395297,0.660758,0.475217,0.391011,-3.731494,2.586424,-0.514096,-3.091123,3.235173,-6.708264,5.357742,2.518456,-0.945404,-2.312232,-6.661552,3.058939,-2.095104,-5.315945
558.000000,-1.546584,-1.122062,0.116849,0.955565,0.450587,0.516874,0.395682,0.660630,0.475298,0.391287,-3.732826,2.586626,-0.514501,-3.092120,3.236753,-6.710882,5.360467,2.521076,-0.944769,-2.313835,-6.664629,3.059981,-2.096444,-5.319015
559.000000,-1.548192,-1.122226,0.116774,0.956406,0.450914,0.517158,0.396068,0.660501,0.475378,0.391563,-3.734155,2.586827,-0.514906,-3.093113,3.238331,-6.713494,5.363186,2.523692,-0.944132,-2.315435,-6.667698,3.061021,-2.097782,-5.322078
560.000000,-1.549801,-1.122389,0.116699,0.957246,0.451242,0.517441,0.396456,0.660371,0.475458,0.391838,-3.735481,2.587028,-0.515311,-3.094104,3.239906,-6.716099,5.365899,2.526303,-0.943492,-2.317031,-6.670761,3.062058,-2.099117,-5.325135
561.000000,-1.551411,-1.122553,0.116624,0.958084,0.451569,0.517724,0.396846,0.660241,0.475539,0.392113,-3.736805,2.587229,-0.515715,-3.095093,3.241479,-6.718699,5.368607,2.528910,-0.942850,-2.318624,-6.673816,3.063093,-2.100451,-5.328186
562.000000,-1.553022,-1.122717,0.116549,0.958921,0.451896,0.518006,0.397238,0.660110,0.475619,0.392388,-3.738125,2.587430,-0.516118,-3.096078,3.243050,-6.721292,5.371308,2.531512,-0.942205,-2.320213,-6.676864,3.064124,-2.101783,-5.331231
563.000000,-1.554634,-1.122881,0.116474,0.959756,0.452223,0.518288,0.397632,0.659978,0.475700,0.392663,-3.739442,2.587631,-0.516521,-3.097061,3.244619,-6.723879,5.374004,2.534110,-0.941558,-2.321800,-6.679905,3.065154,-2.103112,-5.334270
564.000000,-1.556247,-1.123045,0.116400,0.960590,0.452550,0.518569,0.398028,0.659846,0.475780,0.392937,-3.740757,2.587831,-0.516924,-3.098042,3.246185,-6.726460,5.376694,2.536703,-0.940908,-2.323383,-6.682940,3.066181,-2.104440,-5.337303
565.000000,-1.557860,-1.123209,0.116325,0.961423,0.452877,0.518849,0.398425,0.659714,0.475861,0.393211,-3.742069,2.588032,-0.517326,-3.099020,3.247749,-6.729034,5.379378,2.539291,-0.940256,-2.324963,-6.685967,3.067205,-2.105765,-5.340330
566.000000,-1.559475,-1.123372,0.116251,0.962254,0.453203,0.519128,0.398825,0.659581,0.475941,0.393485,-3.743378,2.588232,-0.517727,-3.099996,3.249311,-6.731603,5.382057,2.541875,-0.939601,-2.326540,-6.688988,3.068226,-2.107089,-5.343351
567.000000,-1.561090,-1.123536,0.116177,0.963083,0.453530,0.519407,0.399226,0.659447,0.476022,0.393759,-3.744684,2.588433,-0.518128,-3.100969,3.250871,-6.734165,5.384730,2.544455,-0.938944,-2.328114,-6.692002,3.069245,-2.108410,-5.346366
568.000000,-1.562706,-1.123700,0.116103,0.963912,0.453856,0.519686,0.399629,0.659313,0.476102,0.394032,-3.745987,2.588633,-0.518529,-3.101939,3.252428,-6.736722,5.387397,2.547030,-0.938284,-2.329684,-6.695008,3.070262,-2.109729,-5.349376
569.000000,-1.564323,-1.123864,0.116029,0.964739,0.454183,0.519963,0.400033,0.659179,0.476183,0.394305,-3.747288,2.588834,-0.518929,-3.102907,3.253983,-6.739272,5.390059,2.549600,-0.937622,-2.331252,-6.698008,3.071276,-2.111047,-5.352379
570.000000,-1.565941,-1.124028,0.115955,0.965564,0.454509,0.520240,0.400440,0.659044,0.476264,0.394578,-3.748585,2.589034,-0.519328,-3.103872,3.255536,-6.741817,5.392715,2.552166,-0.936958,-2.332816,-6.701002,3.072288,-2.112362,-5.355377
571.000000,-1.567559,-1.124191,0.115881,0.966388,0.454835,0.520516,0.400848,0.658908,0.476344,0.394850,-3.749880,2.589234,-0.519727,-3.104835,3.257087,-6.744355,5.395365,2.554728,-0.936291,-2.334377,-6.703988,3.073297,-2.113675,-5.358369
572.000000,-1.569179,-1.124355,0.115807,0.967211,0.455161,0.520792,0.401258,0.658772,0.476425,0.395123,-3.751172,2.589434,-0.520126,-3.105795,3.258636,-6.746888,5.398010,2.557285,-0.935622,-2.335935,-6.706968,3.074303,-2.114986,-5.361355
573.000000,-1.570799,-1.124519,0.115734,0.968032,0.455487,0.521067,0.401669,0.658635,0.476506,0.395395,-3.752462,2.589634,-0.520524,-3.106753,3.260182,-6.749415,5.400649,2.559838,-0.934950,-2.337490,-6.709941,3.075308,-2.116296,-5.364335
574.000000,-1.572420,-1.124683,0.115660,0.968852,0.455813,0.521341,0.402082,0.658498,0.476587,0.395666,-3.753748,2.589834,-0.520921,-3.107708,3.261727,-6.751936,5.403282,2.562386,-0.934276,-2.339041,-6.712908,3.076309,-2.117603,-5.367309
575.000000,-1.574041,-1.124846,0.115587,0.969671,0.456139,0.521615,0.402497,0.658361,0.476667,0.395938,-3.755032,2.590034,-0.521318,-3.108661,3.263269,-6.754451,5.405910,2.564930,-0.933599,-2.340590,-6.715867,3.077309,-2.118908,-5.370278
576.000000,-1.575664,-1.125010,0.115514,0.970489,0.456464,0.521888,0.402914,0.658223,0.476748,0.396209,-3.756313,2.590234,-0.521715,-3.109612,3.264809,-6.756960,5.408533,2.567470,-0.932921,-2.342135,-6.718821,3.078305,-2.120212,-5.373241
577.000000,-1.577287,-1.125174,0.115441,0.971305,0.456789,0.522160,0.403332,0.658084,0.476829,0.396480,-3.757592,2.590434,-0.522111,-3.110560,3.266346,-6.759463,5.411150,2.570005,-0.932239,-2.343678,-6.721767,3.079300,-2.121513,-5.376198
578.000000,-1.578911,-1.125337,0.115368,0.972119,0.457115,0.522432,0.403752,0.657945,0.476910,0.396751,-3.758867,2.590634,-0.522507,-3.111505,3.267882,-6.761961,5.413761,2.572536,-0.931556,-2.345217,-6.724707,3.080292,-2.122812,-5.379150
579.000000,-1.580536,-1.125501,0.115295,0.972933,0.457440,0.522703,0.404173,0.657806,0.476991,0.397021,-3.760140,2.590834,-0.522902,-3.112448,3.269415,-6.764452,5.416368,2.575062,-0.930870,-2.346753,-6.727641,3.081281,-2.124110,-5.382096
580.000000,-1.582161,-1.125665,0.115222,0.973745,0.457765,0.522973,0.404596,0.657666,0.477072,0.397292,-3.761410,2.591034,-0.523297,-3.113389,3.270947,-6.766939,5.418968,2.577585,-0.930182,-2.348286,-6.730568,3.082269,-2.125405,-5.385036
581.000000,-1.583788,-1.125828,0.115149,0.974556,0.458090,0.523243,0.405021,0.657525,0.477153,0.397562,-3.762678,2.591234,-0.523691,-3.114327,3.272476,-6.769419,5.421563,2.580103,-0.929491,-2.349816,-6.733488,3.083253,-2.126699,-5.387970
582.000000,-1.585414,-1.125992,0.115077,0.975365,0.458414,0.523512,0.405447,0.657384,0.477234,0.397831,-3.763943,2.591434,-0.524085,-3.115263,3.274003,-6.771894,5.424153,2.582616,-0.928799,-2.351343,-6.736402,3.084236,-2.127991,-5.390899
583.000000,-1.587042,-1.126156,0.115004,0.976174,0.458739,0.523781,0.405875,0.657243,0.477315,0.398101,-3.765205,2.591634,-0.524478,-3.116196,3.275528,-6.774363,5.426738,2.585126,-0.928104,-2.352867,-6.739310,3.085216,-2.129280,-5.393822
584.000000,-1.588670,-1.126319,0.114932,0.976981,0.459063,0.524049,0.406304,0.657102,0.477396,0.398370,-3.766465,2.591834,-0.524871,-3.117127,3.277050,-6.776826,5.429317,2.587631,-0.927406,-2.354388,-6.742211,3.086194,-2.130568,-5.396740
585.000000,-1.590299,-1.126483,0.114860,0.977787,0.459387,0.524316,0.406735,0.656959,0.477477,0.398639,-3.767722,2.592035,-0.525263,-3.118055,3.278571,-6.779284,5.431890,2.590132,-0.926707,-2.355906,-6.745106,3.087169,-2.131854,-5.399652
586.000000,-1.591929,-1.126646,0.114788,0.978591,0.459711,0.524583,0.407167,0.656817,0.477558,0.398908,-3.768976,2.592235,-0.525655,-3.118982,3.280089,-6.781736,5.434459,2.592629,-0.926005,-2.357421,-6.747995,3.088142,-2.133138,-5.402558
587.000000,-1.593559,-1.126810,0.114716,0.979394,0.460035,0.524849,0.407601,0.656674,0.477639,0.399176,-3.770228,2.592435,-0.526046,-3.119905,3.281605,-6.784183,5.437022,2.595121,-0.925301,-2.358933,-6.750877,3.089113,-2.134420,-5.405459
588.000000,-1.595190,-1.126973,0.114644,0.980197,0.460359,0.525114,0.408037,0.656531,0.477721,0.399445,-3.771477,2.592635,-0.526437,-3.120827,3.283120,-6.786624,5.439580,2.597610,-0.924594,-2.360442,-6.753753,3.090082,-2.135700,-5.408355
589.000000,-1.596822,-1.127137,0.114572,0.980997,0.460682,0.525379,0.408473,0.656387,0.477802,0.399713,-3.772723,2.592835,-0.526828,-3.121746,3.284632,-6.789059,5.442132,2.600094,-0.923886,-2.361948,-6.756623,3.091048,-2.136978,-5.411245
590.000000,-1.598454,-1.127300,0.114501,0.981797,0.461006,0.525643,0.408911,0.656243,0.477883,0.399981,-3.773967,2.593035,-0.527218,-3.122663,3.286142,-6.791489,5.444680,2.602574,-0.923175,-2.363450,-6.759486,3.092012,-2.138255,-5.414129
591.000000,-1.600087,-1.127464,0.114429,0.982595,0.461329,0.525906,0.409351,0.656098,0.477965,0.400248,-3.775208,2.593236,-0.527607,-3.123577,3.287649,-6.793914,5.447222,2.605050,-0.922462,-2.364950,-6.762343,3.092973,-2.139529,-5.417008
592.000000,-1.601720,-1.127627,0.114358,0.983393,0.461652,0.526169,0.409792,0.655953,0.478046,0.400515,-3.776447,2.593436,-0.527997,-3.124489,3.289155,-6.796333,5.449758,2.607521,-0.921747,-2.366447,-6.765194,3.093933,-2.140802,-5.419881
593.000000,-1.603354,-1.127791,0.114286,0.984189,0.461975,0.526432,0.410235,0.655808,0.478127,0.400782,-3.777683,2.593636,-0.528385,-3.125399,3.290659,-6.798747,5.452290,2.609989,-0.921029,-2.367941,-6.768039,3.094890,-2.142073,-5.422749
594.000000,-1.604989,-1.127954,0.114215,0.984983,0.462297,0.526693,0.410679,0.655662,0.478209,0.401049,-3.778917,2.593837,-0.528773,-3.126306,3.292160,-6.801155,5.454817,2.612452,-0.920310,-2.369432,-6.770877,3.095845,-2.143341,-5.425612
595.000000,-1.606624,-1.128117,0.114144,0.985777,0.462620,0.526954,0.411124,0.655516,0.478290,0.401316,-3.780148,2.594038,-0.529161,-3.127211,3.293660,-6.803558,5.457338,2.614912,-0.919588,-2.370920,-6.773710,3.096798,-2.144608,-5.428469
596.000000,-1.608260,-1.128281,0.114073,0.986570,0.462942,0.527215,0.411570,0.655369,0.478372,0.401582,-3.781377,2.594238,-0.529548,-3.128114,3.295157,-6.805955,5.459854,2.617367,-0.918864,-2.372405,-6.776536,3.097748,-2.145874,-5.431321
597.000000,-1.609897,-1.128444,0.114002,0.987361,0.463264,0.527474,0.412018,0.655223,0.478453,0.401848,-3.782603,2.594439,-0.529935,-3.129014,3.296652,-6.808347,5.462365,2.619818,-0.918138,-2.373887,-6.779357,3.098696,-2.147137,-5.434167
598.000000,-1.611534,-1.128607,0.113932,0.988151,0.463586,0.527734,0.412468,0.655076,0.478535,0.402114,-3.783826,2.594640,-0.530322,-3.129912,3.298146,-6.810734,5.464871,2.622265,-0.917410,-2.375367,-6.782171,3.099642,-2.148398,-5.437008
599.000000,-1.613171,-1.128771,0.113861,0.988940,0.463907,0.527992,0.412918,0.654928,0.478616,0.402380,-3.785047,2.594841,-0.530707,-3.130808,3.299637,-6.813116,5.467372,2.624708,-0.916679,-2.376843,-6.784979,3.100586,-2.149658,-5.439843
600.000000,-1.614809,-1.128934,0.113790,0.989728,0.464229,0.528250,0.413370,0.654780,0.478698,0.402645,-3.786265,2.595042,-0.531093,-3.131702,3.301126,-6.815492,5.469868,2.627147,-0.915947,-2.378316,-6.787781,3.101528,-2.150916,-5.442674
601.000000,-1.616448,-1.129097,0.113720,0.990515,0.464550,0.528508,0.413823,0.654632,0.478780,0.402910,-3.787481,2.595243,-0.531478,-3.132593,3.302613,-6.817863,5.472359,2.629582,-0.915212,-2.379787,-6.790578,3.102467,-2.152172,-5.445499
602.000000,-1.618087,-1.129261,0.113650,0.991300,0.464871,0.528764,0.414278,0.654483,0.478861,0.403175,-3.788695,2.595444,-0.531862,-3.133483,3.304098,-6.820229,5.474844,2.632013,-0.914476,-2.381254,-6.793368,3.103404,-2.153426,-5.448318
603.000000,-1.619727,-1.129424,0.113580,0.992085,0.465192,0.529020,0.414734,0.654335,0.478943,0.403440,-3.789906,2.595645,-0.532247,-3.134369,3.305580,-6.822589,5.477325,2.634440,-0.913737,-2.382719,-6.796152,3.104340,-2.154678,-5.451133
604.000000,-1.621367,-1.129587,0.113510,0.992868,0.465512,0.529276,0.415191,0.654185,0.479025,0.403704,-3.791115,2.595847,-0.532630,-3.135254,3.307061,-6.824944,5.479801,2.636863,-0.912996,-2.384181,-6.798931,3.105273,-2.155929,-5.453942
605.000000,-1.623008,-1.129750,0.113440,0.993651,0.465833,0.529531,0.415649,0.654036,0.479107,0.403968,-3.792321,2.596049,-0.533013,-3.136136,3.308540,-6.827295,5.482272,2.639281,-0.912253,-2.385640,-6.801703,3.106204,-2.157178,-5.456745
606.000000,-1.624649,-1.129913,0.113370,0.994432,0.466153,0.529785,0.416108,0.653886,0.479188,0.404232,-3.793524,2.596250,-0.533396,-3.137017,3.310017,-6.829640,5.484737,2.641696,-0.911508,-2.387096,-6.804470,3.107132,-2.158425,-5.459544
607.000000,-1.626291,-1.130077,0.113300,0.995212,0.466473,0.530039,0.416569,0.653736,0.479270,0.404496,-3.794726,2.596452,-0.533779,-3.137895,3.311491,-6.831979,5.487198,2.644107,-0.910761,-2.388549,-6.807231,3.108059,-2.159670,-5.462337
608.000000,-1.627933,-1.130240,0.113231,0.995991,0.466792,0.530292,0.417031,0.653586,0.479352,0.404760,-3.795924,2.596654,-0.534160,-3.138770,3.312964,-6.834314,5.489654,2.646514,-0.910012,-2.390000,-6.809986,3.108983,-2.160913,-5.465125
609.000000,-1.629576,-1.130403,0.113161,0.996769,0.467112,0.530545,0.417494,0.653435,0.479434,0.405023,-3.797121,2.596856,-0.534542,-3.139644,3.314435,-6.836644,5.492105,2.648917,-0.909261,-2.391447,-6.812735,3.109906,-2.162155,-5.467908
610.000000,-1.631219,-1.130566,0.113092,0.997546,0.467431,0.530797,0.417958,0.653284,0.479516,0.405286,-3.798315,2.597059,-0.534923,-3.140515,3.315903,-6.838968,5.494551,2.651317,-0.908508,-2.392892,-6.815478,3.110826,-2.163395,-5.470686
611.000000,-1.632863,-1.130729,0.113023,0.998322,0.467750,0.531048,0.418424,0.653133,0.479598,0.405549,-3.799506,2.597261,-0.535304,-3.141384,3.317370,-6.841288,5.496993,2.653712,-0.907753,-2.394334,-6.818216,3.111744,-2.164633,-5.473459
612.000000,-1.634507,-1.130892,0.112954,0.999097,0.468069,0.531299,0.418890,0.652981,0.479680,0.405811,-3.800696,2.597464,-0.535684,-3.142251,3.318834,-6.843602,5.499429,2.656103,-0.906996,-2.395773,-6.820948,3.112661,-2.165869,-5.476226
613.000000,-1.636151,-1.131055,0.112885,0.999870,0.468387,0.531549,0.419358,0.652829,0.479762,0.406073,-3.801883,2.597666,-0.536063,-3.143116,3.320297,-6.845912,5.501860,2.658491,-0.906237,-2.397209,-6.823674,3.113575,-2.167104,-5.478988
614.000000,-1.637796,-1.131218,0.112816,1.000643,0.468705,0.531799,0.419827,0.652677,0.479845,0.406335,-3.803067,2.597869,-0.536443,-3.143979,3.321757,-6.848216,5.504287,2.660874,-0.905476,-2.398643,-6.826394,3.114487,-2.168337,-5.481746
615.000000,-1.639442,-1.131382,0.112747,1.001415,0.469023,0.532048,0.420297,0.652525,0.479927,0.406597,-3.804249,2.598072,-0.536821,-3.144839,3.323216,-6.850516,5.506709,2.663254,-0.904712,-2.400073,-6.829109,3.115397,-2.169568,-5.484498
616.000000,-1.641087,-1.131545,0.112678,1.002186,0.469341,0.532296,0.420768,0.652372,0.480009,0.406859,-3.805429,2.598276,-0.537200,-3.145698,3.324672,-6.852810,5.509126,2.665630,-0.903947,-2.401501,-6.831818,3.116305,-2.170797,-5.487245
617.000000,-1.642734,-1.131708,0.112610,1.002955,0.469659,0.532544,0.421240,0.652220,0.480091,0.407120,-3.806606,2.598479,-0.537578,-3.146554,3.326127,-6.855100,5.511538,2.668002,-0.903180,-2.402926,-6.834522,3.117211,-2.172025,-5.489987
618.000000,-1.644380,-1.131871,0.112542,1.003724,0.469976,0.532791,0.421713,0.652067,0.480173,0.407381,-3.807781,2.598683,-0.537955,-3.147408,3.327579,-6.857384,5.513946,2.670370,-0.902411,-2.404349,-6.837220,3.118115,-2.173251,-5.492724
619.000000,-1.646027,-1.132034,0.112473,1.004492,0.470293,0.533038,0.422187,0.651913,0.480256,0.407642,-3.808954,2.598887,-0.538333,-3.148260,3.329029,-6.859664,5.516349,2.672734,-0.901640,-2.405768,-6.839912,3.119017,-2.174475,-5.495455
620.000000,-1.647675,-1.132197,0.112405,1.005258,0.470610,0.533284,0.422663,0.651760,0.480338,0.407903,-3.810125,2.599091,-0.538709,-3.149110,3.330478,-6.861939,5.518747,2.675095,-0.900868,-2.407185,-6.842599,3.119917,-2.175697,-5.498182
621.000000,-1.649322,-1.132360,0.112337,1.006024,0.470926,0.533529,0.423139,0.651606,0.480420,0.408163,-3.811293,2.599295,-0.539086,-3.149958,3.331924,-6.864209,5.521140,2.677452,-0.900093,-2.408599,-6.845280,3.120814,-2.176918,-5.500904
622.000000,-1.650970,-1.132523,0.112269,1.006789,0.471242,0.533774,0.423616,0.651452,0.480503,0.408424,-3.812458,2.599499,-0.539461,-3.150803,3.333369,-6.866474,5.523529,2.679805,-0.899316,-2.410010,-6.847956,3.121710,-2.178137,-5.503621
623.000000,-1.652619,-1.132686,0.112202,1.007552,0.471558,0.534018,0.424094,0.651298,0.480585,0.408683,-3.813622,2.599704,-0.539837,-3.151647,3.334811,-6.868735,5.525913,2.682154,-0.898537,-2.411418,-6.850626,3.122604,-2.179354,-5.506333
624.000000,-1.654268,-1.132849,0.112134,1.008315,0.471874,0.534262,0.424574,0.651143,0.480668,0.408943,-3.814783,2.599909,-0.540212,-3.152488,3.336252,-6.870990,5.528292,2.684499,-0.897757,-2.412824,-6.853291,3.123496,-2.180570,-5.509040
625.000000,-1.655917,-1.133012,0.112066,1.009077,0.472189,0.534505,0.425054,0.650989,0.480750,0.409203,-3.815942,2.600114,-0.540586,-3.153327,3.337690,-6.873241,5.530667,2.686841,-0.896975,-2.414227,-6.855950,3.124386,-2.181784,-5.511741
626.000000,-1.657567,-1.133174,0.111999,1.009838,0.472504,0.534748,0.425535,0.650834,0.480833,0.409462,-3.817099,2.600319,-0.540960,-3.154165,3.339127,-6.875487,5.533037,2.689179,-0.896190,-2.415628,-6.858604,3.125274,-2.182996,-5.514438
627.000000,-1.659216,-1.133337,0.111932,1.010598,0.472819,0.534990,0.426018,0.650679,0.480916,0.409721,-3.818253,2.600524,-0.541334,-3.155000,3.340562,-6.877728,5.535402,2.691513,-0.895404,-2.417025,-6.861252,3.126161,-2.184207,-5.517130
628.000000,-1.660867,-1.133500,0.111864,1.011357,0.473134,0.535232,0.426501,0.650524,0.480998,0.409980,-3.819406,2.600730,-0.541708,-3.155833,3.341994,-6.879965,5.537763,2.693843,-0.894616,-2.418420,-6.863895,3.127045,-2.185416,-5.519818
629.000000,-1.662517,-1.133663,0.111797,1.012115,0.473448,0.535472,0.426985,0.650368,0.481081,0.410238,-3.820555,2.600936,-0.542080,-3.156664,3.343425,-6.882196,5.540119,2.696170,-0.893826,-2.419812,-6.866533,3.127927,-2.186623,-5.522500
630.000000,-1.664168,-1.133826,0.111730,1.012872,0.473762,0.535713,0.427470,0.650213,0.481164,0.410497,-3.821703,2.601142,-0.542453,-3.157493,3.344854,-6.884424,5.542470,2.698493,-0.893035,-2.421202,-6.869165,3.128807,-2.187828,-5.525177
631.000000,-1.665819,-1.133989,0.111664,1.013628,0.474075,0.535953,0.427956,0.650057,0.481246,0.410755,-3.822849,2.601349,-0.542825,-3.158320,3.346280,-6.886646,5.544818,2.700812,-0.892241,-2.422588,-6.871792,3.129686,-2.189032,-5.527850
632.000000,-1.667470,-1.134152,0.111597,1.014383,0.474389,0.536192,0.428442,0.649901,0.481329,0.411013,-3.823992,2.601555,-0.543197,-3.159145,3.347705,-6.888864,5.547160,2.703128,-0.891446,-2.423972,-6.874414,3.130562,-2.190235,-5.530517
633.000000,-1.669122,-1.134315,0.111530,1.015138,0.474702,0.536430,0.428930,0.649745,0.481412,0.411270,-3.825133,2.601762,-0.543568,-3.159968,3.349128,-6.891077,5.549498,2.705440,-0.890648,-2.425354,-6.877030,3.131437,-2.191435,-5.533180
634.000000,-1.670774,-1.134478,0.111464,1.015891,0.475015,0.536668,0.429419,0.649589,0.481495,0.411528,-3.826272,2.601969,-0.543939,-3.160789,3.350549,-6.893285,5.551831,2.707748,-0.889850,-2.426732,-6.879641,3.132310,-2.192634,-5.535838
635.000000,-1.672426,-1.134641,0.111398,1.016644,0.475327,0.536906,0.429908,0.649432,0.481578,0.411785,-3.827409,2.602177,-0.544309,-3.161608,3.351968,-6.895489,5.554160,2.710052,-0.889049,-2.428108,-6.882246,3.133181,-2.193831,-5.538491
636.000000,-1.674079,-1.134803,0.111331,1.017395,0.475639,0.537143,0.430398,0.649276,0.481661,0.412042,-3.828543,2.602384,-0.544679,-3.162425,3.353385,-6.897688,5.556485,2.712353,-0.888246,-2.429482,-6.884847,3.134050,-2.195027,-5.541140
637.000000,-1.675732,-1.134966,0.111265,1.018146,0.475951,0.537379,0.430889,0.649119,0.481744,0.412299,-3.829675,2.602592,-0.545049,-3.163240,3.354800,-6.899883,5.558805,2.714651,-0.887442,-2.430853,-6.887442,3.134917,-2.196221,-5.543783
638.000000,-1.677384,-1.135129,0.111199,1.018896,0.476263,0.537615,0.431381,0.648962,0.481827,0.412555,-3.830805,2.602800,-0.545418,-3.164053,3.356213,-6.902073,5.561120,2.716944,-0.886636,-2.432221,-6.890032,3.135782,-2.197413,-5.546422
639.000000,-1.679038,-1.135292,0.111134,1.019645,0.476574,0.537851,0.431874,0.648805,0.481910,0.412811,-3.831933,2.603009,-0.545787,-3.164863,3.357625,-6.904259,5.563431,2.719234,-0.885828,-2.433586,-6.892617,3.136646,-2.198604,-5.549056
640.000000,-1.680691,-1.135455,0.111068,1.020393,0.476885,0.538085,0.432368,0.648648,0.481993,0.413067,-3.833059,2.603217,-0.546155,-3.165672,3.359034,-6.906440,5.565738,2.721521,-0.885018,-2.434949,-6.895197,3.137507,-2.199793,-5.551686
641.000000,-1.682345,-1.135618,0.111002,1.021141,0.477196,0.538319,0.432862,0.648491,0.482076,0.413323,-3.834183,2.603426,-0.546523,-3.166479,3.360441,-6.908617,5.568040,2.723803,-0.884207,-2.436309,-6.897771,3.138367,-2.200981,-5.554310
642.000000,-1.683999,-1.135781,0.110937,1.021887,0.477506,0.538553,0.433357,0.648334,0.482159,0.413579,-3.835304,2.603636,-0.546890,-3.167284,3.361847,-6.910789,5.570338,2.726083,-0.883394,-2.437666,-6.900341,3.139225,-2.202167,-5.556930
643.000000,-1.685653,-1.135943,0.110872,1.022633,0.477816,0.538786,0.433853,0.648176,0.482242,0.413834,-3.836424,2.603845,-0.547258,-3.168087,3.363250,-6.912956,5.572631,2.728358,-0.882579,-2.439021,-6.902905,3.140081,-2.203351,-5.559546
644.000000,-1.687307,-1.136106,0.110806,1.023378,0.478126,0.539019,0.434350,0.648019,0.482325,0.414089,-3.837541,2.604055,-0.547624,-3.168888,3.364652,-6.915119,5.574920,2.730630,-0.881762,-2.440374,-6.905464,3.140936,-2.204534,-5.562156
645.000000,-1.688962,-1.136269,0.110741,1.024122,0.478435,0.539251,0.434847,0.647861,0.482409,0.414344,-3.838656,2.604265,-0.547991,-3.169687,3.366052,-6.917278,5.577205,2.732899,-0.880944,-2.441723,-6.908018,3.141788,-2.205715,-5.564762
646.000000,-1.690616,-1.136432,0.110676,1.024865,0.478744,0.539482,0.435345,0.647703,0.482492,0.414599,-3.839769,2.604476,-0.548357,-3.170485,3.367449,-6.919432,5.579485,2.735164,-0.880124,-2.443070,-6.910567,3.142639,-2.206894,-5.567363
647.000000,-1.692271,-1.136595,0.110612,1.025607,0.479053,0.539713,0.435844,0.647546,0.482575,0.414853,-3.840880,2.604686,-0.548722,-3.171280,3.368845,-6.921582,5.581761,2.737425,-0.879302,-2.444415,-6.913111,3.143488,-2.208072,-5.569960
648.000000,-1.693926,-1.136758,0.110547,1.026349,0.479362,0.539943,0.436343,0.647388,0.482658,0.415107,-3.841989,2.604897,-0.549087,-3.172073,3.370239,-6.923728,5.584033,2.739683,-0.878479,-2.445757,-6.915650,3.144335,-2.209249,-5.572552
649.000000,-1.695582,-1.136920,0.110482,1.027089,0.479670,0.540173,0.436843,0.647230,0.482742,0.415361,-3.843096,2.605109,-0.549452,-3.172865,3.371631,-6.925869,5.586300,2.741937,-0.877653,-2.447096,-6.918184,3.145180,-2.210424,-5.575139
650.000000,-1.697237,-1.137083,0.110418,1.027829,0.479977,0.540403,0.437344,0.647071,0.482825,0.415615,-3.844201,2.605320,-0.549816,-3.173654,3.373022,-6.928006,5.588563,2.744188,-0.876827,-2.448433,-6.920713,3.146024,-2.211597,-5.577722
651.000000,-1.698892,-1.137246,0.110354,1.028568,0.480285,0.540631,0.437846,0.646913,0.482909,0.415869,-3.845303,2.605532,-0.550180,-3.174442,3.374410,-6.930138,5.590822,2.746436,-0.875998,-2.449767,-6.923237,3.146866,-2.212768,-5.580300
652.000000,-1.700548,-1.137409,0.110289,1.029307,0.480592,0.540859,0.438348,0.646755,0.482992,0.416122,-3.846404,2.605744,-0.550544,-3.175227,3.375796,-6.932266,5.593077,2.748679,-0.875168,-2.451099,-6.925756,3.147706,-2.213938,-5.582874
653.000000,-1.702204,-1.137572,0.110225,1.030044,0.480899,0.541087,0.438851,0.646597,0.483076,0.416375,-3.847502,2.605957,-0.550907,-3.176011,3.377181,-6.934390,5.595327,2.750920,-0.874336,-2.452428,-6.928270,3.148544,-2.215107,-5.585443
654.000000,-1.703860,-1.137735,0.110161,1.030781,0.481205,0.541314,0.439355,0.646438,0.483159,0.416628,-3.848599,2.606170,-0.551270,-3.176793,3.378563,-6.936509,5.597573,2.753156,-0.873503,-2.453754,-6.930780,3.149381,-2.216274,-5.588007
655.000000,-1.705516,-1.137897,0.110098,1.031517,0.481511,0.541541,0.439859,0.646280,0.483243,0.416880,-3.849693,2.606383,-0.551632,-3.177573,3.379944,-6.938625,5.599815,2.755390,-0.872668,-2.455078,-6.933284,3.150216,-2.217439,-5.590567
656.000000,-1.707172,-1.138060,0.110034,1.032252,0.481817,0.541767,0.440364,0.646121,0.483326,0.417133,-3.850786,2.606597,-0.551994,-3.178351,3.381323,-6.940736,5.602053,2.757620,-0.871831,-2.456399,-6.935783,3.151049,-2.218603,-5.593123
657.000000,-1.708828,-1.138223,0.109970,1.032987,0.482122,0.541993,0.440869,0.645963,0.483410,0.417385,-3.851876,2.606811,-0.552356,-3.179127,3.382700,-6.942842,5.604286,2.759846,-0.870993,-2.457718,-6.938278,3.151881,-2.219766,-5.595673
658.000000,-1.710485,-1.138386,0.109907,1.033720,0.482427,0.542218,0.441375,0.645804,0.483494,0.417637,-3.852965,2.607025,-0.552717,-3.179902,3.384075,-6.944945,5.606515,2.762069,-0.870153,-2.459035,-6.940767,3.152710,-2.220926,-5.598220
659.000000,-1.712141,-1.138549,0.109844,1.034453,0.482732,0.542442,0.441882,0.645646,0.483577,0.417888,-3.854051,2.607240,-0.553078,-3.180674,3.385448,-6.947043,5.608740,2.764289,-0.869312,-2.460348,-6.943252,3.153539,-2.222086,-5.600762
660.000000,-1.713798,-1.138712,0.109780,1.035185,0.483036,0.542666,0.442389,0.645487,0.483661,0.418140,-3.855135,2.607454,-0.553438,-3.181445,3.386820,-6.949137,5.610961,2.766505,-0.868469,-2.461660,-6.945732,3.154365,-2.223243,-5.603299
661.000000,-1.715454,-1.138875,0.109717,1.035917,0.483340,0.542889,0.442896,0.645328,0.483745,0.418391,-3.856218,2.607670,-0.553798,-3.182213,3.388189,-6.951227,5.613178,2.768717,-0.867624,-2.462969,-6.948208,3.155190,-2.224399,-5.605832
662.000000,-1.717111,-1.139038,0.109654,1.036648,0.483644,0.543112,0.443405,0.645170,0.483829,0.418642,-3.857298,2.607885,-0.554158,-3.182980,3.389557,-6.953312,5.615391,2.770927,-0.866778,-2.464275,-6.950678,3.156013,-2.225554,-5.608361
663.000000,-1.718768,-1.139200,0.109592,1.037378,0.483947,0.543335,0.443914,0.645011,0.483912,0.418893,-3.858377,2.608101,-0.554517,-3.183746,3.390923,-6.955394,5.617599,2.773133,-0.865930,-2.465579,-6.953144,3.156834,-2.226707,-5.610885
664.000000,-1.720425,-1.139363,0.109529,1.038107,0.484250,0.543557,0.444423,0.644852,0.483996,0.419143,-3.859453,2.608318,-0.554876,-3.184509,3.392287,-6.957471,5.619804,2.775335,-0.865081,-2.466880,-6.955605,3.157654,-2.227859,-5.613405
665.000000,-1.722082,-1.139526,0.109467,1.038835,0.484553,0.543778,0.444933,0.644693,0.484080,0.419394,-3.860527,2.608534,-0.555234,-3.185270,3.393649,-6.959545,5.622004,2.777534,-0.864230,-2.468179,-6.958061,3.158472,-2.229009,-5.615920
666.000000,-1.723739,-1.139689,0.109404,1.039563,0.484855,0.543999,0.445443,0.644534,0.484164,0.419644,-3.861600,2.608751,-0.555593,-3.186030,3.395009,-6.961614,5.624200,2.779730,-0.863377,-2.469475,-6.960513,3.159288,-2.230158,-5.618431
667.000000,-1.725396,-1.139852,0.109342,1.040290,0.485157,0.544219,0.445954,0.644376,0.484248,0.419894,-3.862671,2.608969,-0.555950,-3.186788,3.396367,-6.963679,5.626392,2.781922,-0.862523,-2.470769,-6.962959,3.160103,-2.231305,-5.620938
668.000000,-1.727053,-1.140015,0.109280,1.041017,0.485458,0.544439,0.446466,0.644217,0.484332,0.420143,-3.863739,2.609187,-0.556308,-3.187544,3.397724,-6.965740,5.628580,2.784111,-0.861668,-2.472060,-6.965401,3.160916,-2.232451,-5.623440
669.000000,-1.728710,-1.140178,0.109218,1.041742,0.485759,0.544658,0.446978,0.644058,0.484416,0.420393,-3.864806,2.609405,-0.556665,-3.188298,3.399079,-6.967797,5.630765,2.786297,-0.860811,-2.473349,-6.967839,3.161727,-2.233595,-5.625938
670.000000,-1.730367,-1.140341,0.109156,1.042467,0.486060,0.544877,0.447490,0.643899,0.484500,0.420642,-3.865871,2.609623,-0.557021,-3.189051,3.400431,-6.969849,5.632945,2.788479,-0.859952,-2.474635,-6.970272,3.162537,-2.234737,-5.628431
671.000000,-1.732024,-1.140504,0.109094,1.043192,0.486360,0.545095,0.448003,0.643740,0.484584,0.420891,-3.866933,2.609842,-0.557377,-3.189801,3.401782,-6.971898,5.635121,2.790658,-0.859092,-2.475919,-6.972700,3.163345,-2.235879,-5.630921
672.000000,-1.733681,-1.140667,0.109033,1.043915,0.486660,0.545313,0.448516,0.643582,0.484668,0.421140,-3.867994,2.610061,-0.557733,-3.190550,3.403132,-6.973943,5.637293,2.792834,-0.858231,-2.477201,-6.975123,3.164152,-2.237018,-5.633405
673.000000,-1.735338,-1.140830,0.108971,1.044638,0.486960,0.545530,0.449030,0.643423,0.484752,0.421388,-3.869053,2.610281,-0.558089,-3.191297,3.404479,-6.975984,5.639461,2.795006,-0.857368,-2.478480,-6.977542,3.164957,-2.238156,-5.635886
674.000000,-1.736995,-1.140993,0.108910,1.045361,0.487259,0.545747,0.449544,0.643264,0.484837,0.421636,-3.870110,2.610501,-0.558444,-3.192043,3.405824,-6.978020,5.641625,2.797175,-0.856503,-2.479756,-6.979957,3.165760,-2.239293,-5.638362
675.000000,-1.738652,-1.141156,0.108848,1.046082,0.487558,0.545963,0.450059,0.643106,0.484921,0.421884,-3.871166,2.610722,-0.558798,-3.192786,3.407168,-6.980053,5.643785,2.799340,-0.855637,-2.481030,-6.982367,3.166562,-2.240428,-5.640834
676.000000,-1.740309,-1.141319,0.108787,1.046803,0.487857,0.546179,0.450574,0.642947,0.485005,0.422132,-3.872219,2.610942,-0.559153,-3.193528,3.408510,-6.982082,5.645941,2.801503,-0.854770,-2.482302,-6.984772,3.167362,-2.241562,-5.643302
677.000000,-1.741966,-1.141482,0.108726,1.047523,0.488155,0.546394,0.451089,0.642788,0.485089,0.422380,-3.873270,2.611164,-0.559507,-3.194268,3.409850,-6.984107,5.648093,2.803662,-0.853901,-2.483571,-6.987173,3.168161,-2.242695,-5.645766
678.000000,-1.743623,-1.141645,0.108666,1.048243,0.488452,0.546609,0.451605,0.642630,0.485173,0.422627,-3.874320,2.611385,-0.559860,-3.195007,3.411188,-6.986128,5.650241,2.805818,-0.853030,-2.484838,-6.989569,3.168958,-2.243826,-5.648225
679.000000,-1.745280,-1.141808,0.108605,1.048962,0.488750,0.546823,0.452121,0.642471,0.485258,0.422874,-3.875368,2.611607,-0.560214,-3.195743,3.412524,-6.988145,5.652386,2.807970,-0.852158,-2.486103,-6.991960,3.169753,-2.244955,-5.650680
680.000000,-1.746937,-1.141971,0.108544,1.049680,0.489047,0.547037,0.452638,0.642313,0.485342,0.423121,-3.876413,2.611830,-0.560566,-3.196478,3.413859,-6.990158,5.654526,2.810119,-0.851285,-2.487365,-6.994348,3.170547,-2.246083,-5.653131
681.000000,-1.748594,-1.142134,0.108484,1.050398,0.489343,0.547250,0.453155,0.642154,0.485426,0.423368,-3.877457,2.612053,-0.560919,-3.197211,3.415192,-6.992167,5.656663,2.812265,-0.850410,-2.488624,-6.996730,3.171340,-2.247210,-5.655577
682.000000,-1.750251,-1.142297,0.108424,1.051115,0.489639,0.547462,0.453673,0.641996,0.485511,0.423614,-3.878500,2.612276,-0.561271,-3.197942,3.416522,-6.994172,5.658795,2.814408,-0.849534,-2.489881,-6.999108,3.172130,-2.248335,-5.658020
683.000000,-1.751908,-1.142460,0.108364,1.051832,0.489935,0.547675,0.454190,0.641838,0.485595,0.423861,-3.879540,2.612500,-0.561623,-3.198672,3.417852,-6.996174,5.660924,2.816547,-0.848657,-2.491136,-7.001482,3.172920,-2.249458,-5.660458
684.000000,-1.753564,-1.142623,0.108304,1.052547,0.490230,0.547886,0.454708,0.641679,0.485679,0.424107,-3.880578,2.612724,-0.561974,-3.199400,3.419179,-6.998171,5.663049,2.818684,-0.847778,-2.492389,-7.003852,3.173707,-2.250581,-5.662892
685.000000,-1.755221,-1.142787,0.108244,1.053263,0.490525,0.548098,0.455227,0.641521,0.485764,0.424352,-3.881615,2.612948,-0.562325,-3.200126,3.420504,-7.000165,5.665170,2.820817,-0.846897,-2.493639,-7.006216,3.174494,-2.251701,-5.665322
686.000000,-1.756878,-1.142950,0.108184,1.053977,0.490820,0.548308,0.455745,0.641363,0.485848,0.424598,-3.882650,2.613173,-0.562676,-3.200851,3.421828,-7.002155,5.667287,2.822946,-0.846016,-2.494886,-7.008577,3.175278,-2.252821,-5.667748
687.000000,-1.758534,-1.143113,0.108124,1.054691,0.491114,0.548519,0.456265,0.641205,0.485933,0.424843,-3.883683,2.613399,-0.563026,-3.201574,3.423150,-7.004141,5.669401,2.825073,-0.845133,-2.496132,-7.010933,3.176061,-2.253939,-5.670169
688.000000,-1.760190,-1.143276,0.108065,1.055405,0.491408,0.548728,0.456784,0.641047,0.486017,0.425088,-3.884714,2.613624,-0.563376,-3.202295,3.424470,-7.006123,5.671510,2.827196,-0.844248,-2.497375,-7.013285,3.176843,-2.255055,-5.672587
689.000000,-1.761847,-1.143439,0.108006,1.056117,0.491701,0.548938,0.457304,0.640889,0.486102,0.425333,-3.885743,2.613851,-0.563725,-3.203014,3.425788,-7.008101,5.673616,2.829316,-0.843362,-2.498615,-7.015632,3.177623,-2.256170,-5.675000
690.000000,-1.763503,-1.143602,0.107946,1.056829,0.491994,0.549146,0.457824,0.640731,0.486187,0.425578,-3.886771,2.614077,-0.564074,-3.203732,3.427105,-7.010076,5.675718,2.831433,-0.842475,-2.499853,-7.017975,3.178402,-2.257284,-5.677410
691.000000,-1.765159,-1.143766,0.107887,1.057541,0.492287,0.549355,0.458344,0.640573,0.486271,0.425822,-3.887797,2.614304,-0.564423,-3.204448,3.428419,-7.012047,5.677816,2.833547,-0.841586,-2.501089,-7.020314,3.179179,-2.258397,-5.679815
692.000000,-1.766815,-1.143929,0.107828,1.058252,0.492579,0.549562,0.458864,0.640416,0.486356,0.426066,-3.888821,2.614532,-0.564772,-3.205163,3.429732,-7.014014,5.679910,2.835658,-0.840696,-2.502323,-7.022648,3.179954,-2.259507,-5.682216
693.000000,-1.768470,-1.144092,0.107770,1.058962,0.492871,0.549770,0.459385,0.640258,0.486440,0.426310,-3.889843,2.614760,-0.565120,-3.205876,3.431043,-7.015977,5.682001,2.837765,-0.839805,-2.503554,-7.024978,3.180729,-2.260617,-5.684613
694.000000,-1.770126,-1.144255,0.107711,1.059672,0.493162,0.549977,0.459906,0.640101,0.486525,0.426554,-3.890863,2.614988,-0.565468,-3.206587,3.432352,-7.017937,5.684088,2.839869,-0.838912,-2.504783,-7.027304,3.181501,-2.261725,-5.687006
695.000000,-1.771782,-1.144419,0.107652,1.060381,0.493453,0.550183,0.460427,0.639943,0.486610,0.426798,-3.891882,2.615217,-0.565815,-3.207296,3.433660,-7.019893,5.686171,2.841970,-0.838018,-2.506009,-7.029626,3.182272,-2.262832,-5.689395
696.000000,-1.773437,-1.144582,0.107594,1.061090,0.493744,0.550389,0.460949,0.639786,0.486694,0.427041,-3.892899,2.615446,-0.566162,-3.208004,3.434966,-7.021845,5.688251,2.844068,-0.837123,-2.507233,-7.031943,3.183042,-2.263937,-5.691780
697.000000,-1.775092,-1.144745,0.107536,1.061798,0.494034,0.550594,0.461471,0.639629,0.486779,0.427284,-3.893914,2.615676,-0.566509,-3.208710,3.436270,-7.023794,5.690326,2.846163,-0.836227,-2.508455,-7.034256,3.183810,-2.265041,-5.694161
698.000000,-1.776747,-1.144909,0.107478,1.062506,0.494324,0.550799,0.461993,0.639472,0.486864,0.427527,-3.894928,2.615906,-0.566855,-3.209415,3.437572,-7.025739,5.692399,2.848255,-0.835329,-2.509674,-7.036565,3.184577,-2.266144,-5.696538
699.000000,-1.778402,-1.145072,0.107420,1.063212,0.494613,0.551004,0.462515,0.639315,0.486949,0.427769,-3.895940,2.616137,-0.567201,-3.210118,3.438872,-7.027680,5.694467,2.850343,-0.834429,-2.510892,-7.038869,3.185343,-2.267245,-5.698911
700.000000,-1.780057,-1.145235,0.107362,1.063919,0.494902,0.551208,0.463037,0.639158,0.487033,0.428012,-3.896950,2.616368,-0.567546,-3.210819,3.440171,-7.029617,5.696532,2.852429,-0.833529,-2.512106,-7.041170,3.186107,-2.268345,-5.701280
701.000000,-1.781712,-1.145399,0.107304,1.064625,0.495190,0.551411,0.463560,0.639002,0.487118,0.428254,-3.897958,2.616599,-0.567892,-3.211519,3.441468,-7.031551,5.698593,2.854511,-0.832627,-2.513319,-7.043466,3.186869,-2.269443,-5.703645
702.000000,-1.783366,-1.145562,0.107246,1.065330,0.495478,0.551614,0.464083,0.638845,0.487203,0.428496,-3.898964,2.616831,-0.568236,-3.212217,3.442763,-7.033482,5.700650,2.856590,-0.831724,-2.514529,-7.045758,3.187630,-2.270540,-5.706006
703.000000,-1.785020,-1.145726,0.107189,1.066035,0.495766,0.551817,0.464606,0.638689,0.487288,0.428737,-3.899969,2.617064,-0.568581,-3.212913,3.444056,-7.035408,5.702704,2.858666,-0.830820,-2.515737,-7.048046,3.188390,-2.271636,-5.708363
704.000000,-1.786674,-1.145889,0.107132,1.066739,0.496053,0.552019,0.465129,0.638533,0.487373,0.428979,-3.900972,2.617297,-0.568925,-3.213608,3.445347,-7.037331,5.704754,2.860739,-0.829914,-2.516943,-7.050329,3.189148,-2.272730,-5.710716
705.000000,-1.788328,-1.146052,0.107075,1.067443,0.496340,0.552220,0.465652,0.638376,0.487458,0.429220,-3.901974,2.617530,-0.569269,-3.214302,3.446637,-7.039251,5.706800,2.862809,-0.829007,-2.518146,-7.052609,3.189905,-2.273823,-5.713066
706.000000,-1.789982,-1.146216,0.107018,1.068146,0.496626,0.552422,0.466175,0.638220,0.487542,0.429461,-3.902973,2.617764,-0.569612,-3.214993,3.447925,-7.041167,5.708843,2.864876,-0.828099,-2.519347,-7.054884,3.190660,-2.274915,-5.715411
707.000000,-1.791635,-1.146379,0.106961,1.068848,0.496912,0.552622,0.466699,0.638065,0.487627,0.429702,-3.903971,2.617998,-0.569955,-3.215683,3.449211,-7.043079,5.710882,2.866940,-0.827190,-2.520546,-7.057156,3.191414,-2.276005,-5.717752
708.000000,-1.793288,-1.146543,0.106904,1.069550,0.497198,0.552822,0.467223,0.637909,0.487712,0.429942,-3.904968,2.618233,-0.570298,-3.216372,3.450496,-7.044988,5.712918,2.869000,-0.826279,-2.521742,-7.059423,3.192167,-2.277094,-5.720090
709.000000,-1.794941,-1.146706,0.106847,1.070252,0.497483,0.553022,0.467747,0.637753,0.487797,0.430183,-3.905963,2.618469,-0.570641,-3.217059,3.451779,-7.046893,5.714950,2.871058,-0.825367,-2.522937,-7.061686,3.192918,-2.278182,-5.722424
710.000000,-1.796594,-1.146870,0.106791,1.070953,0.497768,0.553222,0.468271,0.637598,0.487882,0.430423,-3.906956,2.618704,-0.570983,-3.217744,3.453060,-7.048795,5.716978,2.873113,-0.824454,-2.524129,-7.063945,3.193668,-2.279268,-5.724753
711.000000,-1.798247,-1.147034,0.106735,1.071653,0.498052,0.553420,0.468795,0.637442,0.487967,0.430663,-3.907947,2.618941,-0.571324,-3.218428,3.454339,-7.050693,5.719003,2.875164,-0.823540,-2.525318,-7.066200,3.194416,-2.280353,-5.727079
712.000000,-1.799899,-1.147197,0.106678,1.072353,0.498336,0.553619,0.469319,0.637287,0.488052,0.430902,-3.908937,2.619177,-0.571666,-3.219110,3.455616,-7.052587,5.721024,2.877213,-0.822625,-2.526506,-7.068451,3.195163,-2.281437,-5.729401
713.000000,-1.801551,-1.147361,0.106622,1.073053,0.498619,0.553817,0.469844,0.637132,0.488137,0.431142,-3.909925,2.619414,-0.572007,-3.219791,3.456892,-7.054479,5.723042,2.879258,-0.821708,-2.527691,-7.070698,3.195909,-2.282519,-5.731720
714.000000,-1.803203,-1.147524,0.106566,1.073752,0.498902,0.554014,0.470368,0.636978,0.488222,0.431381,-3.910911,2.619652,-0.572347,-3.220470,3.458166,-7.056366,5.725056,2.881301,-0.820790,-2.528874,-7.072941,3.196653,-2.283600,-5.734034
715.000000,-1.804855,-1.147688,0.106511,1.074450,0.499185,0.554211,0.470893,0.636823,0.488307,0.431620,-3.911896,2.619890,-0.572688,-3.221148,3.459438,-7.058250,5.727067,2.883340,-0.819871,-2.530055,-7.075180,3.197396,-2.284679,-5.736345
716.000000,-1.806506,-1.147852,0.106455,1.075148,0.499467,0.554408,0.471417,0.636668,0.488392,0.431859,-3.912879,2.620129,-0.573028,-3.221824,3.460709,-7.060131,5.729074,2.885376,-0.818951,-2.531233,-7.077415,3.198137,-2.285758,-5.738652
717.000000,-1.808157,-1.148015,0.106400,1.075846,0.499748,0.554604,0.471942,0.636514,0.488477,0.432097,-3.913860,2.620368,-0.573367,-3.222498,3.461977,-7.062008,5.731078,2.887410,-0.818029,-2.532409,-7.079646,3.198878,-2.286835,-5.740955
718.000000,-1.809808,-1.148179,0.106344,1.076543,0.500029,0.554800,0.472467,0.636360,0.488563,0.432335,-3.914840,2.620608,-0.573707,-3.223171,3.463244,-7.063882,5.733078,2.889440,-0.817107,-2.533584,-7.081873,3.199616,-2.287910,-5.743254
719.000000,-1.811458,-1.148343,0.106289,1.077240,0.500310,0.554995,0.472991,0.636206,0.488648,0.432574,-3.915818,2.620848,-0.574046,-3.223842,3.464510,-7.065753,5.735075,2.891468,-0.816183,-2.534755,-7.084096,3.200354,-2.288985,-5.745549
720.000000,-1.813109,-1.148506,0.106234,1.077936,0.500591,0.555189,0.473516,0.636052,0.488733,0.432811,-3.916795,2.621089,-0.574384,-3.224512,3.465773,-7.067620,5.737068,2.893492,-0.815258,-2.535925,-7.086315,3.201090,-2.290058,-5.747841
721.000000,-1.814759,-1.148670,0.106179,1.078631,0.500871,0.555384,0.474041,0.635899,0.488818,0.433049,-3.917770,2.621330,-0.574722,-3.225181,3.467035,-7.069483,5.739058,2.895514,-0.814332,-2.537092,-7.088530,3.201825,-2.291129,-5.750129
722.000000,-1.816408,-1.148834,0.106124,1.079326,0.501150,0.555578,0.474566,0.635745,0.488903,0.433286,-3.918744,2.621572,-0.575060,-3.225847,3.468295,-7.071343,5.741045,2.897532,-0.813405,-2.538257,-7.090741,3.202558,-2.292200,-5.752413
723.000000,-1.818058,-1.148998,0.106070,1.080021,0.501429,0.555771,0.475091,0.635592,0.488988,0.433523,-3.919715,2.621814,-0.575398,-3.226513,3.469553,-7.073200,5.743028,2.899547,-0.812476,-2.539420,-7.092949,3.203291,-2.293269,-5.754694
724.000000,-1.819707,-1.149161,0.106015,1.080715,0.501708,0.555964,0.475616,0.635439,0.489073,0.433760,-3.920686,2.622056,-0.575735,-3.227177,3.470810,-7.075054,5.745007,2.901560,-0.811547,-2.540581,-7.095152,3.204022,-2.294337,-5.756971
725.000000,-1.821356,-1.149325,0.105961,1.081409,0.501986,0.556157,0.476141,0.635286,0.489159,0.433997,-3.921654,2.622300,-0.576072,-3.227839,3.472065,-7.076904,5.746983,2.903570,-0.810616,-2.541740,-7.097352,3.204751,-2.295403,-5.759244
726.000000,-1.823004,-1.149489,0.105907,1.082102,0.502263,0.556349,0.476666,0.635134,0.489244,0.434233,-3.922621,2.622543,-0.576409,-3.228500,3.473318,-7.078750,5.748956,2.905576,-0.809685,-2.542896,-7.099547,3.205479,-2.296469,-5.761513
727.000000,-1.824652,-1.149653,0.105853,1.082795,0.502541,0.556540,0.477191,0.634981,0.489329,0.434470,-3.923587,2.622788,-0.576745,-3.229159,3.474569,-7.080594,5.750925,2.907580,-0.808752,-2.544050,-7.101739,3.206206,-2.297533,-5.763779
728.000000,-1.826300,-1.149817,0.105799,1.083487,0.502817,0.556731,0.477716,0.634829,0.489414,0.434706,-3.924551,2.623032,-0.577081,-3.229817,3.475819,-7.082434,5.752891,2.909581,-0.807818,-2.545202,-7.103927,3.206932,-2.298595,-5.766041
729.000000,-1.827948,-1.149981,0.105745,1.084179,0.503094,0.556922,0.478241,0.634677,0.489499,0.434941,-3.925513,2.623277,-0.577416,-3.230474,3.477067,-7.084270,5.754853,2.911579,-0.806883,-2.546352,-7.106112,3.207656,-2.299657,-5.768299
730.000000,-1.829595,-1.150145,0.105691,1.084870,0.503370,0.557113,0.478766,0.634525,0.489585,0.435177,-3.926474,2.623523,-0.577752,-3.231128,3.478313,-7.086104,5.756812,2.913574,-0.805947,-2.547500,-7.108292,3.208380,-2.300717,-5.770554
731.000000,-1.831242,-1.150308,0.105638,1.085561,0.503645,0.557302,0.479291,0.634373,0.489670,0.435412,-3.927433,2.623770,-0.578086,-3.231782,3.479558,-7.087934,5.758768,2.915566,-0.805010,-2.548645,-7.110468,3.209101,-2.301776,-5.772805
732.000000,-1.832888,-1.150472,0.105584,1.086252,0.503920,0.557492,0.479816,0.634222,0.489755,0.435647,-3.928391,2.624016,-0.578421,-3.232434,3.480800,-7.089761,5.760721,2.917555,-0.804071,-2.549789,-7.112641,3.209822,-2.302833,-5.775052
733.000000,-1.834534,-1.150636,0.105531,1.086942,0.504195,0.557681,0.480341,0.634070,0.489840,0.435882,-3.929347,2.624264,-0.578755,-3.233084,3.482042,-7.091584,5.762670,2.919541,-0.803132,-2.550930,-7.114810,3.210541,-2.303890,-5.777296
734.000000,-1.836180,-1.150800,0.105478,1.087632,0.504469,0.557870,0.480866,0.633919,0.489926,0.436117,-3.930302,2.624511,-0.579089,-3.233733,3.483281,-7.093405,5.764615,2.921524,-0.802191,-2.552069,-7.116975,3.211259,-2.304945,-5.779536
735.000000,-1.837826,-1.150964,0.105425,1.088321,0.504743,0.558058,0.481391,0.633769,0.490011,0.436351,-3.931255,2.624760,-0.579423,-3.234381,3.484519,-7.095222,5.766558,2.923505,-0.801250,-2.553206,-7.119137,3.211976,-2.305999,-5.781773
736.000000,-1.839471,-1.151128,0.105372,1.089010,0.505016,0.558246,0.481916,0.633618,0.490096,0.436586,-3.932207,2.625009,-0.579756,-3.235027,3.485755,-7.097035,5.768497,2.925482,-0.800307,-2.554340,-7.121295,3.212691,-2.307051,-5.784006
737.000000,-1.841116,-1.151292,0.105320,1.089698,0.505288,0.558433,0.482441,0.633468,0.490182,0.436820,-3.933157,2.625258,-0.580089,-3.235672,3.486989,-7.098846,5.770432,2.927457,-0.799364,-2.555473,-7.123449,3.213405,-2.308102,-5.786235
738.000000,-1.842760,-1.151456,0.105267,1.090386,0.505561,0.558620,0.482965,0.633317,0.490267,0.437053,-3.934105,2.625508,-0.580421,-3.236315,3.488221,-7.100653,5.772365,2.929429,-0.798419,-2.556603,-7.125599,3.214118,-2.309152,-5.788461
739.000000,-1.844404,-1.151620,0.105215,1.091074,0.505833,0.558806,0.483490,0.633168,0.490352,0.437287,-3.935052,2.625758,-0.580754,-3.236957,3.489452,-7.102457,5.774294,2.931397,-0.797473,-2.557732,-7.127745,3.214830,-2.310201,-5.790683
740.000000,-1.846048,-1.151784,0.105163,1.091761,0.506104,0.558992,0.484014,0.633018,0.490437,0.437520,-3.935998,2.626009,-0.581086,-3.237598,3.490681,-7.104258,5.776220,2.933364,-0.796527,-2.558858,-7.129888,3.215541,-2.311249,-5.792902
741.000000,-1.847691,-1.151948,0.105111,1.092447,0.506375,0.559178,0.484539,0.632868,0.490523,0.437753,-3.936942,2.626261,-0.581417,-3.238237,3.491909,-7.106056,5.778143,2.935327,-0.795579,-2.559982,-7.132028,3.216250,-2.312295,-5.795117
742.000000,-1.849334,-1.152112,0.105059,1.093134,0.506645,0.559363,0.485063,0.632719,0.490608,0.437986,-3.937885,2.626513,-0.581748,-3.238874,3.493135,-7.107850,5.780062,2.937287,-0.794630,-2.561104,-7.134163,3.216958,-2.313340,-5.797329
743.000000,-1.850977,-1.152276,0.105007,1.093820,0.506915,0.559548,0.485587,0.632570,0.490693,0.438218,-3.938826,2.626766,-0.582079,-3.239510,3.494359,-7.109642,5.781978,2.939245,-0.793680,-2.562224,-7.136295,3.217665,-2.314384,-5.799537
744.000000,-1.852619,-1.152441,0.104955,1.094505,0.507185,0.559732,0.486111,0.632421,0.490779,0.438451,-3.939765,2.627019,-0.582410,-3.240145,3.495581,-7.111430,5.783891,2.941199,-0.792730,-2.563341,-7.138423,3.218370,-2.315427,-5.801741
745.000000,-1.854261,-1.152605,0.104904,1.095190,0.507454,0.559916,0.486635,0.632273,0.490864,0.438683,-3.940704,2.627273,-0.582740,-3.240778,3.496802,-7.113215,5.785800,2.943151,-0.791778,-2.564457,-7.140548,3.219075,-2.316468,-5.803943
746.000000,-1.855902,-1.152769,0.104853,1.095875,0.507723,0.560100,0.487159,0.632124,0.490949,0.438915,-3.941640,2.627527,-0.583070,-3.241410,3.498021,-7.114997,5.787707,2.945100,-0.790825,-2.565570,-7.142668,3.219778,-2.317508,-5.806140
747.000000,-1.857543,-1.152933,0.104801,1.096559,0.507991,0.560283,0.487683,0.631976,0.491035,0.439147,-3.942575,2.627782,-0.583400,-3.242041,3.499238,-7.116776,5.789610,2.947046,-0.789871,-2.566682,-7.144786,3.220480,-2.318547,-5.808334
748.000000,-1.859183,-1.153097,0.104750,1.097243,0.508259,0.560465,0.488207,0.631828,0.491120,0.439378,-3.943509,2.628037,-0.583729,-3.242670,3.500454,-7.118551,5.791510,2.948990,-0.788916,-2.567791,-7.146899,3.221180,-2.319585,-5.810525
749.000000,-1.860823,-1.153261,0.104699,1.097926,0.508526,0.560648,0.488730,0.631681,0.491206,0.439609,-3.944442,2.628293,-0.584058,-3.243298,3.501668,-7.120324,5.793407,2.950930,-0.787961,-2.568898,-7.149009,3.221880,-2.320621,-5.812712
750.000000,-1.862463,-1.153425,0.104649,1.098609,0.508793,0.560829,0.489253,0.631533,0.491291,0.439840,-3.945372,2.628549,-0.584387,-3.243924,3.502880,-7.122093,5.795300,2.952868,-0.787004,-2.570003,-7.151116,3.222578,-2.321656,-5.814896
751.000000,-1.864102,-1.153590,0.104598,1.099292,0.509059,0.561011,0.489777,0.631386,0.491376,0.440071,-3.946302,2.628806,-0.584715,-3.244549,3.504091,-7.123860,5.797191,2.954803,-0.786046,-2.571106,-7.153219,3.223275,-2.322690,-5.817076
752.000000,-1.865741,-1.153754,0.104548,1.099974,0.509325,0.561192,0.490300,0.631239,0.491462,0.440302,-3.947230,2.629064,-0.585043,-3.245173,3.505299,-7.125623,5.799078,2.956735,-0.785088,-2.572207,-7.155318,3.223971,-2.323723,-5.819253
753.000000,-1.867379,-1.153918,0.104497,1.100656,0.509590,0.561373,0.490823,0.631093,0.491547,0.440532,-3.948156,2.629322,-0.585371,-3.245795,3.506507,-7.127383,5.800962,2.958665,-0.784128,-2.573306,-7.157414,3.224666,-2.324755,-5.821426
754.000000,-1.869017,-1.154082,0.104447,1.101338,0.509855,0.561553,0.491345,0.630947,0.491632,0.440762,-3.949082,2.629580,-0.585698,-3.246416,3.507712,-7.129140,5.802843,2.960591,-0.783168,-2.574403,-7.159506,3.225360,-2.325785,-5.823596
755.000000,-1.870655,-1.154246,0.104397,1.102019,0.510120,0.561733,0.491868,0.630800,0.491718,0.440992,-3.950005,2.629839,-0.586025,-3.247035,3.508916,-7.130894,5.804721,2.962515,-0.782206,-2.575498,-7.161595,3.226052,-2.326814,-5.825763
756.000000,-1.872292,-1.154411,0.104347,1.102700,0.510384,0.561912,0.492390,0.630655,0.491803,0.441221,-3.950927,2.630099,-0.586352,-3.247654,3.510118,-7.132645,5.806595,2.964436,-0.781244,-2.576590,-7.163680,3.226743,-2.327842,-5.827926
757.000000,-1.873929,-1.154575,0.104298,1.103380,0.510647,0.562091,0.492913,0.630509,0.491888,0.441451,-3.951848,2.630359,-0.586678,-3.248270,3.511319,-7.134393,5.808467,2.966355,-0.780280,-2.577681,-7.165762,3.227433,-2.328869,-5.830086
758.000000,-1.875565,-1.154739,0.104248,1.104060,0.510911,0.562270,0.493435,0.630364,0.491974,0.441680,-3.952768,2.630620,-0.587005,-3.248886,3.512517,-7.136138,5.810335,2.968270,-0.779316,-2.578770,-7.167840,3.228122,-2.329895,-5.832242
759.000000,-1.877200,-1.154903,0.104198,1.104740,0.511173,0.562448,0.493957,0.630219,0.492059,0.441909,-3.953686,2.630882,-0.587330,-3.249500,3.513715,-7.137880,5.812201,2.970183,-0.778351,-2.579856,-7.169915,3.228810,-2.330919,-5.834395
760.000000,-1.878836,-1.155067,0.104149,1.105419,0.511435,0.562626,0.494478,0.630074,0.492144,0.442138,-3.954603,2.631143,-0.587656,-3.250113,3.514910,-7.139619,5.814063,2.972093,-0.777385,-2.580941,-7.171986,3.229497,-2.331942,-5.836545
761.000000,-1.880470,-1.155232,0.104100,1.106098,0.511697,0.562803,0.495000,0.629929,0.492230,0.442366,-3.955518,2.631406,-0.587981,-3.250724,3.516104,-7.141355,5.815922,2.974001,-0.776418,-2.582023,-7.174054,3.230182,-2.332964,-5.838691
762.000000,-1.882105,-1.155396,0.104051,1.106777,0.511958,0.562980,0.495521,0.629785,0.492315,0.442594,-3.956432,2.631669,-0.588306,-3.251334,3.517296,-7.143088,5.817778,2.975906,-0.775450,-2.583103,-7.176118,3.230867,-2.333985,-5.840834
763.000000,-1.883738,-1.155560,0.104002,1.107455,0.512219,0.563157,0.496042,0.629641,0.492401,0.442822,-3.957344,2.631933,-0.588630,-3.251943,3.518487,-7.144818,5.819631,2.977807,-0.774481,-2.584182,-7.178179,3.231550,-2.335005,-5.842974
764.000000,-1.885372,-1.155725,0.103954,1.108133,0.512479,0.563333,0.496563,0.629497,0.492486,0.443050,-3.958255,2.632197,-0.588955,-3.252551,3.519675,-7.146544,5.821481,2.979707,-0.773512,-2.585258,-7.180236,3.232232,-2.336023,-5.845110
765.000000,-1.887005,-1.155889,0.103905,1.108811,0.512739,0.563509,0.497083,0.629354,0.492571,0.443278,-3.959165,2.632462,-0.589278,-3.253157,3.520863,-7.148268,5.823327,2.981603,-0.772541,-2.586332,-7.182290,3.232913,-2.337040,-5.847243
766.000000,-1.888637,-1.156053,0.103857,1.109488,0.512999,0.563684,0.497604,0.629210,0.492657,0.443505,-3.960073,2.632727,-0.589602,-3.253762,3.522048,-7.149990,5.825171,2.983497,-0.771570,-2.587405,-7.184341,3.233593,-2.338057,-5.849373
767.000000,-1.890269,-1.156217,0.103808,1.110165,0.513257,0.563859,0.498124,0.629067,0.492742,0.443732,-3.960980,2.632993,-0.589925,-3.254365,3.523232,-7.151708,5.827012,2.985388,-0.770597,-2.588475,-7.186388,3.234271,-2.339071,-5.851499
768.000000,-1.891900,-1.156382,0.103760,1.110841,0.513516,0.564034,0.498644,0.628925,0.492827,0.443959,-3.961886,2.633259,-0.590248,-3.254967,3.524414,-7.153423,5.828849,2.987276,-0.769624,-2.589543,-7.188432,3.234949,-2.340085,-5.853623
769.000000,-1.893531,-1.156546,0.103712,1.111517,0.513774,0.564208,0.499164,0.628782,0.492913,0.444186,-3.962790,2.633526,-0.590571,-3.255568,3.525595,-7.155135,5.830684,2.989162,-0.768650,-2.590610,-7.190472,3.235625,-2.341098,-5.855742
770.000000,-1.895161,-1.156710,0.103664,1.112193,0.514031,0.564382,0.499683,0.628640,0.492998,0.444412,-3.963693,2.633794,-0.590893,-3.256168,3.526774,-7.156844,5.832516,2.991045,-0.767675,-2.591674,-7.192509,3.236301,-2.342109,-5.857859
771.000000,-1.896791,-1.156874,0.103617,1.112869,0.514288,0.564555,0.500202,0.628498,0.493083,0.444639,-3.964595,2.634062,-0.591215,-3.256766,3.527951,-7.158551,5.834344,2.992926,-0.766699,-2.592736,-7.194543,3.236975,-2.343120,-5.859972
772.000000,-1.898420,-1.157039,0.103569,1.113544,0.514545,0.564729,0.500721,0.628357,0.493169,0.444865,-3.965495,2.634331,-0.591537,-3.257363,3.529126,-7.160254,5.836170,2.994803,-0.765723,-2.593796,-7.196573,3.237648,-2.344129,-5.862082
773.000000,-1.900049,-1.157203,0.103522,1.114219,0.514801,0.564901,0.501240,0.628216,0.493254,0.445090,-3.966394,2.634600,-0.591858,-3.257959,3.530300,-7.161955,5.837993,2.996678,-0.764745,-2.594855,-7.198600,3.238320,-2.345137,-5.864189
774.000000,-1.901678,-1.157367,0.103475,1.114893,0.515056,0.565074,0.501758,0.628075,0.493339,0.445316,-3.967292,2.634870,-0.592180,-3.258553,3.531473,-7.163653,5.839812,2.998551,-0.763767,-2.595911,-7.200624,3.238991,-2.346143,-5.866293
775.000000,-1.903305,-1.157532,0.103428,1.115567,0.515312,0.565245,0.502276,0.627934,0.493425,0.445541,-3.968188,2.635140,-0.592500,-3.259146,3.532643,-7.165347,5.841629,3.000420,-0.762788,-2.596965,-7.202644,3.239661,-2.347149,-5.868393
776.000000,-1.904933,-1.157696,0.103381,1.116241,0.515566,0.565417,0.502794,0.627793,0.493510,0.445766,-3.969083,2.635411,-0.592821,-3.259738,3.533812,-7.167039,5.843442,3.002287,-0.761808,-2.598017,-7.204661,3.240330,-2.348154,-5.870490
777.000000,-1.906559,-1.157860,0.103334,1.116915,0.515820,0.565588,0.503312,0.627653,0.493595,0.445991,-3.969977,2.635683,-0.593141,-3.260329,3.534980,-7.168729,5.845253,3.004152,-0.760827,-2.599068,-7.206675,3.240997,-2.349157,-5.872584
778.000000,-1.908185,-1.158024,0.103287,1.117588,0.516074,0.565759,0.503829,0.627513,0.493680,0.446216,-3.970869,2.635955,-0.593461,-3.260918,3.536145,-7.170415,5.847061,3.006014,-0.759845,-2.600116,-7.208685,3.241664,-2.350159,-5.874675
779.000000,-1.909811,-1.158189,0.103241,1.118260,0.516327,0.565929,0.504346,0.627374,0.493766,0.446440,-3.971760,2.636228,-0.593780,-3.261506,3.537310,-7.172098,5.848866,3.007873,-0.758863,-2.601163,-7.210692,3.242329,-2.351160,-5.876763
780.000000,-1.911436,-1.158353,0.103194,1.118933,0.516580,0.566099,0.504863,0.627234,0.493851,0.446664,-3.972650,2.636501,-0.594100,-3.262093,3.538472,-7.173779,5.850668,3.009729,-0.757880,-2.602207,-7.212696,3.242994,-2.352160,-5.878847
781.000000,-1.913061,-1.158517,0.103148,1.119605,0.516832,0.566269,0.505379,0.627095,0.493936,0.446888,-3.973538,2.636775,-0.594419,-3.262679,3.539633,-7.175457,5.852467,3.011583,-0.756896,-2.603249,-7.214696,3.243657,-2.353159,-5.880928
782.000000,-1.914685,-1.158681,0.103102,1.120277,0.517084,0.566438,0.505896,0.626957,0.494021,0.447112,-3.974425,2.637050,-0.594737,-3.263263,3.540792,-7.177132,5.854263,3.013434,-0.755911,-2.604290,-7.216694,3.244320,-2.354157,-5.883006
783.000000,-1.916308,-1.158846,0.103056,1.120949,0.517335,0.566607,0.506411,0.626818,0.494107,0.447336,-3.975311,2.637325,-0.595056,-3.263846,3.541950,-7.178804,5.856056,3.015283,-0.754925,-2.605329,-7.218688,3.244981,-2.355153,-5.885081
784.000000,-1.917931,-1.159010,0.103011,1.121620,0.517586,0.566776,0.506927,0.626680,0.494192,0.447559,-3.976196,2.637600,-0.595374,-3.264428,3.543106,-7.180473,5.857846,3.017129,-0.753939,-2.606365,-7.220679,3.245641,-2.356149,-5.887153
785.000000,-1.919553,-1.159174,0.102965,1.122291,0.517837,0.566944,0.507442,0.626542,0.494277,0.447782,-3.977079,2.637877,-0.595692,-3.265009,3.544260,-7.182140,5.859633,3.018972,-0.752952,-2.607400,-7.222666,3.246300,-2.357143,-5.889222
786.000000,-1.921175,-1.159338,0.102920,1.122961,0.518087,0.567112,0.507957,0.626405,0.494362,0.448005,-3.977961,2.638153,-0.596009,-3.265588,3.545412,-7.183804,5.861418,3.020813,-0.751964,-2.608433,-7.224650,3.246958,-2.358136,-5.891287
787.000000,-1.922796,-1.159503,0.102874,1.123632,0.518336,0.567279,0.508472,0.626267,0.494447,0.448227,-3.978842,2.638431,-0.596326,-3.266166,3.546564,-7.185465,5.863199,3.022651,-0.750975,-2.609463,-7.226632,3.247615,-2.359128,-5.893350
788.000000,-1.924417,-1.159667,0.102829,1.124302,0.518585,0.567446,0.508986,0.626131,0.494533,0.448450,-3.979721,2.638709,-0.596643,-3.266743,3.547713,-7.187123,5.864978,3.024487,-0.749986,-2.610492,-7.228610,3.248271,-2.360119,-5.895409
789.000000,-1.926037,-1.159831,0.102784,1.124972,0.518833,0.567613,0.509500,0.625994,0.494618,0.448672,-3.980599,2.638987,-0.596960,-3.267319,3.548861,-7.188779,5.866753,3.026320,-0.748996,-2.611519,-7.230584,3.248926,-2.361109,-5.897465
790.000000,-1.927656,-1.159995,0.102739,1.125641,0.519081,0.567779,0.510014,0.625858,0.494703,0.448894,-3.981476,2.639267,-0.597276,-3.267893,3.550007,-7.190431,5.868526,3.028151,-0.748005,-2.612544,-7.232556,3.249580,-2.362097,-5.899518
791.000000,-1.929275,-1.160159,0.102695,1.126310,0.519329,0.567945,0.510527,0.625721,0.494788,0.449115,-3.982352,2.639546,-0.597592,-3.268466,3.551151,-7.192081,5.870296,3.029979,-0.747013,-2.613567,-7.234524,3.250233,-2.363085,-5.901568
792.000000,-1.930894,-1.160323,0.102650,1.126979,0.519576,0.568111,0.511040,0.625586,0.494873,0.449337,-3.983226,2.639827,-0.597908,-3.269038,3.552294,-7.193729,5.872064,3.031804,-0.746021,-2.614588,-7.236490,3.250885,-2.364071,-5.903615
793.000000,-1.932511,-1.160488,0.102606,1.127647,0.519823,0.568276,0.511552,0.625450,0.494958,0.449558,-3.984100,2.640108,-0.598223,-3.269609,3.553436,-7.195373,5.873828,3.033627,-0.745027,-2.615608,-7.238452,3.251536,-2.365057,-5.905659
794.000000,-1.934128,-1.160652,0.102561,1.128316,0.520069,0.568441,0.512065,0.625315,0.495043,0.449779,-3.984972,2.640389,-0.598538,-3.270179,3.554575,-7.197015,5.875590,3.035447,-0.744033,-2.616625,-7.240411,3.252186,-2.366041,-5.907700
795.000000,-1.935745,-1.160816,0.102517,1.128983,0.520314,0.568606,0.512576,0.625180,0.495128,0.450000,-3.985842,2.640671,-0.598853,-3.270747,3.555713,-7.198654,5.877348,3.037265,-0.743039,-2.617641,-7.242366,3.252835,-2.367024,-5.909738
796.000000,-1.937361,-1.160980,0.102473,1.129651,0.520559,0.568770,0.513088,0.625046,0.495213,0.450220,-3.986712,2.640954,-0.599167,-3.271314,3.556850,-7.200291,5.879104,3.039080,-0.742043,-2.618654,-7.244319,3.253482,-2.368006,-5.911772
797.000000,-1.938976,-1.161144,0.102430,1.130318,0.520804,0.568934,0.513599,0.624911,0.495299,0.450441,-3.987580,2.641237,-0.599481,-3.271880,3.557985,-7.201925,5.880857,3.040892,-0.741047,-2.619666,-7.246269,3.254129,-2.368987,-5.913804
798.000000,-1.940591,-1.161308,0.102386,1.130986,0.521048,0.569097,0.514110,0.624777,0.495384,0.450661,-3.988447,2.641521,-0.599795,-3.272445,3.559118,-7.203556,5.882608,3.042703,-0.740051,-2.620676,-7.248215,3.254775,-2.369967,-5.915833
799.000000,-1.942205,-1.161472,0.102342,1.131652,0.521292,0.569260,0.514620,0.624644,0.495469,0.450881,-3.989313,2.641805,-0.600109,-3.273009,3.560250,-7.205184,5.884355,3.044510,-0.739053,-2.621683,-7.250159,3.255420,-2.370946,-5.917858
800.000000,-1.943819,-1.161636,0.102299,1.132319,0.521535,0.569423,0.515131,0.624510,0.495554,0.451100,-3.990178,2.642090,-0.600422,-3.273571,3.561380,-7.206810,5.886100,3.046315,-0.738055,-2.622689,-7.252099,3.256064,-2.371923,-5.919881
801.000000,-1.945432,-1.161800,0.102256,1.132985,0.521778,0.569585,0.515640,0.624377,0.495639,0.451320,-3.991041,2.642376,-0.600735,-3.274132,3.562508,-7.208433,5.887842,3.048118,-0.737056,-2.623693,-7.254036,3.256706,-2.372900,-5.921901
802.000000,-1.947044,-1.161964,0.102213,1.133651,0.522020,0.569747,0.516150,0.624245,0.495724,0.451539,-3.991903,2.642662,-0.601048,-3.274693,3.563635,-7.210054,5.889581,3.049918,-0.736056,-2.624696,-7.255970,3.257348,-2.373875,-5.923917
803.000000,-1.948656,-1.162128,0.102170,1.134317,0.522262,0.569909,0.516659,0.624112,0.495809,0.451758,-3.992764,2.642949,-0.601360,-3.275251,3.564760,-7.211671,5.891317,3.051715,-0.735056,-2.625696,-7.257901,3.257989,-2.374850,-5.925931
804.000000,-1.950267,-1.162292,0.102127,1.134982,0.522504,0.570070,0.517167,0.623980,0.495893,0.451977,-3.993624,2.643237,-0.601672,-3.275809,3.565884,-7.213287,5.893051,3.053510,-0.734055,-2.626695,-7.259829,3.258629,-2.375823,-5.927942
805.000000,-1.951877,-1.162456,0.102085,1.135647,0.522744,0.570231,0.517675,0.623848,0.495978,0.452195,-3.994483,2.643525,-0.601984,-3.276366,3.567006,-7.214899,5.894782,3.055303,-0.733053,-2.627691,-7.261754,3.259268,-2.376795,-5.929949
806.000000,-1.953487,-1.162620,0.102042,1.136312,0.522985,0.570392,0.518183,0.623717,0.496063,0.452413,-3.995340,2.643813,-0.602296,-3.276921,3.568126,-7.216509,5.896510,3.057093,-0.732051,-2.628686,-7.263676,3.259906,-2.377766,-5.931954
807.000000,-1.955096,-1.162784,0.102000,1.136976,0.523225,0.570552,0.518691,0.623586,0.496148,0.452631,-3.996196,2.644102,-0.602607,-3.277476,3.569245,-7.218116,5.898235,3.058880,-0.731048,-2.629679,-7.265595,3.260543,-2.378736,-5.933956
808.000000,-1.956705,-1.162948,0.101958,1.137641,0.523464,0.570712,0.519198,0.623455,0.496233,0.452849,-3.997051,2.644392,-0.602918,-3.278029,3.570362,-7.219721,5.899958,3.060665,-0.730044,-2.630670,-7.267511,3.261179,-2.379705,-5.935955
809.000000,-1.958312,-1.163111,0.101916,1.138305,0.523703,0.570872,0.519704,0.623324,0.496318,0.453067,-3.997905,2.644683,-0.603229,-3.278581,3.571478,-7.221323,5.901678,3.062448,-0.729040,-2.631659,-7.269424,3.261814,-2.380673,-5.937951
810.000000,-1.959920,-1.163275,0.101874,1.138968,0.523942,0.571031,0.520210,0.623194,0.496403,0.453284,-3.998758,2.644974,-0.603539,-3.279131,3.572592,-7.222923,5.903395,3.064228,-0.728035,-2.632646,-7.271334,3.262448,-2.381640,-5.939944
811.000000,-1.961526,-1.163439,0.101832,1.139632,0.524180,0.571190,0.520716,0.623064,0.496487,0.453501,-3.999610,2.645265,-0.603849,-3.279681,3.573704,-7.224520,5.905110,3.066005,-0.727029,-2.633632,-7.273241,3.263081,-2.382606,-5.941934
812.000000,-1.963132,-1.163603,0.101791,1.140295,0.524417,0.571348,0.521222,0.622934,0.496572,0.453718,-4.000460,2.645557,-0.604159,-3.280230,3.574815,-7.226114,5.906822,3.067781,-0.726023,-2.634616,-7.275145,3.263713,-2.383571,-5.943921
813.000000,-1.964738,-1.163766,0.101749,1.140958,0.524654,0.571507,0.521727,0.622805,0.496657,0.453935,-4.001309,2.645850,-0.604469,-3.280777,3.575924,-7.227706,5.908531,3.069553,-0.725016,-2.635597,-7.277046,3.264344,-2.384534,-5.945905
814.000000,-1.966342,-1.163930,0.101708,1.141620,0.524891,0.571664,0.522231,0.622676,0.496742,0.454151,-4.002157,2.646144,-0.604778,-3.281323,3.577032,-7.229295,5.910237,3.071324,-0.724008,-2.636577,-7.278944,3.264974,-2.385497,-5.947886
815.000000,-1.967946,-1.164094,0.101667,1.142283,0.525127,0.571822,0.522735,0.622547,0.496827,0.454368,-4.003004,2.646437,-0.605087,-3.281868,3.578138,-7.230882,5.911941,3.073091,-0.723000,-2.637556,-7.280839,3.265603,-2.386458,-5.949865
816.000000,-1.969550,-1.164257,0.101626,1.142945,0.525362,0.571979,0.523239,0.622419,0.496911,0.454584,-4.003850,2.646732,-0.605395,-3.282412,3.579243,-7.232466,5.913642,3.074857,-0.721991,-2.638532,-7.282731,3.266232,-2.387419,-5.951841
817.000000,-1.971152,-1.164421,0.101585,1.143607,0.525598,0.572136,0.523742,0.622291,0.496996,0.454800,-4.004694,2.647027,-0.605704,-3.282955,3.580346,-7.234047,5.915341,3.076620,-0.720982,-2.639506,-7.284620,3.266859,-2.388378,-5.953813
818.000000,-1.972754,-1.164584,0.101544,1.144268,0.525832,0.572293,0.524245,0.622163,0.497081,0.455015,-4.005538,2.647323,-0.606012,-3.283497,3.581447,-7.235626,5.917036,3.078380,-0.719972,-2.640479,-7.286506,3.267485,-2.389337,-5.955783
819.000000,-1.974356,-1.164748,0.101504,1.144930,0.526066,0.572449,0.524748,0.622035,0.497165,0.455231,-4.006380,2.647619,-0.606320,-3.284038,3.582547,-7.237203,5.918729,3.080138,-0.718961,-2.641450,-7.288389,3.268111,-2.390294,-5.957750
820.000000,-1.975956,-1.164911,0.101464,1.145591,0.526300,0.572605,0.525250,0.621908,0.497250,0.455446,-4.007222,2.647916,-0.606627,-3.284577,3.583645,-7.238777,5.920420,3.081894,-0.717950,-2.642419,-7.290270,3.268736,-2.391250,-5.959714
821.000000,-1.977556,-1.165075,0.101423,1.146252,0.526533,0.572760,0.525751,0.621782,0.497334,0.455661,-4.008062,2.648214,-0.606934,-3.285116,3.584741,-7.240348,5.922108,3.083647,-0.716938,-2.643386,-7.292147,3.269359,-2.392205,-5.961676
822.000000,-1.979156,-1.165238,0.101383,1.146912,0.526766,0.572915,0.526252,0.621655,0.497419,0.455875,-4.008901,2.648512,-0.607241,-3.285653,3.585836,-7.241917,5.923793,3.085398,-0.715925,-2.644352,-7.294022,3.269982,-2.393160,-5.963634
823.000000,-1.980755,-1.165401,0.101343,1.147573,0.526999,0.573070,0.526753,0.621529,0.497504,0.456090,-4.009738,2.648811,-0.607548,-3.286189,3.586930,-7.243484,5.925476,3.087146,-0.714912,-2.645316,-7.295893,3.270604,-2.394113,-5.965590
824.000000,-1.982353,-1.165565,0.101304,1.148233,0.527230,0.573225,0.527253,0.621403,0.497588,0.456304,-4.010575,2.649110,-0.607855,-3.286724,3.588022,-7.245048,5.927156,3.088892,-0.713898,-2.646277,-7.297762,3.271225,-2.395065,-5.967543
825.000000,-1.983950,-1.165728,0.101264,1.148893,0.527462,0.573379,0.527753,0.621277,0.497673,0.456518,-4.011411,2.649410,-0.608161,-3.287259,3.589112,-7.246609,5.928833,3.090636,-0.712884,-2.647238,-7.299628,3.271844,-2.396016,-5.969493
826.000000,-1.985547,-1.165891,0.101225,1.149552,0.527693,0.573533,0.528252,0.621152,0.497757,0.456732,-4.012245,2.649711,-0.608466,-3.287791,3.590201,-7.248169,5.930508,3.092377,-0.711869,-2.648196,-7.301491,3.272463,-2.396966,-5.971440
827.000000,-1.987142,-1.166054,0.101185,1.150211,0.527923,0.573686,0.528751,0.621027,0.497841,0.456945,-4.013079,2.650012,-0.608772,-3.288323,3.591288,-7.249725,5.932180,3.094116,-0.710854,-2.649152,-7.303351,3.273082,-2.397915,-5.973384
828.000000,-1.988738,-1.166218,0.101146,1.150871,0.528153,0.573840,0.529250,0.620903,0.497926,0.457159,-4.013911,2.650314,-0.609077,-3.288854,3.592374,-7.251279,5.933849,3.095852,-0.709838,-2.650107,-7.305208,3.273699,-2.398863,-5.975326
829.000000,-1.990332,-1.166381,0.101107,1.151529,0.528382,0.573993,0.529748,0.620778,0.498010,0.457372,-4.014742,2.650616,-0.609382,-3.289384,3.593458,-7.252831,5.935516,3.097587,-0.708821,-2.651060,-7.307063,3.274315,-2.399810,-5.977265
830.000000,-1.991926,-1.166544,0.101068,1.152188,0.528611,0.574145,0.530245,0.620654,0.498095,0.457585,-4.015572,2.650919,-0.609687,-3.289912,3.594540,-7.254380,5.937181,3.099318,-0.707804,-2.652011,-7.308915,3.274931,-2.400756,-5.979201
831.000000,-1.993519,-1.166707,0.101030,1.152846,0.528840,0.574297,0.530742,0.620531,0.498179,0.457797,-4.016401,2.651223,-0.609992,-3.290440,3.595621,-7.255927,5.938843,3.101048,-0.706786,-2.652961,-7.310763,3.275545,-2.401701,-5.981134
832.000000,-1.995112,-1.166870,0.100991,1.153504,0.529068,0.574449,0.531239,0.620407,0.498263,0.458010,-4.017229,2.651527,-0.610296,-3.290966,3.596701,-7.257471,5.940502,3.102775,-0.705768,-2.653908,-7.312609,3.276159,-2.402644,-5.983065
833.000000,-1.996704,-1.167033,0.100953,1.154162,0.529295,0.574601,0.531735,0.620284,0.498348,0.458222,-4.018056,2.651832,-0.610600,-3.291492,3.597778,-7.259013,5.942159,3.104499,-0.704749,-2.654854,-7.314453,3.276771,-2.403587,-5.984993
834.000000,-1.998295,-1.167195,0.100914,1.154820,0.529523,0.574752,0.532231,0.620162,0.498432,0.458434,-4.018882,2.652137,-0.610903,-3.292016,3.598855,-7.260553,5.943813,3.106221,-0.703729,-2.655798,-7.316293,3.277383,-2.404529,-5.986918
835.000000,-1.999885,-1.167358,0.100876,1.155477,0.529749,0.574903,0.532726,0.620039,0.498516,0.458646,-4.019707,2.652443,-0.611207,-3.292539,3.599929,-7.262090,5.945464,3.107941,-0.702709,-2.656741,-7.318130,3.277994,-2.405470,-5.988840
836.000000,-2.001475,-1.167521,0.100838,1.156134,0.529975,0.575054,0.533221,0.619917,0.498600,0.458857,-4.020530,2.652750,-0.611510,-3.293062,3.601002,-7.263625,5.947113,3.109659,-0.701689,-2.657681,-7.319965,3.278604,-2.406410,-5.990760
837.000000,-2.003064,-1.167684,0.100801,1.156791,0.530201,0.575204,0.533715,0.619795,0.498684,0.459069,-4.021353,2.653057,-0.611812,-3.293583,3.602074,-7.265157,5.948760,3.111374,-0.700668,-2.658620,-7.321797,3.279214,-2.407348,-5.992677
838.000000,-2.004652,-1.167846,0.100763,1.157448,0.530426,0.575354,0.534209,0.619674,0.498769,0.459280,-4.022175,2.653365,-0.612115,-3.294103,3.603144,-7.266687,5.950404,3.113087,-0.699646,-2.659557,-7.323627,3.279822,-2.408286,-5.994591
839.000000,-2.006240,-1.168009,0.100725,1.158105,0.530651,0.575504,0.534702,0.619553,0.498853,0.459490,-4.022995,2.653673,-0.612417,-3.294622,3.604212,-7.268214,5.952045,3.114798,-0.698624,-2.660493,-7.325453,3.280429,-2.409223,-5.996503
840.000000,-2.007827,-1.168172,0.100688,1.158761,0.530875,0.575653,0.535195,0.619432,0.498937,0.459701,-4.023814,2.653982,-0.612719,-3.295140,3.605279,-7.269740,5.953684,3.116506,-0.697601,-2.661426,-7.327277,3.281036,-2.410159,-5.998411
841.000000,-2.009413,-1.168334,0.100651,1.159417,0.531099,0.575803,0.535687,0.619311,0.499021,0.459912,-4.024633,2.654292,-0.613021,-3.295657,3.606345,-7.271262,5.955321,3.118212,-0.696578,-2.662358,-7.329098,3.281642,-2.411093,-6.000317
842.000000,-2.010998,-1.168497,0.100614,1.160072,0.531322,0.575951,0.536179,0.619191,0.499105,0.460122,-4.025450,2.654602,-0.613322,-3.296173,3.607409,-7.272783,5.956955,3.119915,-0.695555,-2.663289,-7.330916,3.282247,-2.412027,-6.002221
843.000000,-2.012583,-1.168659,0.100577,1.160728,0.531545,0.576100,0.536670,0.619071,0.499189,0.460332,-4.026266,2.654913,-0.613623,-3.296688,3.608471,-7.274301,5.958586,3.121617,-0.694530,-2.664217,-7.332731,3.282851,-2.412960,-6.004122
844.000000,-2.014167,-1.168821,0.100540,1.161383,0.531768,0.576248,0.537161,0.618952,0.499273,0.460541,-4.027082,2.655224,-0.613924,-3.297202,3.609532,-7.275816,5.960215,3.123316,-0.693506,-2.665144,-7.334544,3.283454,-2.413891,-6.006020
845.000000,-2.015750,-1.168983,0.100504,1.162038,0.531989,0.576396,0.537651,0.618833,0.499357,0.460751,-4.027896,2.655536,-0.614225,-3.297715,3.610591,-7.277330,5.961842,3.125012,-0.692480,-2.666069,-7.336354,3.284056,-2.414822,-6.007915
846.000000,-2.017332,-1.169146,0.100467,1.162693,0.532211,0.576543,0.538141,0.618714,0.499441,0.460960,-4.028709,2.655849,-0.614525,-3.298226,3.611649,-7.278841,5.963466,3.126707,-0.691455,-2.666992,-7.338162,3.284657,-2.415752,-6.009808
847.000000,-2.018914,-1.169308,0.100431,1.163348,0.532432,0.576691,0.538631,0.618595,0.499525,0.461169,-4.029521,2.656162,-0.614825,-3.298737,3.612705,-7.280350,5.965087,3.128399,-0.690428,-2.667914,-7.339966,3.285258,-2.416681,-6.011698
848.000000,-2.020495,-1.169470,0.100395,1.164002,0.532652,0.576838,0.539119,0.618477,0.499609,0.461378,-4.030332,2.656476,-0.615125,-3.299247,3.613759,-7.281856,5.966707,3.130089,-0.689402,-2.668834,-7.341768,3.285858,-2.417608,-6.013585
849.000000,-2.022076,-1.169632,0.100359,1.164656,0.532872,0.576984,0.539608,0.618359,0.499692,0.461587,-4.031142,2.656791,-0.615425,-3.299756,3.614812,-7.283360,5.968323,3.131776,-0.688374,-2.669752,-7.343568,3.286457,-2.418535,-6.015470
850.000000,-2.023655,-1.169794,0.100323,1.165310,0.533092,0.577131,0.540096,0.618241,0.499776,0.461795,-4.031951,2.657106,-0.615724,-3.300263,3.615864,-7.284862,5.969937,3.133462,-0.687347,-2.670668,-7.345364,3.287055,-2.419461,-6.017352
851.000000,-2.025234,-1.169956,0.100287,1.165964,0.533311,0.577277,0.540583,0.618124,0.499860,0.462004,-4.032759,2.657421,-0.616023,-3.300770,3.616914,-7.286361,5.971549,3.135145,-0.686319,-2.671583,-7.347158,3.287652,-2.420386,-6.019232
852.000000,-2.026812,-1.170118,0.100252,1.166617,0.533530,0.577422,0.541070,0.618007,0.499944,0.462212,-4.033566,2.657737,-0.616322,-3.301276,3.617962,-7.287858,5.973158,3.136825,-0.685290,-2.672496,-7.348949,3.288248,-2.421309,-6.021109
853.000000,-2.028389,-1.170279,0.100216,1.167271,0.533748,0.577568,0.541556,0.617890,0.500027,0.462419,-4.034372,2.658054,-0.616620,-3.301780,3.619009,-7.289353,5.974765,3.138504,-0.684261,-2.673408,-7.350738,3.288844,-2.422232,-6.022983
854.000000,-2.029966,-1.170441,0.100181,1.167924,0.533966,0.577713,0.542042,0.617774,0.500111,0.462627,-4.035177,2.658372,-0.616918,-3.302284,3.620055,-7.290846,5.976370,3.140180,-0.683231,-2.674317,-7.352524,3.289438,-2.423154,-6.024855
855.000000,-2.031542,-1.170603,0.100146,1.168576,0.534183,0.577858,0.542527,0.617658,0.500195,0.462834,-4.035981,2.658690,-0.617216,-3.302787,3.621098,-7.292336,5.977972,3.141854,-0.682201,-2.675225,-7.354307,3.290032,-2.424075,-6.026724
856.000000,-2.033117,-1.170764,0.100111,1.169229,0.534400,0.578002,0.543012,0.617542,0.500278,0.463041,-4.036784,2.659009,-0.617514,-3.303289,3.622141,-7.293824,5.979571,3.143526,-0.681170,-2.676132,-7.356088,3.290625,-2.424995,-6.028591
857.000000,-2.034691,-1.170926,0.100076,1.169881,0.534616,0.578146,0.543496,0.617427,0.500362,0.463248,-4.037586,2.659328,-0.617811,-3.303789,3.623182,-7.295309,5.981168,3.145195,-0.680139,-2.677037,-7.357866,3.291218,-2.425914,-6.030455
858.000000,-2.036265,-1.171087,0.100041,1.170533,0.534832,0.578290,0.543980,0.617312,0.500445,0.463455,-4.038388,2.659648,-0.618108,-3.304289,3.624221,-7.296793,5.982763,3.146862,-0.679108,-2.677940,-7.359641,3.291809,-2.426832,-6.032316
859.000000,-2.037838,-1.171248,0.100007,1.171185,0.535047,0.578434,0.544463,0.617197,0.500529,0.463661,-4.039188,2.659968,-0.618405,-3.304788,3.625259,-7.298274,5.984356,3.148527,-0.678076,-2.678841,-7.361414,3.292400,-2.427749,-6.034175
860.000000,-2.039410,-1.171410,0.099973,1.171837,0.535262,0.578577,0.544946,0.617082,0.500612,0.463867,-4.039987,2.660289,-0.618702,-3.305286,3.626295,-7.299753,5.985946,3.150190,-0.677044,-2.679741,-7.363184,3.292989,-2.428665,-6.036032
861.000000,-2.040981,-1.171571,0.099938,1.172489,0.535477,0.578720,0.545428,0.616968,0.500696,0.464073,-4.040785,2.660611,-0.618998,-3.305782,3.627330,-7.301230,5.987533,3.151851,-0.676011,-2.680639,-7.364952,3.293578,-2.429580,-6.037885
862.000000,-2.042552,-1.171732,0.099904,1.173140,0.535691,0.578863,0.545910,0.616854,0.500779,0.464279,-4.041582,2.660933,-0.619294,-3.306278,3.628363,-7.302704,5.989118,3.153509,-0.674978,-2.681535,-7.366717,3.294166,-2.430494,-6.039737
863.000000,-2.044122,-1.171893,0.099870,1.173791,0.535904,0.579006,0.546391,0.616741,0.500862,0.464485,-4.042378,2.661256,-0.619590,-3.306773,3.629395,-7.304176,5.990701,3.155165,-0.673944,-2.682430,-7.368479,3.294754,-2.431407,-6.041585
864.000000,-2.045691,-1.172054,0.099837,1.174442,0.536117,0.579148,0.546871,0.616627,0.500946,0.464690,-4.043173,2.661580,-0.619885,-3.307267,3.630425,-7.305646,5.992282,3.156819,-0.672910,-2.683323,-7.370239,3.295340,-2.432319,-6.043432
865.000000,-2.047259,-1.172215,0.099803,1.175092,0.536330,0.579290,0.547351,0.616515,0.501029,0.464895,-4.043967,2.661904,-0.620181,-3.307760,3.631454,-7.307114,5.993860,3.158471,-0.671875,-2.684214,-7.371996,3.295926,-2.433230,-6.045275
866.000000,-2.048826,-1.172375,0.099770,1.175743,0.536542,0.579431,0.547831,0.616402,0.501112,0.465100,-4.044761,2.662228,-0.620476,-3.308252,3.632481,-7.308580,5.995436,3.160120,-0.670840,-2.685104,-7.373751,3.296511,-2.434140,-6.047116
867.000000,-2.050393,-1.172536,0.099736,1.176393,0.536754,0.579573,0.548310,0.616290,0.501196,0.465305,-4.045553,2.662554,-0.620771,-3.308743,3.633506,-7.310043,5.997009,3.161767,-0.669805,-2.685992,-7.375503,3.297095,-2.435049,-6.048955
868.000000,-2.051959,-1.172697,0.099703,1.177043,0.536965,0.579714,0.548788,0.616178,0.501279,0.465509,-4.046344,2.662880,-0.621065,-3.309233,3.634531,-7.311504,5.998580,3.163412,-0.668769,-2.686879,-7.377253,3.297679,-2.435958,-6.050791
869.000000,-2.053524,-1.172857,0.099670,1.177693,0.537175,0.579854,0.549266,0.616066,0.501362,0.465713,-4.047135,2.663206,-0.621359,-3.309722,3.635553,-7.312963,6.000149,3.165055,-0.667733,-2.687763,-7.379000,3.298261,-2.436865,-6.052625
870.000000,-2.055089,-1.173018,0.099637,1.178342,0.537386,0.579995,0.549743,0.615955,0.501445,0.465917,-4.047924,2.663533,-0.621653,-3.310210,3.636574,-7.314420,6.001715,3.166696,-0.666696,-2.688647,-7.380744,3.298843,-2.437771,-6.054456
871.000000,-2.056653,-1.173178,0.099604,1.178992,0.537596,0.580135,0.550220,0.615844,0.501528,0.466121,-4.048712,2.663861,-0.621947,-3.310697,3.637594,-7.315874,6.003279,3.168334,-0.665659,-2.689528,-7.382486,3.299424,-2.438677,-6.056285
872.000000,-2.058216,-1.173338,0.099572,1.179641,0.537805,0.580275,0.550697,0.615733,0.501611,0.466325,-4.049500,2.664189,-0.622240,-3.311183,3.638612,-7.317327,6.004841,3.169971,-0.664621,-2.690408,-7.384225,3.300004,-2.439581,-6.058111
873.000000,-2.059778,-1.173499,0.099539,1.180290,0.538014,0.580415,0.551172,0.615622,0.501694,0.466528,-4.050287,2.664518,-0.622534,-3.311668,3.639629,-7.318777,6.006401,3.171605,-0.663583,-2.691287,-7.385962,3.300583,-2.440485,-6.059934
874.000000,-2.061339,-1.173659,0.099507,1.180939,0.538222,0.580554,0.551648,0.615512,0.501777,0.466731,-4.051072,2.664848,-0.622827,-3.312153,3.640644,-7.320225,6.007958,3.173237,-0.662545,-2.692163,-7.387697,3.301162,-2.441387,-6.061756
875.000000,-2.062900,-1.173819,0.099475,1.181587,0.538430,0.580693,0.552122,0.615402,0.501860,0.466934,-4.051857,2.665178,-0.623119,-3.312636,3.641658,-7.321671,6.009512,3.174867,-0.661506,-2.693038,-7.389429,3.301740,-2.442289,-6.063574
876.000000,-2.064459,-1.173979,0.099443,1.182236,0.538638,0.580832,0.552596,0.615293,0.501943,0.467137,-4.052641,2.665508,-0.623412,-3.313118,3.642670,-7.323114,6.011065,3.176494,-0.660467,-2.693912,-7.391158,3.302317,-2.443190,-6.065391
877.000000,-2.066018,-1.174138,0.099411,1.182884,0.538845,0.580970,0.553070,0.615184,0.502026,0.467339,-4.053424,2.665840,-0.623704,-3.313600,3.643680,-7.324556,6.012615,3.178120,-0.659428,-2.694784,-7.392885,3.302893,-2.444090,-6.067205
878.000000,-2.067577,-1.174298,0.099379,1.183532,0.539052,0.581108,0.553543,0.615075,0.502108,0.467541,-4.054206,2.666172,-0.623996,-3.314080,3.644690,-7.325995,6.014163,3.179743,-0.658388,-2.695654,-7.394609,3.303469,-2.444988,-6.069016
879.000000,-2.069134,-1.174458,0.099348,1.184179,0.539258,0.581246,0.554015,0.614966,0.502191,0.467743,-4.054987,2.666504,-0.624287,-3.314560,3.645697,-7.327433,6.015709,3.181365,-0.657348,-2.696523,-7.396331,3.304044,-2.445886,-6.070825
880.000000,-2.070691,-1.174617,0.099316,1.184827,0.539464,0.581384,0.554487,0.614858,0.502274,0.467945,-4.055767,2.666837,-0.624579,-3.315039,3.646703,-7.328868,6.017252,3.182984,-0.656307,-2.697390,-7.398051,3.304618,-2.446783,-6.072632
881.000000,-2.072247,-1.174777,0.099285,1.185474,0.539669,0.581521,0.554959,0.614750,0.502357,0.468147,-4.056546,2.667171,-0.624870,-3.315516,3.647708,-7.330301,6.018793,3.184601,-0.655266,-2.698255,-7.399768,3.305191,-2.447679,-6.074436
882.000000,-2.073802,-1.174936,0.099254,1.186121,0.539874,0.581659,0.555429,0.614642,0.502439,0.468348,-4.057324,2.667505,-0.625161,-3.315993,3.648711,-7.331732,6.020332,3.186215,-0.654225,-2.699119,-7.401482,3.305764,-2.448574,-6.076238
883.000000,-2.075356,-1.175095,0.099223,1.186768,0.540078,0.581795,0.555900,0.614535,0.502522,0.468549,-4.058102,2.667840,-0.625451,-3.316469,3.649713,-7.333161,6.021869,3.187828,-0.653183,-2.699982,-7.403195,3.306335,-2.449469,-6.078037
884.000000,-2.076909,-1.175255,0.099192,1.187415,0.540282,0.581932,0.556369,0.614428,0.502604,0.468750,-4.058878,2.668176,-0.625742,-3.316944,3.650713,-7.334587,6.023403,3.189439,-0.652141,-2.700843,-7.404904,3.306906,-2.450362,-6.079834
885.000000,-2.078462,-1.175414,0.099162,1.188061,0.540485,0.582068,0.556839,0.614321,0.502687,0.468951,-4.059654,2.668512,-0.626032,-3.317418,3.651712,-7.336012,6.024935,3.191047,-0.651098,-2.701702,-7.406611,3.307477,-2.451254,-6.081629
886.000000,-2.080014,-1.175573,0.099131,1.188708,0.540688,0.582204,0.557307,0.614215,0.502769,0.469152,-4.060428,2.668848,-0.626322,-3.317892,3.652709,-7.337434,6.026465,3.192654,-0.650056,-2.702559,-7.408316,3.308046,-2.452146,-6.083421
887.000000,-2.081565,-1.175731,0.099101,1.189354,0.540891,0.582340,0.557775,0.614109,0.502852,0.469352,-4.061202,2.669186,-0.626611,-3.318364,3.653705,-7.338855,6.027992,3.194258,-0.649012,-2.703415,-7.410019,3.308615,-2.453036,-6.085211
888.000000,-2.083116,-1.175890,0.099070,1.190000,0.541093,0.582476,0.558243,0.614003,0.502934,0.469552,-4.061975,2.669523,-0.626901,-3.318835,3.654700,-7.340273,6.029518,3.195860,-0.647969,-2.704270,-7.411719,3.309183,-2.453926,-6.086998
889.000000,-2.084665,-1.176049,0.099040,1.190645,0.541295,0.582611,0.558710,0.613897,0.503017,0.469752,-4.062747,2.669862,-0.627190,-3.319306,3.655692,-7.341689,6.031041,3.197460,-0.646925,-2.705123,-7.413416,3.309750,-2.454814,-6.088783
890.000000,-2.086214,-1.176207,0.099010,1.191291,0.541496,0.582746,0.559176,0.613792,0.503099,0.469951,-4.063518,2.670201,-0.627479,-3.319775,3.656684,-7.343103,6.032562,3.199058,-0.645881,-2.705974,-7.415111,3.310317,-2.455702,-6.090566
891.000000,-2.087762,-1.176366,0.098981,1.191936,0.541697,0.582880,0.559642,0.613687,0.503181,0.470151,-4.064288,2.670541,-0.627767,-3.320244,3.657674,-7.344515,6.034080,3.200654,-0.644836,-2.706824,-7.416804,3.310882,-2.456589,-6.092346
892.000000,-2.089309,-1.176524,0.098951,1.192581,0.541897,0.583015,0.560107,0.613582,0.503264,0.470350,-4.065058,2.670881,-0.628056,-3.320712,3.658662,-7.345925,6.035597,3.202247,-0.643791,-2.707672,-7.418494,3.311447,-2.457475,-6.094124
893.000000,-2.090855,-1.176682,0.098922,1.193226,0.542097,0.583149,0.560572,0.613478,0.503346,0.470549,-4.065826,2.671222,-0.628344,-3.321179,3.659649,-7.347333,6.037111,3.203839,-0.642746,-2.708519,-7.420182,3.312012,-2.458360,-6.095900
894.000000,-2.092401,-1.176840,0.098892,1.193871,0.542296,0.583283,0.561036,0.613374,0.503428,0.470748,-4.066594,2.671563,-0.628632,-3.321645,3.660635,-7.348739,6.038623,3.205429,-0.641700,-2.709364,-7.421868,3.312575,-2.459244,-6.097673
895.000000,-2.093945,-1.176998,0.098863,1.194516,0.542495,0.583416,0.561499,0.613270,0.503510,0.470946,-4.067360,2.671905,-0.628919,-3.322110,3.661619,-7.350143,6.040133,3.207016,-0.640654,-2.710207,-7.423551,3.313138,-2.460127,-6.099444
896.000000,-2.095489,-1.177156,0.098834,1.195160,0.542694,0.583550,0.561962,0.613167,0.503592,0.471145,-4.068126,2.672248,-0.629207,-3.322574,3.662601,-7.351545,6.041641,3.208601,-0.639608,-2.711049,-7.425232,3.313700,-2.461009,-6.101213
897.000000,-2.097032,-1.177314,0.098805,1.195804,0.542892,0.583683,0.562424,0.613064,0.503674,0.471343,-4.068891,2.672591,-0.629494,-3.323037,3.663582,-7.352944,6.043146,3.210185,-0.638562,-2.711890,-7.426910,3.314262,-2.461890,-6.102979
898.000000,-2.098575,-1.177472,0.098776,1.196448,0.543089,0.583816,0.562886,0.612961,0.503756,0.471541,-4.069655,2.672935,-0.629781,-3.323500,3.664562,-7.354342,6.044649,3.211766,-0.637515,-2.712729,-7.428587,3.314823,-2.462771,-6.104743
899.000000,-2.100116,-1.177629,0.098748,1.197092,0.543286,0.583948,0.563348,0.612858,0.503838,0.471738,-4.070419,2.673279,-0.630067,-3.323962,3.665540,-7.355738,6.046150,3.213345,-0.636467,-2.713566,-7.430260,3.315383,-2.463650,-6.106505
900.000000,-2.101657,-1.177787,0.098719,1.197735,0.543483,0.584081,0.563808,0.612756,0.503920,0.471936,-4.071181,2.673624,-0.630354,-3.324422,3.666517,-7.357131,6.047649,3.214923,-0.635420,-2.714402,-7.431932,3.315942,-2.464529,-6.108264
901.000000,-2.103197,-1.177944,0.098691,1.198379,0.543679,0.584213,0.564268,0.612654,0.504002,0.472133,-4.071943,2.673970,-0.630640,-3.324882,3.667492,-7.358523,6.049146,3.216498,-0.634372,-2.715236,-7.433601,3.316500,-2.465407,-6.110021
902.000000,-2.104736,-1.178101,0.098663,1.199022,0.543875,0.584345,0.564728,0.612553,0.504084,0.472330,-4.072703,2.674316,-0.630926,-3.325341,3.668466,-7.359913,6.050641,3.218071,-0.633324,-2.716069,-7.435268,3.317058,-2.466284,-6.111776
903.000000,-2.106274,-1.178258,0.098634,1.199665,0.544071,0.584476,0.565187,0.612451,0.504165,0.472527,-4.073463,2.674663,-0.631211,-3.325799,3.669438,-7.361300,6.052133,3.219642,-0.632275,-2.716901,-7.436932,3.317615,-2.467160,-6.113529
904.000000,-2.107811,-1.178415,0.098607,1.200308,0.544266,0.584607,0.565645,0.612350,0.504247,0.472724,-4.074222,2.675010,-0.631497,-3.326257,3.670409,-7.362686,6.053624,3.221211,-0.631227,-2.717730,-7.438594,3.318172,-2.468035,-6.115279
905.000000,-2.109348,-1.178572,0.098579,1.200950,0.544460,0.584738,0.566103,0.612249,0.504329,0.472920,-4.074980,2.675358,-0.631782,-3.326713,3.671378,-7.364069,6.055112,3.222778,-0.630177,-2.718559,-7.440254,3.318727,-2.468909,-6.117027
906.000000,-2.110884,-1.178729,0.098551,1.201593,0.544654,0.584869,0.566560,0.612149,0.504410,0.473116,-4.075738,2.675707,-0.632067,-3.327169,3.672346,-7.365451,6.056598,3.224343,-0.629128,-2.719386,-7.441912,3.319282,-2.469782,-6.118773
907.000000,-2.112419,-1.178885,0.098524,1.202235,0.544848,0.585000,0.567017,0.612049,0.504492,0.473312,-4.076494,2.676056,-0.632351,-3.327623,3.673313,-7.366830,6.058082,3.225906,-0.628078,-2.720211,-7.443567,3.319837,-2.470654,-6.120516
908.000000,-2.113953,-1.179042,0.098496,1.202877,0.545041,0.585130,0.567473,0.611949,0.504574,0.473508,-4.077250,2.676406,-0.632636,-3.328077,3.674278,-7.368208,6.059563,3.227467,-0.627028,-2.721035,-7.445220,3.320390,-2.471526,-6.122258
909.000000,-2.115486,-1.179198,0.098469,1.203519,0.545234,0.585260,0.567928,0.611849,0.504655,0.473703,-4.078005,2.676756,-0.632920,-3.328530,3.675242,-7.369584,6.061043,3.229025,-0.625978,-2.721857,-7.446871,3.320943,-2.472397,-6.123997
910.000000,-2.117019,-1.179354,0.098442,1.204160,0.545426,0.585390,0.568383,0.611750,0.504736,0.473899,-4.078759,2.677107,-0.633204,-3.328982,3.676204,-7.370957,6.062521,3.230582,-0.624928,-2.722678,-7.448519,3.321495,-2.473266,-6.125733
911.000000,-2.118550,-1.179510,0.098415,1.204802,0.545618,0.585519,0.568838,0.611651,0.504818,0.474094,-4.079512,2.677458,-0.633488,-3.329434,3.677165,-7.372329,6.063996,3.232137,-0.623877,-2.723497,-7.450165,3.322047,-2.474135,-6.127468
912.000000,-2.120081,-1.179666,0.098389,1.205443,0.545809,0.585649,0.569291,0.611552,0.504899,0.474289,-4.080264,2.677810,-0.633771,-3.329884,3.678124,-7.373699,6.065469,3.233690,-0.622826,-2.724315,-7.451809,3.322598,-2.475003,-6.129200
913.000000,-2.121611,-1.179822,0.098362,1.206084,0.546000,0.585778,0.569745,0.611454,0.504981,0.474483,-4.081016,2.678163,-0.634054,-3.330334,3.679082,-7.375067,6.066940,3.235241,-0.621774,-2.725131,-7.453450,3.323148,-2.475870,-6.130930
914.000000,-2.123141,-1.179978,0.098335,1.206725,0.546191,0.585907,0.570197,0.611356,0.505062,0.474678,-4.081767,2.678516,-0.634337,-3.330782,3.680038,-7.376432,6.068409,3.236790,-0.620723,-2.725946,-7.455090,3.323697,-2.476736,-6.132658
915.000000,-2.124669,-1.180133,0.098309,1.207365,0.546381,0.586035,0.570649,0.611258,0.505143,0.474872,-4.082517,2.678870,-0.634620,-3.331230,3.680993,-7.377796,6.069876,3.238337,-0.619671,-2.726759,-7.456727,3.324246,-2.477602,-6.134384
916.000000,-2.126197,-1.180289,0.098283,1.208006,0.546571,0.586163,0.571101,0.611160,0.505224,0.475066,-4.083266,2.679224,-0.634902,-3.331677,3.681947,-7.379158,6.071341,3.239881,-0.618619,-2.727571,-7.458362,3.324794,-2.478466,-6.136107
917.000000,-2.127723,-1.180444,0.098257,1.208646,0.546760,0.586291,0.571552,0.611063,0.505305,0.475260,-4.084014,2.679579,-0.635185,-3.332124,3.682899,-7.380518,6.072804,3.241424,-0.617566,-2.728381,-7.459994,3.325342,-2.479330,-6.137828
918.000000,-2.129249,-1.180599,0.098231,1.209286,0.546949,0.586419,0.572002,0.610966,0.505387,0.475454,-4.084762,2.679935,-0.635467,-3.332569,3.683850,-7.381876,6.074265,3.242965,-0.616513,-2.729190,-7.461624,3.325888,-2.480192,-6.139547
919.000000,-2.130774,-1.180754,0.098205,1.209926,0.547137,0.586547,0.572452,0.610869,0.505468,0.475647,-4.085508,2.680291,-0.635748,-3.333014,3.684799,-7.383232,6.075723,3.244504,-0.615460,-2.729998,-7.463253,3.326434,-2.481054,-6.141264
920.000000,-2.132299,-1.180909,0.098180,1.210566,0.547325,0.586674,0.572901,0.610772,0.505549,0.475840,-4.086254,2.680648,-0.636030,-3.333458,3.685747,-7.384587,6.077180,3.246041,-0.614407,-2.730804,-7.464878,3.326980,-2.481915,-6.142979
921.000000,-2.133822,-1.181064,0.098154,1.211206,0.547513,0.586801,0.573349,0.610676,0.505630,0.476033,-4.086999,2.681005,-0.636311,-3.333901,3.686693,-7.385939,6.078635,3.247576,-0.613354,-2.731608,-7.466502,3.327525,-2.482775,-6.144691
922.000000,-2.135345,-1.181219,0.098129,1.211845,0.547700,0.586928,0.573797,0.610580,0.505710,0.476226,-4.087744,2.681363,-0.636592,-3.334343,3.687638,-7.387289,6.080087,3.249109,-0.612300,-2.732411,-7.468124,3.328069,-2.483635,-6.146402
923.000000,-2.136866,-1.181373,0.098104,1.212484,0.547887,0.587055,0.574245,0.610485,0.505791,0.476419,-4.088487,2.681722,-0.636873,-3.334784,3.688582,-7.388638,6.081537,3.250640,-0.611246,-2.733213,-7.469743,3.328612,-2.484493,-6.148110
924.000000,-2.138387,-1.181528,0.098079,1.213123,0.548073,0.587181,0.574691,0.610389,0.505872,0.476611,-4.089230,2.682081,-0.637154,-3.335225,3.689524,-7.389984,6.082986,3.252169,-0.610191,-2.734013,-7.471360,3.329155,-2.485350,-6.149816
925.000000,-2.139907,-1.181682,0.098054,1.213762,0.548259,0.587307,0.575138,0.610294,0.505953,0.476803,-4.089972,2.682440,-0.637434,-3.335665,3.690465,-7.391329,6.084432,3.253697,-0.609137,-2.734812,-7.472975,3.329697,-2.486207,-6.151520
926.000000,-2.141427,-1.181836,0.098029,1.214401,0.548444,0.587433,0.575583,0.610200,0.506034,0.476995,-4.090713,2.682801,-0.637714,-3.336103,3.691404,-7.392672,6.085876,3.255222,-0.608082,-2.735609,-7.474587,3.330238,-2.487063,-6.153221
927.000000,-2.142945,-1.181990,0.098004,1.215039,0.548629,0.587559,0.576028,0.610105,0.506114,0.477187,-4.091454,2.683161,-0.637994,-3.336542,3.692342,-7.394013,6.087318,3.256745,-0.607027,-2.736405,-7.476198,3.330779,-2.487918,-6.154921
928.000000,-2.144463,-1.182144,0.097980,1.215677,0.548813,0.587684,0.576473,0.610011,0.506195,0.477378,-4.092193,2.683523,-0.638274,-3.336979,3.693278,-7.395352,6.088759,3.258266,-0.605972,-2.737199,-7.477806,3.331319,-2.488772,-6.156618
929.000000,-2.145980,-1.182297,0.097955,1.216315,0.548998,0.587809,0.576916,0.609917,0.506275,0.477569,-4.092932,2.683885,-0.638553,-3.337415,3.694214,-7.396689,6.090197,3.259786,-0.604917,-2.737992,-7.479412,3.331858,-2.489625,-6.158314
930.000000,-2.147496,-1.182451,0.097931,1.216953,0.549181,0.587934,0.577360,0.609823,0.506356,0.477761,-4.093670,2.684247,-0.638832,-3.337851,3.695147,-7.398024,6.091633,3.261303,-0.603861,-2.738784,-7.481016,3.332397,-2.490477,-6.160007
931.000000,-2.149011,-1.182604,0.097907,1.217591,0.549364,0.588059,0.577802,0.609730,0.506436,0.477951,-4.094407,2.684610,-0.639111,-3.338286,3.696079,-7.399357,6.093067,3.262819,-0.602805,-2.739574,-7.482618,3.332935,-2.491329,-6.161698
932.000000,-2.150525,-1.182757,0.097883,1.218229,0.549547,0.588183,0.578245,0.609637,0.506517,0.478142,-4.095144,2.684974,-0.639390,-3.338720,3.697010,-7.400689,6.094499,3.264332,-0.601749,-2.740362,-7.484218,3.333473,-2.492180,-6.163387
933.000000,-2.152038,-1.182910,0.097859,1.218866,0.549730,0.588307,0.578686,0.609544,0.506597,0.478333,-4.095880,2.685338,-0.639668,-3.339154,3.697940,-7.402018,6.095929,3.265844,-0.600692,-2.741150,-7.485815,3.334009,-2.493029,-6.165073
934.000000,-2.153551,-1.183063,0.097836,1.219503,0.549912,0.588431,0.579127,0.609451,0.506678,0.478523,-4.096615,2.685703,-0.639946,-3.339586,3.698868,-7.403346,6.097357,3.267354,-0.599636,-2.741935,-7.487411,3.334546,-2.493878,-6.166758
935.000000,-2.155063,-1.183216,0.097812,1.220140,0.550093,0.588555,0.579567,0.609359,0.506758,0.478713,-4.097349,2.686069,-0.640224,-3.340018,3.699794,-7.404672,6.098783,3.268862,-0.598579,-2.742720,-7.489004,3.335081,-2.494727,-6.168441
936.000000,-2.156574,-1.183369,0.097789,1.220777,0.550274,0.588679,0.580007,0.609267,0.506838,0.478903,-4.098083,2.686435,-0.640502,-3.340449,3.700720,-7.405996,6.100207,3.270368,-0.597522,-2.743503,-7.490595,3.335616,-2.495574,-6.170121
937.000000,-2.158084,-1.183521,0.097766,1.221413,0.550455,0.588802,0.580446,0.609175,0.506918,0.479092,-4.098815,2.686801,-0.640780,-3.340879,3.701643,-7.407318,6.101629,3.271872,-0.596465,-2.744284,-7.492184,3.336150,-2.496420,-6.171800
938.000000,-2.159593,-1.183673,0.097743,1.222050,0.550635,0.588925,0.580885,0.609084,0.506998,0.479282,-4.099547,2.687168,-0.641057,-3.341308,3.702566,-7.408639,6.103049,3.273374,-0.595407,-2.745065,-7.493771,3.336684,-2.497266,-6.173476
939.000000,-2.161102,-1.183826,0.097720,1.222686,0.550815,0.589048,0.581323,0.608992,0.507078,0.479471,-4.100279,2.687536,-0.641334,-3.341737,3.703487,-7.409957,6.104467,3.274874,-0.594350,-2.745843,-7.495356,3.337217,-2.498111,-6.175150
940.000000,-2.162609,-1.183977,0.097697,1.223322,0.550995,0.589171,0.581760,0.608901,0.507158,0.479660,-4.101009,2.687904,-0.641611,-3.342165,3.704406,-7.411274,6.105884,3.276373,-0.593292,-2.746621,-7.496938,3.337749,-2.498954,-6.176822
941.000000,-2.164116,-1.184129,0.097674,1.223958,0.551174,0.589293,0.582197,0.608811,0.507238,0.479849,-4.101739,2.688273,-0.641887,-3.342592,3.705325,-7.412589,6.107298,3.277869,-0.592234,-2.747397,-7.498519,3.338281,-2.499798,-6.178492
942.000000,-2.165622,-1.184281,0.097652,1.224594,0.551352,0.589415,0.582633,0.608720,0.507318,0.480037,-4.102468,2.688643,-0.642164,-3.343018,3.706241,-7.413902,6.108710,3.279364,-0.591175,-2.748171,-7.500097,3.338812,-2.500640,-6.180160
943.000000,-2.167127,-1.184433,0.097629,1.225229,0.551530,0.589537,0.583069,0.608630,0.507398,0.480226,-4.103196,2.689013,-0.642440,-3.343444,3.707157,-7.415213,6.110120,3.280857,-0.590117,-2.748944,-7.501673,3.339342,-2.501481,-6.181826
944.000000,-2.168631,-1.184584,0.097607,1.225865,0.551708,0.589659,0.583504,0.608540,0.507478,0.480414,-4.103924,2.689383,-0.642716,-3.343869,3.708071,-7.416523,6.111528,3.282347,-0.589058,-2.749716,-7.503248,3.339872,-2.502322,-6.183490
945.000000,-2.170135,-1.184735,0.097585,1.226500,0.551886,0.589780,0.583938,0.608451,0.507558,0.480602,-4.104651,2.689754,-0.642991,-3.344293,3.708984,-7.417831,6.112935,3.283836,-0.587999,-2.750486,-7.504820,3.340401,-2.503162,-6.185152
946.000000,-2.171637,-1.184886,0.097563,1.227135,0.552062,0.589902,0.584372,0.608361,0.507638,0.480789,-4.105377,2.690126,-0.643267,-3.344716,3.709895,-7.419136,6.114339,3.285324,-0.586940,-2.751255,-7.506390,3.340930,-2.504000,-6.186812
947.000000,-2.173139,-1.185037,0.097541,1.227769,0.552239,0.590023,0.584806,0.608272,0.507717,0.480977,-4.106102,2.690498,-0.643542,-3.345138,3.710805,-7.420440,6.115741,3.286809,-0.585881,-2.752023,-7.507958,3.341458,-2.504839,-6.188470
948.000000,-2.174640,-1.185188,0.097519,1.228404,0.552415,0.590143,0.585238,0.608183,0.507797,0.481164,-4.106827,2.690871,-0.643817,-3.345560,3.711713,-7.421743,6.117142,3.288292,-0.584822,-2.752789,-7.509524,3.341985,-2.505676,-6.190126
949.000000,-2.176140,-1.185338,0.097498,1.229038,0.552591,0.590264,0.585670,0.608095,0.507877,0.481351,-4.107551,2.691245,-0.644092,-3.345981,3.712620,-7.423043,6.118540,3.289774,-0.583762,-2.753554,-7.511088,3.342512,-2.506512,-6.191779
950.000000,-2.177639,-1.185489,0.097476,1.229673,0.552766,0.590384,0.586102,0.608006,0.507956,0.481538,-4.108274,2.691619,-0.644366,-3.346401,3.713526,-7.424342,6.119937,3.291253,-0.582702,-2.754318,-7.512650,3.343038,-2.507348,-6.193431
951.000000,-2.179137,-1.185639,0.097455,1.230307,0.552941,0.590505,0.586533,0.607918,0.508036,0.481725,-4.108996,2.691993,-0.644641,-3.346821,3.714430,-7.425639,6.121331,3.292731,-0.581642,-2.755080,-7.514209,3.343564,-2.508183,-6.195081
952.000000,-2.180635,-1.185789,0.097434,1.230941,0.553115,0.590625,0.586963,0.607830,0.508115,0.481912,-4.109718,2.692368,-0.644915,-3.347240,3.715333,-7.426934,6.122724,3.294207,-0.580582,-2.755841,-7.515767,3.344088,-2.509017,-6.196728
953.000000,-2.182131,-1.185939,0.097413,1.231574,0.553289,0.590744,0.587393,0.607743,0.508194,0.482098,-4.110439,2.692744,-0.645189,-3.347658,3.716235,-7.428227,6.124115,3.295681,-0.579522,-2.756600,-7.517323,3.344613,-2.509850,-6.198374
954.000000,-2.183627,-1.186089,0.097392,1.232208,0.553463,0.590864,0.587822,0.607656,0.508274,0.482284,-4.111160,2.693120,-0.645462,-3.348075,3.717135,-7.429519,6.125504,3.297154,-0.578461,-2.757358,-7.518876,3.345136,-2.510682,-6.200018
955.000000,-2.185122,-1.186238,0.097371,1.232841,0.553636,0.590983,0.588251,0.607568,0.508353,0.482470,-4.111879,2.693497,-0.645736,-3.348491,3.718034,-7.430809,6.126891,3.298624,-0.577400,-2.758115,-7.520428,3.345659,-2.511514,-6.201660
956.000000,-2.186616,-1.186388,0.097351,1.233474,0.553809,0.591102,0.588679,0.607482,0.508432,0.482655,-4.112598,2.693874,-0.646009,-3.348907,3.718932,-7.432097,6.128276,3.300093,-0.576340,-2.758870,-7.521978,3.346182,-2.512344,-6.203299
957.000000,-2.188109,-1.186537,0.097330,1.234107,0.553982,0.591221,0.589106,0.607395,0.508511,0.482841,-4.113316,2.694252,-0.646282,-3.349322,3.719828,-7.433383,6.129659,3.301560,-0.575279,-2.759624,-7.523525,3.346704,-2.513174,-6.204937
958.000000,-2.189602,-1.186686,0.097310,1.234740,0.554154,0.591340,0.589533,0.607309,0.508591,0.483026,-4.114034,2.694631,-0.646554,-3.349736,3.720722,-7.434667,6.131040,3.303025,-0.574217,-2.760377,-7.525071,3.347225,-2.514003,-6.206573
959.000000,-2.191093,-1.186835,0.097290,1.235373,0.554325,0.591458,0.589959,0.607223,0.508670,0.483211,-4.114751,2.695010,-0.646827,-3.350150,3.721616,-7.435950,6.132420,3.304488,-0.573156,-2.761128,-7.526614,3.347745,-2.514831,-6.208206
960.000000,-2.192584,-1.186983,0.097270,1.236005,0.554496,0.591576,0.590385,0.607137,0.508749,0.483396,-4.115467,2.695389,-0.647099,-3.350563,3.722508,-7.437231,6.133797,3.305949,-0.572094,-2.761878,-7.528156,3.348266,-2.515659,-6.209838
961.000000,-2.194074,-1.187132,0.097250,1.236637,0.554667,0.591694,0.590810,0.607051,0.508828,0.483581,-4.116182,2.695769,-0.647371,-3.350975,3.723398,-7.438511,6.135173,3.307409,-0.571033,-2.762626,-7.529695,3.348785,-2.516485,-6.211468
962.000000,-2.195563,-1.187280,0.097230,1.237270,0.554837,0.591812,0.591234,0.606966,0.508907,0.483765,-4.116897,2.696150,-0.647643,-3.351386,3.724288,-7.439788,6.136546,3.308866,-0.569971,-2.763374,-7.531233,3.349304,-2.517311,-6.213096
963.000000,-2.197051,-1.187428,0.097210,1.237901,0.555007,0.591930,0.591658,0.606881,0.508985,0.483949,-4.117611,2.696531,-0.647915,-3.351797,3.725176,-7.441064,6.137918,3.310322,-0.568909,-2.764120,-7.532768,3.349822,-2.518136,-6.214722
964.000000,-2.198539,-1.187576,0.097191,1.238533,0.555177,0.592047,0.592081,0.606796,0.509064,0.484133,-4.118325,2.696913,-0.648186,-3.352207,3.726062,-7.442338,6.139288,3.311777,-0.567847,-2.764864,-7.534302,3.350340,-2.518961,-6.216346
965.000000,-2.200025,-1.187724,0.097171,1.239165,0.555346,0.592164,0.592504,0.606712,0.509143,0.484317,-4.119037,2.697296,-0.648457,-3.352616,3.726947,-7.443611,6.140656,3.313229,-0.566785,-2.765607,-7.535833,3.350857,-2.519784,-6.217968
966.000000,-2.201511,-1.187872,0.097152,1.239796,0.555515,0.592281,0.592926,0.606628,0.509222,0.484501,-4.119750,2.697679,-0.648728,-3.353024,3.727831,-7.444881,6.142022,3.314679,-0.565722,-2.766349,-7.537363,3.351373,-2.520607,-6.219588
967.000000,-2.202996,-1.188019,0.097133,1.240427,0.555683,0.592398,0.593348,0.606543,0.509300,0.484684,-4.120461,2.698062,-0.648999,-3.353432,3.728714,-7.446150,6.143387,3.316128,-0.564660,-2.767090,-7.538891,3.351889,-2.521428,-6.221206
968.000000,-2.204480,-1.188167,0.097114,1.241058,0.555851,0.592514,0.593769,0.606460,0.509379,0.484868,-4.121172,2.698446,-0.649269,-3.353839,3.729595,-7.447418,6.144749,3.317575,-0.563597,-2.767829,-7.540416,3.352404,-2.522249,-6.222822
969.000000,-2.205963,-1.188314,0.097095,1.241689,0.556019,0.592631,0.594189,0.606376,0.509458,0.485051,-4.121882,2.698831,-0.649540,-3.354245,3.730475,-7.448683,6.146110,3.319020,-0.562534,-2.768567,-7.541940,3.352919,-2.523070,-6.224437
970.000000,-2.207445,-1.188461,0.097076,1.242320,0.556186,0.592747,0.594609,0.606293,0.509536,0.485233,-4.122591,2.699216,-0.649810,-3.354651,3.731353,-7.449947,6.147469,3.320464,-0.561471,-2.769304,-7.543462,3.353433,-2.523889,-6.226049
971.000000,-2.208926,-1.188608,0.097058,1.242950,0.556353,0.592863,0.595028,0.606210,0.509614,0.485416,-4.123300,2.699602,-0.650079,-3.355056,3.732230,-7.451209,6.148826,3.321905,-0.560408,-2.770039,-7.544982,3.353947,-2.524708,-6.227659
972.000000,-2.210407,-1.188754,0.097039,1.243581,0.556519,0.592978,0.595447,0.606127,0.509693,0.485598,-4.124008,2.699988,-0.650349,-3.355460,3.733106,-7.452470,6.150181,3.323345,-0.559345,-2.770773,-7.546499,3.354460,-2.525525,-6.229268
973.000000,-2.211887,-1.188900,0.097021,1.244211,0.556685,0.593094,0.595865,0.606044,0.509771,0.485781,-4.124715,2.700375,-0.650618,-3.355863,3.733980,-7.453728,6.151534,3.324783,-0.558281,-2.771506,-7.548015,3.354972,-2.526342,-6.230875
974.000000,-2.213366,-1.189047,0.097003,1.244841,0.556851,0.593209,0.596282,0.605962,0.509850,0.485963,-4.125422,2.700762,-0.650888,-3.356266,3.734854,-7.454986,6.152885,3.326220,-0.557218,-2.772238,-7.549529,3.355484,-2.527159,-6.232479
975.000000,-2.214844,-1.189193,0.096985,1.245470,0.557016,0.593324,0.596699,0.605880,0.509928,0.486144,-4.126128,2.701150,-0.651157,-3.356668,3.735725,-7.456241,6.154235,3.327654,-0.556154,-2.772968,-7.551041,3.355995,-2.527974,-6.234082
976.000000,-2.216321,-1.189339,0.096967,1.246100,0.557180,0.593439,0.597115,0.605798,0.510006,0.486326,-4.126833,2.701538,-0.651425,-3.357070,3.736596,-7.457495,6.155583,3.329087,-0.555090,-2.773697,-7.552552,3.356506,-2.528789,-6.235683
977.000000,-2.217797,-1.189484,0.096949,1.246729,0.557345,0.593554,0.597531,0.605716,0.510084,0.486507,-4.127538,2.701927,-0.651694,-3.357470,3.737465,-7.458747,6.156929,3.330518,-0.554026,-2.774424,-7.554060,3.357016,-2.529603,-6.237282
978.000000,-2.219273,-1.189630,0.096931,1.247359,0.557509,0.593668,0.597946,0.605635,0.510162,0.486689,-4.128242,2.702317,-0.651962,-3.357870,3.738332,-7.459997,6.158273,3.331948,-0.552962,-2.775151,-7.555566,3.357526,-2.530416,-6.238879
979.000000,-2.220747,-1.189775,0.096914,1.247988,0.557672,0.593782,0.598361,0.605554,0.510240,0.486870,-4.128945,2.702707,-0.652230,-3.358269,3.739199,-7.461246,6.159615,3.333375,-0.551898,-2.775876,-7.557070,3.358035,-2.531228,-6.240474
980.000000,-2.222221,-1.189920,0.096896,1.248616,0.557836,0.593896,0.598774,0.605473,0.510318,0.487050,-4.129648,2.703098,-0.652498,-3.358668,3.740064,-7.462493,6.160955,3.334801,-0.550834,-2.776599,-7.558573,3.358543,-2.532040,-6.242068
981.000000,-2.223694,-1.190065,0.096879,1.249245,0.557998,0.594010,0.599188,0.605392,0.510396,0.487231,-4.130350,2.703489,-0.652766,-3.359066,3.740928,-7.463738,6.162294,3.336225,-0.549769,-2.777322,-7.560073,3.359051,-2.532850,-6.243659
982.000000,-2.225166,-1.190210,0.096862,1.249874,0.558161,0.594124,0.599601,0.605311,0.510474,0.487411,-4.131051,2.703881,-0.653033,-3.359463,3.741790,-7.464982,6.163631,3.337648,-0.548705,-2.778043,-7.561572,3.359558,-2.533660,-6.245249
983.000000,-2.226637,-1.190354,0.096845,1.250502,0.558323,0.594237,0.600013,0.605231,0.510552,0.487592,-4.131752,2.704273,-0.653300,-3.359860,3.742651,-7.466224,6.164966,3.339068,-0.547640,-2.778763,-7.563069,3.360065,-2.534470,-6.246837
984.000000,-2.228108,-1.190498,0.096828,1.251130,0.558484,0.594351,0.600424,0.605151,0.510630,0.487772,-4.132452,2.704666,-0.653567,-3.360255,3.743511,-7.467465,6.166299,3.340487,-0.546576,-2.779481,-7.564564,3.360571,-2.535278,-6.248423
985.000000,-2.229577,-1.190642,0.096811,1.251758,0.558646,0.594464,0.600835,0.605071,0.510707,0.487951,-4.133152,2.705059,-0.653834,-3.360651,3.744369,-7.468704,6.167631,3.341904,-0.545511,-2.780199,-7.566057,3.361077,-2.536086,-6.250007
986.000000,-2.231046,-1.190786,0.096795,1.252386,0.558807,0.594577,0.601246,0.604992,0.510785,0.488131,-4.133851,2.705453,-0.654101,-3.361045,3.745226,-7.469941,6.168961,3.343320,-0.544446,-2.780915,-7.567548,3.361582,-2.536892,-6.251589
987.000000,-2.232514,-1.190930,0.096778,1.253014,0.558967,0.594689,0.601656,0.604912,0.510862,0.488310,-4.134549,2.705848,-0.654367,-3.361439,3.746082,-7.471176,6.170289,3.344734,-0.543381,-2.781630,-7.569037,3.362087,-2.537699,-6.253170
988.000000,-2.233981,-1.191074,0.096762,1.253641,0.559127,0.594802,0.602065,0.604833,0.510940,0.488490,-4.135247,2.706243,-0.654633,-3.361832,3.746937,-7.472410,6.171615,3.346146,-0.542316,-2.782343,-7.570524,3.362591,-2.538504,-6.254748
989.000000,-2.235447,-1.191217,0.096746,1.254268,0.559287,0.594914,0.602474,0.604754,0.511018,0.488669,-4.135944,2.706638,-0.654899,-3.362224,3.747790,-7.473643,6.172939,3.347556,-0.541250,-2.783055,-7.572010,3.363094,-2.539308,-6.256325
990.000000,-2.236912,-1.191360,0.096730,1.254895,0.559446,0.595026,0.602882,0.604676,0.511095,0.488847,-4.136640,2.707034,-0.655165,-3.362616,3.748641,-7.474873,6.174262,3.348965,-0.540185,-2.783766,-7.573493,3.363597,-2.540112,-6.257900
991.000000,-2.238377,-1.191503,0.096714,1.255522,0.559605,0.595138,0.603289,0.604597,0.511172,0.489026,-4.137336,2.707431,-0.655430,-3.363007,3.749492,-7.476102,6.175583,3.350372,-0.539120,-2.784476,-7.574975,3.364099,-2.540915,-6.259473
992.000000,-2.239841,-1.191646,0.096698,1.256149,0.559763,0.595250,0.603696,0.604519,0.511250,0.489205,-4.138031,2.707828,-0.655696,-3.363398,3.750341,-7.477330,6.176902,3.351777,-0.538054,-2.785185,-7.576455,3.364601,-2.541717,-6.261044
993.000000,-2.241303,-1.191788,0.096682,1.256776,0.559922,0.595361,0.604103,0.604441,0.511327,0.489383,-4.138726,2.708226,-0.655961,-3.363787,3.751189,-7.478556,6.178219,3.353180,-0.536988,-2.785892,-7.577933,3.365102,-2.542519,-6.262614
994.000000,-2.242765,-1.191931,0.096667,1.257402,0.560079,0.595473,0.604508,0.604363,0.511404,0.489561,-4.139420,2.708624,-0.656226,-3.364177,3.752036,-7.479780,6.179535,3.354582,-0.535923,-2.786598,-7.579409,3.365603,-2.543320,-6.264182
995.000000,-2.244226,-1.192073,0.096651,1.258028,0.560237,0.595584,0.604914,0.604286,0.511481,0.489739,-4.140113,2.709023,-0.656490,-3.364565,3.752881,-7.481003,6.180848,3.355982,-0.534857,-2.787303,-7.580884,3.366103,-2.544120,-6.265747
996.000000,-2.245687,-1.192215,0.096636,1.258654,0.560394,0.595695,0.605318,0.604209,0.511558,0.489916,-4.140805,2.709422,-0.656755,-3.364953,3.753725,-7.482224,6.182160,3.357381,-0.533791,-2.788006,-7.582356,3.366603,-2.544919,-6.267312
997.000000,-2.247146,-1.192356,0.096621,1.259280,0.560550,0.595805,0.605722,0.604131,0.511635,0.490094,-4.141498,2.709822,-0.657019,-3.365340,3.754567,-7.483443,6.183471,3.358778,-0.532725,-2.788709,-7.583827,3.367102,-2.545717,-6.268874
998.000000,-2.248605,-1.192498,0.096606,1.259906,0.560707,0.595916,0.606126,0.604055,0.511712,0.490271,-4.142189,2.710222,-0.657283,-3.365726,3.755409,-7.484661,6.184779,3.360173,-0.531659,-2.789410,-7.585296,3.367600,-2.546515,-6.270434
999.000000,-2.250062,-1.192639,0.096591,1.260531,0.560862,0.596026,0.606529,0.603978,0.511789,0.490448,-4.142880,2.710623,-0.657547,-3.366112,3.756249,-7.485877,6.186086,3.361566,-0.530593,-2.790110,-7.586763,3.368098,-2.547312,-6.271993
1000.000000,-2.251519,-1.192780,0.096576,1.261157,0.561018,0.596137,0.606931,0.603901,0.511866,0.490625,-4.143570,2.711024,-0.657810,-3.366497,3.757088,-7.487092,6.187391,3.362958,-0.529527,-2.790808,-7.588228,3.368596,-2.548108,-6.273550
